{
  "type": "object",
  "properties": {
    "disableOnboarding": {
      "title": "Disable onboarding process",
      "description": "Automatically enables the extension without showing the onboarding process",
      "type": "boolean"
    },

    "disableUserControl": {
      "title": "Disable user control",
      "description": "Prevents access to the settings page and hides UI elements that allow the user to interact with the extension",
      "type": "boolean"
    },

    "disableUserAccount": {
      "title": "Disable user account",
      "description": "Prevents the user from creating an account or logging in",
      "type": "boolean"
    },

    "disableTrackersPreview": {
      "title": "Disable trackers preview",
      "description": "Prevents the user from viewing the trackers wheel on SERPs",
      "type": "boolean"
    },

    "trustedDomains": {
      "title": "Trusted domains",
      "description": "Defines a list of domains that are trusted by default",
      "type": "array",
      "items": {
        "type": "string"
      }
    }
  }
}
