[
  {
    "id": 1,
    "action": {
      "type": "modifyHeaders",
      "responseHeaders": [
        {
          "operation": "append",
          "header": "Content-Security-Policy",
          "value": "script-src data: blob: * 'self' 'unsafe-inline'"
        }
      ]
    },
    "condition": {
      "urlFilter": "||baomoi.com",
      "resourceTypes": [
        "main_frame",
        "sub_frame",
        "stylesheet",
        "script",
        "image",
        "font",
        "object",
        "xmlhttprequest",
        "ping",
        "media",
        "websocket",
        "other"
      ]
    },
    "priority": 1
  },
  {
    "id": 2,
    "action": {
      "type": "modifyHeaders",
      "responseHeaders": [
        {
          "operation": "append",
          "header": "Content-Security-Policy",
          "value": "script-src data: 'self' 'unsafe-inline' http: https:"
        }
      ]
    },
    "condition": {
      "urlFilter": "||huongdanjava.com",
      "resourceTypes": [
        "main_frame",
        "sub_frame",
        "stylesheet",
        "script",
        "image",
        "font",
        "object",
        "xmlhttprequest",
        "ping",
        "media",
        "websocket",
        "other"
      ]
    },
    "priority": 1
  },
  {
    "id": 3,
    "action": {
      "type": "modifyHeaders",
      "responseHeaders": [
        {
          "operation": "append",
          "header": "Content-Security-Policy",
          "value": "script-src 'self' 'unsafe-inline' data: https:"
        }
      ]
    },
    "condition": {
      "urlFilter": "||taoanhdep.com",
      "resourceTypes": [
        "main_frame",
        "sub_frame",
        "stylesheet",
        "script",
        "image",
        "font",
        "object",
        "xmlhttprequest",
        "ping",
        "media",
        "websocket",
        "other"
      ]
    },
    "priority": 1
  },
  {
    "id": 4,
    "action": {
      "type": "modifyHeaders",
      "responseHeaders": [
        {
          "operation": "append",
          "header": "Content-Security-Policy",
          "value": "script-src self * data:* 'unsafe-inline'"
        }
      ]
    },
    "condition": {
      "urlFilter": "||ungtycomicseo.com",
      "resourceTypes": [
        "main_frame",
        "sub_frame",
        "stylesheet",
        "script",
        "image",
        "font",
        "object",
        "xmlhttprequest",
        "ping",
        "media",
        "websocket",
        "other"
      ]
    },
    "priority": 1
  },
  {
    "id": 5,
    "action": {
      "type": "modifyHeaders",
      "responseHeaders": [
        {
          "operation": "append",
          "header": "Content-Security-Policy",
          "value": "script-src 'self' 'unsafe-inline' http: https:"
        }
      ]
    },
    "condition": {
      "urlFilter": "||www.iosviet.com^",
      "resourceTypes": [
        "main_frame",
        "sub_frame",
        "stylesheet",
        "script",
        "image",
        "font",
        "object",
        "xmlhttprequest",
        "ping",
        "media",
        "websocket",
        "other"
      ]
    },
    "priority": 1
  },
  {
    "id": 6,
    "action": {
      "type": "modifyHeaders",
      "responseHeaders": [
        {
          "operation": "append",
          "header": "Content-Security-Policy",
          "value": "script-src 'self' 'unsafe-inline'"
        }
      ]
    },
    "condition": {
      "urlFilter": "||cliphot69.shop",
      "resourceTypes": [
        "main_frame",
        "sub_frame",
        "stylesheet",
        "script",
        "image",
        "font",
        "object",
        "xmlhttprequest",
        "ping",
        "media",
        "websocket",
        "other"
      ]
    },
    "priority": 1
  },
  {
    "id": 7,
    "action": {
      "type": "modifyHeaders",
      "responseHeaders": [
        {
          "operation": "append",
          "header": "Content-Security-Policy",
          "value": "script-src 'self' 'unsafe-inline' http"
        }
      ]
    },
    "condition": {
      "urlFilter": "||mangadm.cc",
      "resourceTypes": [
        "main_frame",
        "sub_frame",
        "stylesheet",
        "script",
        "image",
        "font",
        "object",
        "xmlhttprequest",
        "ping",
        "media",
        "websocket",
        "other"
      ]
    },
    "priority": 1
  },
  {
    "id": 8,
    "action": {
      "type": "modifyHeaders",
      "responseHeaders": [
        {
          "operation": "append",
          "header": "Content-Security-Policy",
          "value": "script-src 'self' 'unsafe-eval'"
        }
      ]
    },
    "condition": {
      "urlFilter": "||sexdiaryx.to",
      "resourceTypes": [
        "main_frame",
        "sub_frame",
        "stylesheet",
        "script",
        "image",
        "font",
        "object",
        "xmlhttprequest",
        "ping",
        "media",
        "websocket",
        "other"
      ]
    },
    "priority": 1
  },
  {
    "id": 9,
    "action": {
      "type": "block"
    },
    "condition": {
      "urlFilter": ".com/cpc/",
      "resourceTypes": [
        "script"
      ]
    },
    "priority": 101
  },
  {
    "id": 10,
    "action": {
      "type": "block"
    },
    "condition": {
      "urlFilter": ".com/qc/"
    },
    "priority": 1
  },
  {
    "id": 11,
    "action": {
      "type": "block"
    },
    "condition": {
      "urlFilter": ".net/ads/",
      "excludedInitiatorDomains": [
        "linkneverdie.net"
      ]
    },
    "priority": 2
  },
  {
    "id": 12,
    "action": {
      "type": "block"
    },
    "condition": {
      "urlFilter": ".net/cpf/",
      "resourceTypes": [
        "script"
      ]
    },
    "priority": 101
  },
  {
    "id": 13,
    "action": {
      "type": "block"
    },
    "condition": {
      "urlFilter": ".tv/ads/",
      "resourceTypes": [
        "sub_frame",
        "script",
        "image"
      ]
    },
    "priority": 68
  },
  {
    "id": 14,
    "action": {
      "type": "block"
    },
    "condition": {
      "urlFilter": ".vn/ad/"
    },
    "priority": 1
  },
  {
    "id": 15,
    "action": {
      "type": "block"
    },
    "condition": {
      "urlFilter": ".vn/c3s-ad/",
      "resourceTypes": [
        "xmlhttprequest"
      ]
    },
    "priority": 101
  },
  {
    "id": 16,
    "action": {
      "type": "block"
    },
    "condition": {
      "urlFilter": ".vn/qc/"
    },
    "priority": 1
  },
  {
    "id": 17,
    "action": {
      "type": "block"
    },
    "condition": {
      "urlFilter": "/content/js/jwplayer/vast.js",
      "resourceTypes": [
        "script"
      ]
    },
    "priority": 101
  },
  {
    "id": 18,
    "action": {
      "type": "block"
    },
    "condition": {
      "urlFilter": "/_bannerslot.aspx",
      "initiatorDomains": [
        "bongdaso66.net"
      ],
      "resourceTypes": [
        "sub_frame"
      ]
    },
    "priority": 301
  },
  {
    "id": 19,
    "action": {
      "type": "block"
    },
    "condition": {
      "urlFilter": "/aas/r45d/vki/",
      "resourceTypes": [
        "script"
      ]
    },
    "priority": 101
  },
  {
    "id": 20,
    "action": {
      "type": "block"
    },
    "condition": {
      "urlFilter": "/ads/*.gif",
      "excludedInitiatorDomains": [
        "cdn2.kenhvn2.com"
      ]
    },
    "priority": 2
  },
  {
    "id": 21,
    "action": {
      "type": "block"
    },
    "condition": {
      "urlFilter": "/ads/*.webp",
      "resourceTypes": [
        "image"
      ]
    },
    "priority": 101
  },
  {
    "id": 22,
    "action": {
      "type": "block"
    },
    "condition": {
      "urlFilter": "/ads/*.xml",
      "resourceTypes": [
        "xmlhttprequest"
      ]
    },
    "priority": 101
  },
  {
    "id": 23,
    "action": {
      "type": "block"
    },
    "condition": {
      "urlFilter": "/ads/popup_"
    },
    "priority": 1
  },
  {
    "id": 24,
    "action": {
      "type": "block"
    },
    "condition": {
      "urlFilter": "/adv/",
      "initiatorDomains": [
        "bongdaso66.net"
      ],
      "resourceTypes": [
        "image"
      ]
    },
    "priority": 301
  },
  {
    "id": 25,
    "action": {
      "type": "block"
    },
    "condition": {
      "urlFilter": "/banner-ads."
    },
    "priority": 1
  },
  {
    "id": 26,
    "action": {
      "type": "block"
    },
    "condition": {
      "urlFilter": "/banner/*.gif",
      "excludedInitiatorDomains": [
        "marsvenus.vn"
      ]
    },
    "priority": 2
  },
  {
    "id": 27,
    "action": {
      "type": "block"
    },
    "condition": {
      "urlFilter": "/blueserving."
    },
    "priority": 1
  },
  {
    "id": 28,
    "action": {
      "type": "block"
    },
    "condition": {
      "urlFilter": "/cms/arfcc.min.js",
      "domainType": "thirdParty",
      "initiatorDomains": [
        "cafef.vn",
        "gamek.vn",
        "genk.vn",
        "kenh14.vn",
        "soha.vn",
        "tuoitre.vn",
        "afamily.vn",
        "thanhnien.vn"
      ],
      "resourceTypes": [
        "script"
      ]
    },
    "priority": 215
  },
  {
    "id": 29,
    "action": {
      "type": "block"
    },
    "condition": {
      "urlFilter": "/cms/arf-",
      "domainType": "thirdParty",
      "initiatorDomains": [
        "cafef.vn",
        "gamek.vn",
        "genk.vn",
        "kenh14.vn",
        "soha.vn",
        "tuoitre.vn",
        "afamily.vn"
      ],
      "resourceTypes": [
        "script"
      ]
    },
    "priority": 217
  },
  {
    "id": 30,
    "action": {
      "type": "block"
    },
    "condition": {
      "urlFilter": "/core/",
      "initiatorDomains": [
        "gamek.vn",
        "genk.vn",
        "kenh14.vn",
        "cafef.vn",
        "thanhnien.vn"
      ],
      "resourceTypes": [
        "script"
      ]
    },
    "priority": 221
  },
  {
    "id": 31,
    "action": {
      "type": "block"
    },
    "condition": {
      "urlFilter": "/disable-devtool.min.js",
      "resourceTypes": [
        "script"
      ]
    },
    "priority": 101
  },
  {
    "id": 32,
    "action": {
      "type": "block"
    },
    "condition": {
      "urlFilter": "/giadinhonline.vn/files/qc/"
    },
    "priority": 1
  },
  {
    "id": 33,
    "action": {
      "type": "block"
    },
    "condition": {
      "urlFilter": "/i.imgur.com/*.gif",
      "initiatorDomains": [
        "keonhacai55.lat",
        "www.motchill43.com",
        "childluresprevention.com",
        "vebozxn.cc",
        "thenexthope.org",
        "listnhacai88.com",
        "riverrunbookstore.com",
        "mitomzh.cc",
        "rakhoivq.cc"
      ]
    },
    "priority": 113
  },
  {
    "id": 34,
    "action": {
      "type": "block"
    },
    "condition": {
      "urlFilter": "/images/company/21.png",
      "initiatorDomains": [
        "vebozxn.cc",
        "riverrunbookstore.com",
        "childluresprevention.com"
      ],
      "resourceTypes": [
        "image"
      ]
    },
    "priority": 235
  },
  {
    "id": 35,
    "action": {
      "type": "block"
    },
    "condition": {
      "urlFilter": "/js/ads.js",
      "domainType": "firstParty",
      "excludedInitiatorDomains": [
        "vipurl.in"
      ],
      "resourceTypes": [
        "script"
      ]
    },
    "priority": 103
  },
  {
    "id": 36,
    "action": {
      "type": "block"
    },
    "condition": {
      "urlFilter": "/lv/esnk/",
      "resourceTypes": [
        "script"
      ]
    },
    "priority": 101
  },
  {
    "id": 37,
    "action": {
      "type": "block"
    },
    "condition": {
      "urlFilter": "/newchill/*gif",
      "resourceTypes": [
        "image"
      ]
    },
    "priority": 101
  },
  {
    "id": 38,
    "action": {
      "type": "block"
    },
    "condition": {
      "urlFilter": "/plugins/adsmanager/",
      "domainType": "firstParty",
      "resourceTypes": [
        "script"
      ]
    },
    "priority": 102
  },
  {
    "id": 39,
    "action": {
      "type": "block"
    },
    "condition": {
      "urlFilter": "/polyad."
    },
    "priority": 1
  },
  {
    "id": 40,
    "action": {
      "type": "block"
    },
    "condition": {
      "urlFilter": "/pop.js",
      "initiatorDomains": [
        "motchillk.ac"
      ],
      "resourceTypes": [
        "script"
      ]
    },
    "priority": 301
  },
  {
    "id": 41,
    "action": {
      "type": "block"
    },
    "condition": {
      "urlFilter": "/popunder7."
    },
    "priority": 1
  },
  {
    "id": 42,
    "action": {
      "type": "block"
    },
    "condition": {
      "urlFilter": "/qcao/",
      "excludedInitiatorDomains": [
        "thegioididong.com"
      ]
    },
    "priority": 2
  },
  {
    "id": 43,
    "action": {
      "type": "block"
    },
    "condition": {
      "urlFilter": "/quang%20cao/"
    },
    "priority": 1
  },
  {
    "id": 44,
    "action": {
      "type": "block"
    },
    "condition": {
      "urlFilter": "/quang_cao/"
    },
    "priority": 1
  },
  {
    "id": 45,
    "action": {
      "type": "block"
    },
    "condition": {
      "urlFilter": "/quangcao."
    },
    "priority": 1
  },
  {
    "id": 46,
    "action": {
      "type": "block"
    },
    "condition": {
      "urlFilter": "/quangcao/"
    },
    "priority": 1
  },
  {
    "id": 47,
    "action": {
      "type": "block"
    },
    "condition": {
      "urlFilter": "/root/ads/"
    },
    "priority": 1
  },
  {
    "id": 48,
    "action": {
      "type": "block"
    },
    "condition": {
      "urlFilter": "/sbbanner.com"
    },
    "priority": 1
  },
  {
    "id": 49,
    "action": {
      "type": "block"
    },
    "condition": {
      "urlFilter": "/script/oneads.js",
      "domainType": "firstParty",
      "resourceTypes": [
        "script"
      ]
    },
    "priority": 102
  },
  {
    "id": 50,
    "action": {
      "type": "block"
    },
    "condition": {
      "urlFilter": "/siropu/am/core.min.js",
      "resourceTypes": [
        "script"
      ]
    },
    "priority": 101
  },
  {
    "id": 51,
    "action": {
      "type": "block"
    },
    "condition": {
      "urlFilter": "/storage.adpia.vn",
      "resourceTypes": [
        "script",
        "image"
      ]
    },
    "priority": 76
  },
  {
    "id": 52,
    "action": {
      "type": "block"
    },
    "condition": {
      "urlFilter": "/stores/ads_data/"
    },
    "priority": 1
  },
  {
    "id": 53,
    "action": {
      "type": "block"
    },
    "condition": {
      "urlFilter": "/taichinhdoanhnghiep.net.vn/files/qc"
    },
    "priority": 1
  },
  {
    "id": 54,
    "action": {
      "type": "block"
    },
    "condition": {
      "urlFilter": "/tracking_info.gif",
      "initiatorDomains": [
        "cafef.vn",
        "gamek.vn",
        "genk.vn",
        "kenh14.vn",
        "soha.vn",
        "tuoitre.vn",
        "afamily.vn",
        "thanhnien.vn"
      ]
    },
    "priority": 114
  },
  {
    "id": 55,
    "action": {
      "type": "block"
    },
    "condition": {
      "urlFilter": "/v/*/vast.js",
      "excludedInitiatorDomains": [
        "cdn2.kenhvn2.com"
      ],
      "resourceTypes": [
        "script"
      ]
    },
    "priority": 102
  },
  {
    "id": 56,
    "action": {
      "type": "block"
    },
    "condition": {
      "urlFilter": "/vast.js",
      "initiatorDomains": [
        "boctem.com",
        "xemphim.site",
        "phimdacap.tv",
        "player.cloudbeta.win",
        "mn.mediastation.live"
      ],
      "resourceTypes": [
        "script"
      ]
    },
    "priority": 221
  },
  {
    "id": 57,
    "action": {
      "type": "block"
    },
    "condition": {
      "urlFilter": "/videojs.ads.",
      "excludedInitiatorDomains": [
        "danet.vn"
      ]
    },
    "priority": 2
  },
  {
    "id": 58,
    "action": {
      "type": "block"
    },
    "condition": {
      "urlFilter": "/videojs.ima.js",
      "excludedInitiatorDomains": [
        "jut.su",
        "earthcam.com"
      ]
    },
    "priority": 2
  },
  {
    "id": 59,
    "action": {
      "type": "block"
    },
    "condition": {
      "urlFilter": "*.servimg.com/u/f45/",
      "initiatorDomains": [
        "gocmod.com"
      ]
    },
    "priority": 201
  },
  {
    "id": 60,
    "action": {
      "type": "block"
    },
    "condition": {
      "urlFilter": "||123nhadatviet.com/media/ck/banners/"
    },
    "priority": 1
  },
  {
    "id": 61,
    "action": {
      "type": "block"
    },
    "condition": {
      "urlFilter": "||123nhadatviet.net/media/ck/banners/"
    },
    "priority": 1
  },
  {
    "id": 62,
    "action": {
      "type": "block"
    },
    "condition": {
      "urlFilter": "||2banh.vn/images/banners/"
    },
    "priority": 1
  },
  {
    "id": 63,
    "action": {
      "type": "block"
    },
    "condition": {
      "urlFilter": "||7jab1225.edgemaxcdn.org^*.gif",
      "initiatorDomains": [
        "xem.cakhia81.xyz",
        "watch.rkplayer.xyz",
        "xem.rakhoi53.xyz"
      ]
    },
    "priority": 135
  },
  {
    "id": 64,
    "action": {
      "type": "block"
    },
    "condition": {
      "urlFilter": "||a1apollodriving.co.uk/images/banners/",
      "resourceTypes": [
        "image"
      ]
    },
    "priority": 101
  },
  {
    "id": 65,
    "action": {
      "type": "block"
    },
    "condition": {
      "urlFilter": "||ads*.autodaily.vn"
    },
    "priority": 1
  },
  {
    "id": 66,
    "action": {
      "type": "block"
    },
    "condition": {
      "urlFilter": "||ads.nghenhinvietnam.vn^",
      "initiatorDomains": [
        "nghenhinvietnam.vn"
      ]
    },
    "priority": 201
  },
  {
    "id": 67,
    "action": {
      "type": "block"
    },
    "condition": {
      "urlFilter": "||ahaphimz.com/js/pov.js",
      "resourceTypes": [
        "script"
      ]
    },
    "priority": 101
  },
  {
    "id": 68,
    "action": {
      "type": "block"
    },
    "condition": {
      "urlFilter": "||anime13.site^*.gif"
    },
    "priority": 1
  },
  {
    "id": 69,
    "action": {
      "type": "block"
    },
    "condition": {
      "urlFilter": "||anime1s.com/_next/image?url=https%3a%2f%2f*.ibyteimg.com",
      "resourceTypes": [
        "image"
      ]
    },
    "priority": 101
  },
  {
    "id": 70,
    "action": {
      "type": "block"
    },
    "condition": {
      "urlFilter": "||anime1s.com/_next/image?url=https%3a%2f%2flh3.googleusercontent.com",
      "resourceTypes": [
        "image"
      ]
    },
    "priority": 101
  },
  {
    "id": 71,
    "action": {
      "type": "block"
    },
    "condition": {
      "urlFilter": "||anime47.onl^*.gif",
      "resourceTypes": [
        "image"
      ]
    },
    "priority": 101
  },
  {
    "id": 72,
    "action": {
      "type": "block"
    },
    "condition": {
      "urlFilter": "||animevietsub.ee/ads/",
      "resourceTypes": [
        "script"
      ]
    },
    "priority": 101
  },
  {
    "id": 73,
    "action": {
      "type": "block"
    },
    "condition": {
      "urlFilter": "||animevietsub.vip/ads/",
      "resourceTypes": [
        "script"
      ]
    },
    "priority": 101
  },
  {
    "id": 74,
    "action": {
      "type": "block"
    },
    "condition": {
      "urlFilter": "||animevietsub9.com/vast/",
      "resourceTypes": [
        "image"
      ]
    },
    "priority": 101
  },
  {
    "id": 75,
    "action": {
      "type": "block"
    },
    "condition": {
      "urlFilter": "||api-gavang.gvtv1.com/banners/graph",
      "initiatorDomains": [
        "xem1.gv04.live",
        "xem1.gv05.live"
      ],
      "resourceTypes": [
        "xmlhttprequest"
      ]
    },
    "priority": 251
  },
  {
    "id": 76,
    "action": {
      "type": "block"
    },
    "condition": {
      "urlFilter": "||api.anime3s.com/i9bet.php",
      "domainType": "firstParty",
      "resourceTypes": [
        "xmlhttprequest"
      ]
    },
    "priority": 102
  },
  {
    "id": 77,
    "action": {
      "type": "block"
    },
    "condition": {
      "urlFilter": "||api.anime3s.com^*.gif",
      "initiatorDomains": [
        "xemphim.site",
        "anime13.site"
      ],
      "resourceTypes": [
        "image"
      ]
    },
    "priority": 251
  },
  {
    "id": 78,
    "action": {
      "type": "block"
    },
    "condition": {
      "urlFilter": "||api.onflix.xyz/api/ads/",
      "resourceTypes": [
        "xmlhttprequest"
      ]
    },
    "priority": 101
  },
  {
    "id": 79,
    "action": {
      "type": "block"
    },
    "condition": {
      "urlFilter": "||api.ybox.vn/graphql?query=*ads"
    },
    "priority": 1
  },
  {
    "id": 80,
    "action": {
      "type": "block"
    },
    "condition": {
      "urlFilter": "||asecdn.w88media.com/vn/250x250-vn.gif",
      "initiatorDomains": [
        "mythethao.net"
      ]
    },
    "priority": 201
  },
  {
    "id": 81,
    "action": {
      "type": "block"
    },
    "condition": {
      "urlFilter": "||ax.mpcdn.top/tags/js?id=motchill",
      "initiatorDomains": [
        "motchillzl.org"
      ],
      "resourceTypes": [
        "script"
      ]
    },
    "priority": 301
  },
  {
    "id": 82,
    "action": {
      "type": "block"
    },
    "condition": {
      "urlFilter": "||ax.mpcdn.top^*.gif",
      "initiatorDomains": [
        "motchillzl.org"
      ]
    },
    "priority": 201
  },
  {
    "id": 83,
    "action": {
      "type": "block"
    },
    "condition": {
      "urlFilter": "||baonga.com/fileupload/images/*banner"
    },
    "priority": 1
  },
  {
    "id": 84,
    "action": {
      "type": "block"
    },
    "condition": {
      "urlFilter": "||bf.333xbet.com^",
      "domainType": "thirdParty",
      "resourceTypes": [
        "media"
      ]
    },
    "priority": 102
  },
  {
    "id": 85,
    "action": {
      "type": "block"
    },
    "condition": {
      "urlFilter": "||blog.abit.vn/wp-content/uploads/2020/05/abit_",
      "resourceTypes": [
        "image"
      ]
    },
    "priority": 101
  },
  {
    "id": 86,
    "action": {
      "type": "block"
    },
    "condition": {
      "urlFilter": "||blogger.googleusercontent.com^",
      "initiatorDomains": [
        "hhninja30.tv",
        "hhtm.net",
        "yanhh3d.gg"
      ],
      "resourceTypes": [
        "image"
      ]
    },
    "priority": 235
  },
  {
    "id": 87,
    "action": {
      "type": "block"
    },
    "condition": {
      "urlFilter": "||blvtap.com^*.gif",
      "initiatorDomains": [
        "vietsub.help"
      ],
      "resourceTypes": [
        "image"
      ]
    },
    "priority": 301
  },
  {
    "id": 88,
    "action": {
      "type": "block"
    },
    "condition": {
      "urlFilter": "||bp.blogspot.com",
      "initiatorDomains": [
        "xemtivi4k.com"
      ],
      "resourceTypes": [
        "image"
      ]
    },
    "priority": 301
  },
  {
    "id": 89,
    "action": {
      "type": "block"
    },
    "condition": {
      "urlFilter": "||bp.blogspot.com/*banner",
      "excludedInitiatorDomains": [
        "aowvn.org"
      ],
      "resourceTypes": [
        "image"
      ]
    },
    "priority": 102
  },
  {
    "id": 90,
    "action": {
      "type": "block"
    },
    "condition": {
      "urlFilter": "||cdn-data.gtvplus.vn/banners/",
      "initiatorDomains": [
        "gametv.vn"
      ],
      "resourceTypes": [
        "image"
      ]
    },
    "priority": 301
  },
  {
    "id": 91,
    "action": {
      "type": "block"
    },
    "condition": {
      "urlFilter": "||cdn-live.taoxanh.biz/live-dev/cms/*.gif",
      "initiatorDomains": [
        "bunchatv.net"
      ],
      "resourceTypes": [
        "image"
      ]
    },
    "priority": 301
  },
  {
    "id": 92,
    "action": {
      "type": "block"
    },
    "condition": {
      "urlFilter": "||cdn.giavang.org/images/ads/",
      "initiatorDomains": [
        "giavang.org"
      ],
      "resourceTypes": [
        "image"
      ]
    },
    "priority": 301
  },
  {
    "id": 93,
    "action": {
      "type": "block"
    },
    "condition": {
      "urlFilter": "||cdn.lfastcdn.com^*.gif",
      "initiatorDomains": [
        "bongdainfox.tv",
        "riverrunbookstore.com",
        "rakhoivq.cc",
        "thenexthope.org",
        "mitomzh.cc",
        "vebozxn.cc"
      ],
      "resourceTypes": [
        "image"
      ]
    },
    "priority": 218
  },
  {
    "id": 94,
    "action": {
      "type": "block"
    },
    "condition": {
      "urlFilter": "||cdn.monkeydarchive.com/images/banner/",
      "initiatorDomains": [
        "monkeyd.net.vn"
      ],
      "resourceTypes": [
        "image"
      ]
    },
    "priority": 301
  },
  {
    "id": 95,
    "action": {
      "type": "block"
    },
    "condition": {
      "urlFilter": "||cdn.webhoctienganh.com/asset/home/img/banner/",
      "initiatorDomains": [
        "webhoctienganh.com"
      ],
      "resourceTypes": [
        "image"
      ]
    },
    "priority": 301
  },
  {
    "id": 96,
    "action": {
      "type": "block"
    },
    "condition": {
      "urlFilter": "||cdn1.fastestcdn-global.com/gavangtv/*.gif",
      "resourceTypes": [
        "image"
      ]
    },
    "priority": 101
  },
  {
    "id": 97,
    "action": {
      "type": "block"
    },
    "condition": {
      "urlFilter": "||cf.shopee.vn/file/",
      "initiatorDomains": [
        "tctruyen.org"
      ],
      "resourceTypes": [
        "image"
      ]
    },
    "priority": 301
  },
  {
    "id": 98,
    "action": {
      "type": "block"
    },
    "condition": {
      "urlFilter": "||checkscam.vn/wp-content/uploads/2025/10/2.png",
      "resourceTypes": [
        "image"
      ]
    },
    "priority": 101
  },
  {
    "id": 99,
    "action": {
      "type": "block"
    },
    "condition": {
      "urlFilter": "||checkscam.vn^*.gif",
      "resourceTypes": [
        "image"
      ]
    },
    "priority": 101
  },
  {
    "id": 100,
    "action": {
      "type": "block"
    },
    "condition": {
      "urlFilter": "||chodansinh.net^*.gif"
    },
    "priority": 1
  },
  {
    "id": 101,
    "action": {
      "type": "block"
    },
    "condition": {
      "urlFilter": "||chotlo3s.com^*gif"
    },
    "priority": 1
  },
  {
    "id": 102,
    "action": {
      "type": "block"
    },
    "condition": {
      "urlFilter": "||client.rigelink.com/delivery/",
      "resourceTypes": [
        "xmlhttprequest"
      ]
    },
    "priority": 101
  },
  {
    "id": 103,
    "action": {
      "type": "block"
    },
    "condition": {
      "urlFilter": "||code.gunnymienphi.net^*.gif"
    },
    "priority": 1
  },
  {
    "id": 104,
    "action": {
      "type": "block"
    },
    "condition": {
      "urlFilter": "||danketoan.com/banner/"
    },
    "priority": 1
  },
  {
    "id": 105,
    "action": {
      "type": "block"
    },
    "condition": {
      "urlFilter": "||down-vn.img.susercontent.com/file/vn-11134207-7ra0g-m7vtp74a0ozne9.webp",
      "initiatorDomains": [
        "audiotruyenfull.com"
      ],
      "resourceTypes": [
        "image"
      ]
    },
    "priority": 301
  },
  {
    "id": 106,
    "action": {
      "type": "block"
    },
    "condition": {
      "urlFilter": "||file1.dangcongsan.vn^*.gif",
      "initiatorDomains": [
        "dangcongsan.vn"
      ],
      "resourceTypes": [
        "image"
      ]
    },
    "priority": 301
  },
  {
    "id": 107,
    "action": {
      "type": "block"
    },
    "condition": {
      "urlFilter": "||forum.idichvuseo.com/images/quang-cao"
    },
    "priority": 1
  },
  {
    "id": 108,
    "action": {
      "type": "block"
    },
    "condition": {
      "urlFilter": "||fundingchoicesmessages.google.com^",
      "domainType": "thirdParty"
    },
    "priority": 2
  },
  {
    "id": 109,
    "action": {
      "type": "block"
    },
    "condition": {
      "urlFilter": "||ghienphim.blog^*.gif",
      "initiatorDomains": [
        "xemphimviet.one"
      ],
      "resourceTypes": [
        "image"
      ]
    },
    "priority": 301
  },
  {
    "id": 110,
    "action": {
      "type": "block"
    },
    "condition": {
      "urlFilter": "||ghienphimz.cc/client_assets/js/minijumb.js"
    },
    "priority": 1
  },
  {
    "id": 111,
    "action": {
      "type": "block"
    },
    "condition": {
      "urlFilter": "||ghienphimz.cc^*.gif",
      "resourceTypes": [
        "image"
      ]
    },
    "priority": 101
  },
  {
    "id": 112,
    "action": {
      "type": "block"
    },
    "condition": {
      "urlFilter": "||ght.kernh41.com^",
      "domainType": "thirdParty",
      "resourceTypes": [
        "script"
      ]
    },
    "priority": 102
  },
  {
    "id": 113,
    "action": {
      "type": "block"
    },
    "condition": {
      "urlFilter": "||github.com/user-attachments/assets/",
      "initiatorDomains": [
        "phim24k.top",
        "jophim.top",
        "rophimz.top"
      ],
      "resourceTypes": [
        "image"
      ]
    },
    "priority": 235
  },
  {
    "id": 114,
    "action": {
      "type": "block"
    },
    "condition": {
      "urlFilter": "||github.com/vietcodeno1/basic-lesson/",
      "initiatorDomains": [
        "phimno1.live"
      ]
    },
    "priority": 201
  },
  {
    "id": 115,
    "action": {
      "type": "block"
    },
    "condition": {
      "urlFilter": "||github.com^",
      "initiatorDomains": [
        "cungtv.xyz"
      ],
      "resourceTypes": [
        "image"
      ]
    },
    "priority": 301
  },
  {
    "id": 116,
    "action": {
      "type": "block"
    },
    "condition": {
      "urlFilter": "||goal.90phut24.xyz^*.gif",
      "resourceTypes": [
        "image"
      ]
    },
    "priority": 101
  },
  {
    "id": 117,
    "action": {
      "type": "block"
    },
    "condition": {
      "urlFilter": "||gocmod.com/*code.js",
      "initiatorDomains": [
        "gocmod.com"
      ],
      "resourceTypes": [
        "script"
      ]
    },
    "priority": 301
  },
  {
    "id": 118,
    "action": {
      "type": "block"
    },
    "condition": {
      "urlFilter": "||googleusercontent.com^",
      "initiatorDomains": [
        "hhtqvietsub.cc"
      ]
    },
    "priority": 201
  },
  {
    "id": 119,
    "action": {
      "type": "block"
    },
    "condition": {
      "urlFilter": "||hhtq.lol/ads/",
      "domainType": "firstParty",
      "resourceTypes": [
        "script"
      ]
    },
    "priority": 102
  },
  {
    "id": 120,
    "action": {
      "type": "block"
    },
    "condition": {
      "urlFilter": "||hinhso.com^",
      "initiatorDomains": [
        "diendanmaychu.vn"
      ],
      "resourceTypes": [
        "image"
      ]
    },
    "priority": 301
  },
  {
    "id": 121,
    "action": {
      "type": "block"
    },
    "condition": {
      "urlFilter": "||hocaz.vn/_next/*banner",
      "domainType": "firstParty",
      "resourceTypes": [
        "image"
      ]
    },
    "priority": 102
  },
  {
    "id": 122,
    "action": {
      "type": "block"
    },
    "condition": {
      "urlFilter": "||hongbiennhanh24h.online/wp-content/themes/flatsome-child/assets/js/main.js",
      "domainType": "firstParty",
      "resourceTypes": [
        "script"
      ]
    },
    "priority": 102
  },
  {
    "id": 123,
    "action": {
      "type": "block"
    },
    "condition": {
      "urlFilter": "||hsctvn.com/uploads/products/",
      "domainType": "firstParty",
      "resourceTypes": [
        "image"
      ]
    },
    "priority": 102
  },
  {
    "id": 124,
    "action": {
      "type": "block"
    },
    "condition": {
      "urlFilter": "||i.ex-cdn.com/nhadautu.vn/files/qc/",
      "initiatorDomains": [
        "nhadautu.vn"
      ]
    },
    "priority": 201
  },
  {
    "id": 125,
    "action": {
      "type": "block"
    },
    "condition": {
      "urlFilter": "||i.ex-cdn.com/vietnamfinance.vn/files/qc",
      "initiatorDomains": [
        "vietnamfinance.vn"
      ],
      "resourceTypes": [
        "image"
      ]
    },
    "priority": 301
  },
  {
    "id": 126,
    "action": {
      "type": "block"
    },
    "condition": {
      "urlFilter": "||i.ibb.co^*.gif",
      "initiatorDomains": [
        "phimtuoitho.tv"
      ],
      "resourceTypes": [
        "image"
      ]
    },
    "priority": 301
  },
  {
    "id": 127,
    "action": {
      "type": "block"
    },
    "condition": {
      "urlFilter": "||i.imgur.com/81uid6d.jpg",
      "initiatorDomains": [
        "vozer.net"
      ]
    },
    "priority": 201
  },
  {
    "id": 128,
    "action": {
      "type": "block"
    },
    "condition": {
      "urlFilter": "||i.imgur.com/fbuh5aq.png",
      "initiatorDomains": [
        "vozer.net"
      ]
    },
    "priority": 201
  },
  {
    "id": 129,
    "action": {
      "type": "block"
    },
    "condition": {
      "urlFilter": "||i.imgur.com^",
      "initiatorDomains": [
        "nhacdj.vn",
        "diendanit.net",
        "banbuondalat.com",
        "xem.tructiepnba.me",
        "www.ssphim.lol",
        "phimbet.com"
      ],
      "resourceTypes": [
        "image"
      ]
    },
    "priority": 218
  },
  {
    "id": 130,
    "action": {
      "type": "block"
    },
    "condition": {
      "urlFilter": "||i.imgur.com^*.gif",
      "initiatorDomains": [
        "ghienphimz.cc",
        "mv.dailyphimz.com",
        "mv.phimmoiaz.cc",
        "mythethao.net",
        "xemtivi4k.com",
        "vtipster.net",
        "rophim.moe",
        "tv.tvhayhd.org",
        "vutruphim.tv",
        "soicau247s.org",
        "phim24k.top",
        "jophim.top",
        "rophimz.top"
      ],
      "resourceTypes": [
        "image"
      ]
    },
    "priority": 209
  },
  {
    "id": 131,
    "action": {
      "type": "block"
    },
    "condition": {
      "urlFilter": "||iamcdn.net/players/playera.dmins.js"
    },
    "priority": 1
  },
  {
    "id": 132,
    "action": {
      "type": "block"
    },
    "condition": {
      "urlFilter": "||iamcdn.net/players/playhydraxs.min.js"
    },
    "priority": 1
  },
  {
    "id": 133,
    "action": {
      "type": "block"
    },
    "condition": {
      "urlFilter": "||iili.io^*.gif",
      "initiatorDomains": [
        "phimtuoitho.tv"
      ],
      "resourceTypes": [
        "image"
      ]
    },
    "priority": 301
  },
  {
    "id": 134,
    "action": {
      "type": "block"
    },
    "condition": {
      "urlFilter": "||image-eu-na-ctnytbefjq.4shares.live/90link/*.gif",
      "resourceTypes": [
        "image"
      ]
    },
    "priority": 101
  },
  {
    "id": 135,
    "action": {
      "type": "block"
    },
    "condition": {
      "urlFilter": "||image-eu-na-ctnytbefjq.4shares.live/90link/*.mp4",
      "resourceTypes": [
        "media"
      ]
    },
    "priority": 101
  },
  {
    "id": 136,
    "action": {
      "type": "block"
    },
    "condition": {
      "urlFilter": "||image.cdend.com^*.gif",
      "initiatorDomains": [
        "rophim.moe"
      ],
      "resourceTypes": [
        "image"
      ]
    },
    "priority": 301
  },
  {
    "id": 137,
    "action": {
      "type": "block"
    },
    "condition": {
      "urlFilter": "||imagedelivery.net^",
      "initiatorDomains": [
        "motphimchillc.org"
      ],
      "resourceTypes": [
        "image"
      ]
    },
    "priority": 301
  },
  {
    "id": 138,
    "action": {
      "type": "block"
    },
    "condition": {
      "urlFilter": "||images.tuyensinh247.com^*.gif",
      "domainType": "thirdParty"
    },
    "priority": 2
  },
  {
    "id": 139,
    "action": {
      "type": "block"
    },
    "condition": {
      "urlFilter": "||img.iketqua.com^*.gif",
      "resourceTypes": [
        "image"
      ]
    },
    "priority": 101
  },
  {
    "id": 140,
    "action": {
      "type": "block"
    },
    "condition": {
      "urlFilter": "||img.lazcdn.com^*.gif",
      "initiatorDomains": [
        "tctruyen.org"
      ],
      "resourceTypes": [
        "image"
      ]
    },
    "priority": 301
  },
  {
    "id": 141,
    "action": {
      "type": "block"
    },
    "condition": {
      "urlFilter": "||kenhgamez.top^*.gif"
    },
    "priority": 1
  },
  {
    "id": 142,
    "action": {
      "type": "block"
    },
    "condition": {
      "urlFilter": "||kenhthethaotv.com/wp-content/plugins/popup-builder/public/js/popupbuilder.js",
      "domainType": "firstParty",
      "resourceTypes": [
        "script"
      ]
    },
    "priority": 102
  },
  {
    "id": 143,
    "action": {
      "type": "block"
    },
    "condition": {
      "urlFilter": "||khotruyen.ac/banner_image/",
      "resourceTypes": [
        "image"
      ]
    },
    "priority": 101
  },
  {
    "id": 144,
    "action": {
      "type": "block"
    },
    "condition": {
      "urlFilter": "||kienthuc.net.vn/*.ads"
    },
    "priority": 1
  },
  {
    "id": 145,
    "action": {
      "type": "block"
    },
    "condition": {
      "urlFilter": "||laodong.vn/*quangcaoonline"
    },
    "priority": 1
  },
  {
    "id": 146,
    "action": {
      "type": "block"
    },
    "condition": {
      "urlFilter": "||lh3.googleusercontent.com/*=s0",
      "initiatorDomains": [
        "animevietsub.vip",
        "animevietsub.ee"
      ],
      "resourceTypes": [
        "image"
      ]
    },
    "priority": 251
  },
  {
    "id": 147,
    "action": {
      "type": "block"
    },
    "condition": {
      "urlFilter": "||listnhacai88.com^*.gif",
      "resourceTypes": [
        "image"
      ]
    },
    "priority": 101
  },
  {
    "id": 148,
    "action": {
      "type": "block"
    },
    "condition": {
      "urlFilter": "||media.nghean24h.vn",
      "initiatorDomains": [
        "nghean24h.vn"
      ],
      "resourceTypes": [
        "image"
      ]
    },
    "priority": 301
  },
  {
    "id": 149,
    "action": {
      "type": "block"
    },
    "condition": {
      "urlFilter": "||mediastation.live^*.gif",
      "initiatorDomains": [
        "mn.mediastation.live",
        "home1.mannhan22.pro",
        "mannhan97.xyz"
      ],
      "resourceTypes": [
        "image"
      ]
    },
    "priority": 235
  },
  {
    "id": 150,
    "action": {
      "type": "block"
    },
    "condition": {
      "urlFilter": "||mocfun.net/uploads/banners/"
    },
    "priority": 1
  },
  {
    "id": 151,
    "action": {
      "type": "block"
    },
    "condition": {
      "urlFilter": "||motchillk.ac^*.gif",
      "resourceTypes": [
        "image"
      ]
    },
    "priority": 101
  },
  {
    "id": 152,
    "action": {
      "type": "block"
    },
    "condition": {
      "urlFilter": "||motchillki.fm^*.gif",
      "resourceTypes": [
        "image"
      ]
    },
    "priority": 101
  },
  {
    "id": 153,
    "action": {
      "type": "block"
    },
    "condition": {
      "urlFilter": "||motchilll.ac^*.gif",
      "domainType": "firstParty"
    },
    "priority": 2
  },
  {
    "id": 154,
    "action": {
      "type": "block"
    },
    "condition": {
      "urlFilter": "||motphimtv.bz^*.gif",
      "resourceTypes": [
        "image"
      ]
    },
    "priority": 101
  },
  {
    "id": 155,
    "action": {
      "type": "block"
    },
    "condition": {
      "urlFilter": "||mplmncb.com/banners-web/",
      "initiatorDomains": [
        "truyenqqno.com"
      ],
      "resourceTypes": [
        "script",
        "image"
      ]
    },
    "priority": 276
  },
  {
    "id": 156,
    "action": {
      "type": "block"
    },
    "condition": {
      "urlFilter": "||mplmncb.com/popup/",
      "initiatorDomains": [
        "truyenqqno.com"
      ],
      "resourceTypes": [
        "script"
      ]
    },
    "priority": 301
  },
  {
    "id": 157,
    "action": {
      "type": "block"
    },
    "condition": {
      "urlFilter": "||nettruyenar.com/public/assets/js/pop",
      "domainType": "firstParty",
      "resourceTypes": [
        "script"
      ]
    },
    "priority": 102
  },
  {
    "id": 158,
    "action": {
      "type": "block"
    },
    "condition": {
      "urlFilter": "||nettruyenviet1.com/assets/js/ads/",
      "resourceTypes": [
        "script"
      ]
    },
    "priority": 101
  },
  {
    "id": 159,
    "action": {
      "type": "block"
    },
    "condition": {
      "urlFilter": "||nettruyenviet1.com/assets/js/pop",
      "resourceTypes": [
        "script"
      ]
    },
    "priority": 101
  },
  {
    "id": 160,
    "action": {
      "type": "block"
    },
    "condition": {
      "urlFilter": "||newoneinoldoneout.pro/banners-web/",
      "initiatorDomains": [
        "nettruyenar.com",
        "nettruyenviet1.com"
      ],
      "resourceTypes": [
        "image"
      ]
    },
    "priority": 251
  },
  {
    "id": 161,
    "action": {
      "type": "block"
    },
    "condition": {
      "urlFilter": "||newoneinoldoneout.pro/popup",
      "initiatorDomains": [
        "nettruyenar.com",
        "nettruyenviet1.com"
      ],
      "resourceTypes": [
        "script"
      ]
    },
    "priority": 251
  },
  {
    "id": 162,
    "action": {
      "type": "block"
    },
    "condition": {
      "urlFilter": "||newoneinoldoneout.pro/zrlosadr.js",
      "initiatorDomains": [
        "nettruyenar.com"
      ],
      "resourceTypes": [
        "script"
      ]
    },
    "priority": 301
  },
  {
    "id": 163,
    "action": {
      "type": "block"
    },
    "condition": {
      "urlFilter": "||nhipcaudautu.vn/*gafin",
      "resourceTypes": [
        "script"
      ]
    },
    "priority": 101
  },
  {
    "id": 164,
    "action": {
      "type": "block"
    },
    "condition": {
      "urlFilter": "||nhipcaudautu.vn/media/*.gif"
    },
    "priority": 1
  },
  {
    "id": 165,
    "action": {
      "type": "block"
    },
    "condition": {
      "urlFilter": "||noitu.site^*.gif,",
      "domainType": "firstParty"
    },
    "priority": 2
  },
  {
    "id": 166,
    "action": {
      "type": "block"
    },
    "condition": {
      "urlFilter": "||notepad.vn/media/images/like68.jpg"
    },
    "priority": 1
  },
  {
    "id": 167,
    "action": {
      "type": "block"
    },
    "condition": {
      "urlFilter": "||onflixstream.site/ads",
      "domainType": "firstParty",
      "resourceTypes": [
        "media"
      ]
    },
    "priority": 102
  },
  {
    "id": 168,
    "action": {
      "type": "block"
    },
    "condition": {
      "urlFilter": "||phim.vkool8.net/images/ads/",
      "resourceTypes": [
        "image"
      ]
    },
    "priority": 101
  },
  {
    "id": 169,
    "action": {
      "type": "block"
    },
    "condition": {
      "urlFilter": "||phim.vkool8.net/js/pov.js",
      "domainType": "firstParty",
      "resourceTypes": [
        "script"
      ]
    },
    "priority": 102
  },
  {
    "id": 170,
    "action": {
      "type": "block"
    },
    "condition": {
      "urlFilter": "||phimhdc.com^*.gif",
      "resourceTypes": [
        "image"
      ]
    },
    "priority": 101
  },
  {
    "id": 171,
    "action": {
      "type": "block"
    },
    "condition": {
      "urlFilter": "||phimhdcs.com/js/ad.js",
      "domainType": "firstParty",
      "resourceTypes": [
        "script"
      ]
    },
    "priority": 102
  },
  {
    "id": 172,
    "action": {
      "type": "block"
    },
    "condition": {
      "urlFilter": "||phimhdcs.com/storage/files/*.gif",
      "domainType": "firstParty",
      "resourceTypes": [
        "image"
      ]
    },
    "priority": 102
  },
  {
    "id": 173,
    "action": {
      "type": "block"
    },
    "condition": {
      "urlFilter": "||phimlongtieng.net/2s.m3u8"
    },
    "priority": 1
  },
  {
    "id": 174,
    "action": {
      "type": "block"
    },
    "condition": {
      "urlFilter": "||phimmoichill.now/newchill/",
      "domainType": "firstParty",
      "resourceTypes": [
        "script"
      ]
    },
    "priority": 102
  },
  {
    "id": 175,
    "action": {
      "type": "block"
    },
    "condition": {
      "urlFilter": "||phimmoichillz.top/pop",
      "resourceTypes": [
        "image"
      ]
    },
    "priority": 101
  },
  {
    "id": 176,
    "action": {
      "type": "block"
    },
    "condition": {
      "urlFilter": "||phimmoichillz.top^*.gif",
      "resourceTypes": [
        "image"
      ]
    },
    "priority": 101
  },
  {
    "id": 177,
    "action": {
      "type": "block"
    },
    "condition": {
      "urlFilter": "||photo2.tinhte.vn/data/attachment-files/*banner"
    },
    "priority": 1
  },
  {
    "id": 178,
    "action": {
      "type": "block"
    },
    "condition": {
      "urlFilter": "||photo2.tinhte.vn^*.gif",
      "initiatorDomains": [
        "live4.vebo4.net"
      ]
    },
    "priority": 201
  },
  {
    "id": 179,
    "action": {
      "type": "block"
    },
    "condition": {
      "urlFilter": "||pub-5fed774e465e4b98976b32ac90065247.r2.dev^*.gif",
      "initiatorDomains": [
        "phimmoi.cash"
      ],
      "resourceTypes": [
        "image"
      ]
    },
    "priority": 301
  },
  {
    "id": 180,
    "action": {
      "type": "block"
    },
    "condition": {
      "urlFilter": "||qmanga.art/banner_image/",
      "domainType": "firstParty",
      "resourceTypes": [
        "image"
      ]
    },
    "priority": 102
  },
  {
    "id": 181,
    "action": {
      "type": "block"
    },
    "condition": {
      "urlFilter": "||qthang.net/js/blocker",
      "domainType": "firstParty",
      "resourceTypes": [
        "script"
      ]
    },
    "priority": 102
  },
  {
    "id": 182,
    "action": {
      "type": "block"
    },
    "condition": {
      "urlFilter": "||quaivatdienanh.com/*banner",
      "resourceTypes": [
        "image"
      ]
    },
    "priority": 101
  },
  {
    "id": 183,
    "action": {
      "type": "block"
    },
    "condition": {
      "urlFilter": "||quoracdn.net^",
      "initiatorDomains": [
        "www.motchill43.com",
        "phimlongtieng.net"
      ],
      "resourceTypes": [
        "image"
      ]
    },
    "priority": 251
  },
  {
    "id": 184,
    "action": {
      "type": "block"
    },
    "condition": {
      "urlFilter": "||run.vn/widget",
      "domainType": "firstParty",
      "resourceTypes": [
        "script"
      ]
    },
    "priority": 102
  },
  {
    "id": 185,
    "action": {
      "type": "block"
    },
    "condition": {
      "urlFilter": "||s1.truyentranh3q.com^*.gif",
      "initiatorDomains": [
        "manhua3q.com"
      ],
      "resourceTypes": [
        "image"
      ]
    },
    "priority": 301
  },
  {
    "id": 186,
    "action": {
      "type": "block"
    },
    "condition": {
      "urlFilter": "||s2.truyentot.com^*.gif",
      "initiatorDomains": [
        "hhtq13.vip",
        "hhtq3d.net",
        "hhtq5.vip",
        "hhvsub1.com",
        "hhvietsub.com"
      ],
      "resourceTypes": [
        "image"
      ]
    },
    "priority": 221
  },
  {
    "id": 187,
    "action": {
      "type": "block"
    },
    "condition": {
      "urlFilter": "||server.zmedia.vn/static/",
      "resourceTypes": [
        "script"
      ]
    },
    "priority": 101
  },
  {
    "id": 188,
    "action": {
      "type": "block"
    },
    "condition": {
      "urlFilter": "||sf-static.onflixcdn.pics/images/ads/",
      "resourceTypes": [
        "image"
      ]
    },
    "priority": 101
  },
  {
    "id": 189,
    "action": {
      "type": "block"
    },
    "condition": {
      "urlFilter": "||sggp.org.vn/*banner"
    },
    "priority": 1
  },
  {
    "id": 190,
    "action": {
      "type": "block"
    },
    "condition": {
      "urlFilter": "||sohuutritue.net.vn/files/qc/"
    },
    "priority": 1
  },
  {
    "id": 191,
    "action": {
      "type": "block"
    },
    "condition": {
      "urlFilter": "||static.cdnno.com/storage/topbox/*.webp",
      "initiatorDomains": [
        "metruyencv.com"
      ],
      "resourceTypes": [
        "image"
      ]
    },
    "priority": 301
  },
  {
    "id": 192,
    "action": {
      "type": "block"
    },
    "condition": {
      "urlFilter": "||static.masothue.com/js/shopee_bell.js",
      "resourceTypes": [
        "script"
      ]
    },
    "priority": 101
  },
  {
    "id": 193,
    "action": {
      "type": "block"
    },
    "condition": {
      "urlFilter": "||static.ybox.vn^*.gif",
      "initiatorDomains": [
        "ybox.vn"
      ]
    },
    "priority": 201
  },
  {
    "id": 194,
    "action": {
      "type": "block"
    },
    "condition": {
      "urlFilter": "||stc02bc54661548.cloud.anycastapnic.com^*.gif",
      "initiatorDomains": [
        "xem1.gv04.live",
        "xem1.gv05.live",
        "gavangtv10.net"
      ],
      "resourceTypes": [
        "image"
      ]
    },
    "priority": 235
  },
  {
    "id": 195,
    "action": {
      "type": "block"
    },
    "condition": {
      "urlFilter": "||storage.fshare.vn/images/",
      "domainType": "thirdParty"
    },
    "priority": 2
  },
  {
    "id": 196,
    "action": {
      "type": "block"
    },
    "condition": {
      "urlFilter": "||subnhanhcx.info/400x300.jpg",
      "resourceTypes": [
        "image"
      ]
    },
    "priority": 101
  },
  {
    "id": 197,
    "action": {
      "type": "block"
    },
    "condition": {
      "urlFilter": "||subnhanhcx.info^*.gif",
      "resourceTypes": [
        "image"
      ]
    },
    "priority": 101
  },
  {
    "id": 198,
    "action": {
      "type": "block"
    },
    "condition": {
      "urlFilter": "||tailieuvnu.com/wp-content/uploads/2022/12/28/shopee-2*.png",
      "resourceTypes": [
        "image"
      ]
    },
    "priority": 101
  },
  {
    "id": 199,
    "action": {
      "type": "block"
    },
    "condition": {
      "urlFilter": "||tepbac.com/upload/advertiment/",
      "resourceTypes": [
        "image"
      ]
    },
    "priority": 101
  },
  {
    "id": 200,
    "action": {
      "type": "block"
    },
    "condition": {
      "urlFilter": "||thapcamtvz.org^*.gif",
      "initiatorDomains": [
        "thapcamtvz.org"
      ],
      "resourceTypes": [
        "image"
      ]
    },
    "priority": 301
  },
  {
    "id": 201,
    "action": {
      "type": "block"
    },
    "condition": {
      "urlFilter": "||the.tube/js/detect-ab.js",
      "resourceTypes": [
        "script"
      ]
    },
    "priority": 101
  },
  {
    "id": 202,
    "action": {
      "type": "block"
    },
    "condition": {
      "urlFilter": "||the.tube/js/simpleblocker.js",
      "resourceTypes": [
        "script"
      ]
    },
    "priority": 101
  },
  {
    "id": 203,
    "action": {
      "type": "block"
    },
    "condition": {
      "urlFilter": "||thoigian.com.vn/mfiles/n/06/",
      "resourceTypes": [
        "image"
      ]
    },
    "priority": 101
  },
  {
    "id": 204,
    "action": {
      "type": "block"
    },
    "condition": {
      "urlFilter": "||thoigian.com.vn^*.gif"
    },
    "priority": 1
  },
  {
    "id": 205,
    "action": {
      "type": "block"
    },
    "condition": {
      "urlFilter": "||thuocbietduoc.com.vn/aqc/",
      "resourceTypes": [
        "image"
      ]
    },
    "priority": 101
  },
  {
    "id": 206,
    "action": {
      "type": "block"
    },
    "condition": {
      "urlFilter": "||thuysanvietnam.com.vn^*.gif"
    },
    "priority": 1
  },
  {
    "id": 207,
    "action": {
      "type": "block"
    },
    "condition": {
      "urlFilter": "||tinhayvip.com^*.gif"
    },
    "priority": 1
  },
  {
    "id": 208,
    "action": {
      "type": "block"
    },
    "condition": {
      "urlFilter": "||tinmoi.vn/?mod=ajax&act=getads"
    },
    "priority": 1
  },
  {
    "id": 209,
    "action": {
      "type": "block"
    },
    "condition": {
      "urlFilter": "||tinxe.vn/banner/loadbanner",
      "resourceTypes": [
        "xmlhttprequest"
      ]
    },
    "priority": 101
  },
  {
    "id": 210,
    "action": {
      "type": "block"
    },
    "condition": {
      "urlFilter": "||tinxe.vn/bn-campaign-for-iframe",
      "domainType": "firstParty",
      "resourceTypes": [
        "sub_frame"
      ]
    },
    "priority": 102
  },
  {
    "id": 211,
    "action": {
      "type": "block"
    },
    "condition": {
      "urlFilter": "||tizihay.com^*.gif",
      "initiatorDomains": [
        "vietsub.help",
        "phimchill.life"
      ],
      "resourceTypes": [
        "image"
      ]
    },
    "priority": 251
  },
  {
    "id": 212,
    "action": {
      "type": "block"
    },
    "condition": {
      "urlFilter": "||toithuthuat.com^*.gif"
    },
    "priority": 1
  },
  {
    "id": 213,
    "action": {
      "type": "block"
    },
    "condition": {
      "urlFilter": "||traderviet.tv/data/siropu/am/user/",
      "resourceTypes": [
        "image"
      ]
    },
    "priority": 101
  },
  {
    "id": 214,
    "action": {
      "type": "block"
    },
    "condition": {
      "urlFilter": "||tructiep.vn/website/adv/"
    },
    "priority": 1
  },
  {
    "id": 215,
    "action": {
      "type": "block"
    },
    "condition": {
      "urlFilter": "||truyenconect.com/uploads/*-truyenconect_com-*."
    },
    "priority": 1
  },
  {
    "id": 216,
    "action": {
      "type": "block"
    },
    "condition": {
      "urlFilter": "||truyenwikidich.net/static/js/adx/",
      "resourceTypes": [
        "script"
      ]
    },
    "priority": 101
  },
  {
    "id": 217,
    "action": {
      "type": "block"
    },
    "condition": {
      "urlFilter": "||tudomuaban.com/public/upload/ad/"
    },
    "priority": 1
  },
  {
    "id": 218,
    "action": {
      "type": "block"
    },
    "condition": {
      "urlFilter": "||tuyensinh247.com/",
      "domainType": "thirdParty",
      "resourceTypes": [
        "image"
      ]
    },
    "priority": 102
  },
  {
    "id": 219,
    "action": {
      "type": "block"
    },
    "condition": {
      "urlFilter": "||tuyensinhso.vn/images/banners/*.gif",
      "domainType": "firstParty",
      "resourceTypes": [
        "image"
      ]
    },
    "priority": 102
  },
  {
    "id": 220,
    "action": {
      "type": "block"
    },
    "condition": {
      "urlFilter": "||uniad.",
      "domainType": "thirdParty"
    },
    "priority": 2
  },
  {
    "id": 221,
    "action": {
      "type": "block"
    },
    "condition": {
      "urlFilter": "||vesotantai.com/upload/photo/",
      "resourceTypes": [
        "image"
      ]
    },
    "priority": 101
  },
  {
    "id": 222,
    "action": {
      "type": "block"
    },
    "condition": {
      "urlFilter": "||vietjack.com/frontendweb/js/sp.js",
      "resourceTypes": [
        "script"
      ]
    },
    "priority": 101
  },
  {
    "id": 223,
    "action": {
      "type": "block"
    },
    "condition": {
      "urlFilter": "||vietjack.com/git/images/dehocki.png",
      "domainType": "firstParty",
      "resourceTypes": [
        "image"
      ]
    },
    "priority": 102
  },
  {
    "id": 224,
    "action": {
      "type": "block"
    },
    "condition": {
      "urlFilter": "||vnesports.net^*.gif"
    },
    "priority": 1
  },
  {
    "id": 225,
    "action": {
      "type": "block"
    },
    "condition": {
      "urlFilter": "||vov.vn/ads/show-ads"
    },
    "priority": 1
  },
  {
    "id": 226,
    "action": {
      "type": "block"
    },
    "condition": {
      "urlFilter": "||vsc69.com/wp-content/themes/vuasanco/assets/scripts/scripts.js"
    },
    "priority": 1
  },
  {
    "id": 227,
    "action": {
      "type": "block"
    },
    "condition": {
      "urlFilter": "||www.bongdalu811.com^*.gif"
    },
    "priority": 1
  },
  {
    "id": 228,
    "action": {
      "type": "block"
    },
    "condition": {
      "urlFilter": "||www.clbgamesvn.com/diendan/popup/popup.js",
      "domainType": "firstParty",
      "resourceTypes": [
        "script"
      ]
    },
    "priority": 102
  },
  {
    "id": 229,
    "action": {
      "type": "block"
    },
    "condition": {
      "urlFilter": "||xahoingaynay.com.vn/upload/",
      "resourceTypes": [
        "image"
      ]
    },
    "priority": 101
  },
  {
    "id": 230,
    "action": {
      "type": "block"
    },
    "condition": {
      "urlFilter": "||xem16.net^*.gif"
    },
    "priority": 1
  },
  {
    "id": 231,
    "action": {
      "type": "block"
    },
    "condition": {
      "urlFilter": "||xemphimviet.one/client_assets/js/dataview/adsview.js",
      "domainType": "firstParty",
      "resourceTypes": [
        "script"
      ]
    },
    "priority": 102
  },
  {
    "id": 232,
    "action": {
      "type": "block"
    },
    "condition": {
      "urlFilter": "||xemphimviet.one/client_assets/js/minijumb.js",
      "domainType": "firstParty",
      "resourceTypes": [
        "script"
      ]
    },
    "priority": 102
  },
  {
    "id": 233,
    "action": {
      "type": "block"
    },
    "condition": {
      "urlFilter": "||xemphimviet.one^*.gif",
      "resourceTypes": [
        "image"
      ]
    },
    "priority": 101
  },
  {
    "id": 234,
    "action": {
      "type": "block"
    },
    "condition": {
      "urlFilter": "||xmedia.antt.vn/upload/*.gif",
      "initiatorDomains": [
        "antt.vn"
      ],
      "resourceTypes": [
        "image"
      ]
    },
    "priority": 301
  },
  {
    "id": 235,
    "action": {
      "type": "block"
    },
    "condition": {
      "urlFilter": "||xoilackvb.cc^*.gif",
      "initiatorDomains": [
        "colatv41.live"
      ],
      "resourceTypes": [
        "image"
      ]
    },
    "priority": 301
  },
  {
    "id": 236,
    "action": {
      "type": "block"
    },
    "condition": {
      "urlFilter": "||zzonemanga.io/storage/banners/",
      "domainType": "firstParty",
      "resourceTypes": [
        "image"
      ]
    },
    "priority": 102
  },
  {
    "id": 237,
    "action": {
      "type": "block"
    },
    "condition": {
      "urlFilter": "||ad.vidverto.io^"
    },
    "priority": 1
  },
  {
    "id": 238,
    "action": {
      "type": "block"
    },
    "condition": {
      "urlFilter": "||adflex.vn^",
      "domainType": "thirdParty"
    },
    "priority": 2
  },
  {
    "id": 239,
    "action": {
      "type": "block"
    },
    "condition": {
      "urlFilter": "||adflycode.com^"
    },
    "priority": 1
  },
  {
    "id": 240,
    "action": {
      "type": "block"
    },
    "condition": {
      "urlFilter": "||adpia.vn^",
      "domainType": "thirdParty"
    },
    "priority": 2
  },
  {
    "id": 241,
    "action": {
      "type": "block"
    },
    "condition": {
      "urlFilter": "||ads-cdn.fptplay.net^"
    },
    "priority": 1
  },
  {
    "id": 242,
    "action": {
      "type": "block"
    },
    "condition": {
      "urlFilter": "||ads.mxhnkn.pro^"
    },
    "priority": 1
  },
  {
    "id": 243,
    "action": {
      "type": "block"
    },
    "condition": {
      "urlFilter": "||ads.starzd.com^"
    },
    "priority": 1
  },
  {
    "id": 244,
    "action": {
      "type": "block"
    },
    "condition": {
      "urlFilter": "||adtima-static.zadn.vn^",
      "resourceTypes": [
        "script"
      ]
    },
    "priority": 101
  },
  {
    "id": 245,
    "action": {
      "type": "block"
    },
    "condition": {
      "urlFilter": "||adtima-static.zascdn.me^"
    },
    "priority": 1
  },
  {
    "id": 246,
    "action": {
      "type": "block"
    },
    "condition": {
      "urlFilter": "||adtima.vn^",
      "domainType": "thirdParty"
    },
    "priority": 2
  },
  {
    "id": 247,
    "action": {
      "type": "block"
    },
    "condition": {
      "urlFilter": "||adtimaserver.vn^"
    },
    "priority": 1
  },
  {
    "id": 248,
    "action": {
      "type": "block"
    },
    "condition": {
      "urlFilter": "||aiactiv.io^"
    },
    "priority": 1
  },
  {
    "id": 249,
    "action": {
      "type": "block"
    },
    "condition": {
      "urlFilter": "||aj1047.online^"
    },
    "priority": 1
  },
  {
    "id": 250,
    "action": {
      "type": "block"
    },
    "condition": {
      "urlFilter": "||ajsc.yodimedia.com^"
    },
    "priority": 1
  },
  {
    "id": 251,
    "action": {
      "type": "block"
    },
    "condition": {
      "urlFilter": "||amcdn.vn^"
    },
    "priority": 1
  },
  {
    "id": 252,
    "action": {
      "type": "block"
    },
    "condition": {
      "urlFilter": "||ants.vn^",
      "domainType": "thirdParty"
    },
    "priority": 2
  },
  {
    "id": 253,
    "action": {
      "type": "block"
    },
    "condition": {
      "urlFilter": "||api.adfly.vn^"
    },
    "priority": 1
  },
  {
    "id": 254,
    "action": {
      "type": "block"
    },
    "condition": {
      "urlFilter": "||apinas.nct.vn^"
    },
    "priority": 1
  },
  {
    "id": 255,
    "action": {
      "type": "block"
    },
    "condition": {
      "urlFilter": "||bidgear-syndication.com^"
    },
    "priority": 1
  },
  {
    "id": 256,
    "action": {
      "type": "block"
    },
    "condition": {
      "urlFilter": "||blueseeddigital.com^",
      "domainType": "thirdParty"
    },
    "priority": 2
  },
  {
    "id": 257,
    "action": {
      "type": "block"
    },
    "condition": {
      "urlFilter": "||cdn.adop.asia^"
    },
    "priority": 1
  },
  {
    "id": 258,
    "action": {
      "type": "block"
    },
    "condition": {
      "urlFilter": "||cdn.tpmedia.online^"
    },
    "priority": 1
  },
  {
    "id": 259,
    "action": {
      "type": "block"
    },
    "condition": {
      "urlFilter": "||cdnstoremedia.com^"
    },
    "priority": 1
  },
  {
    "id": 260,
    "action": {
      "type": "block"
    },
    "condition": {
      "urlFilter": "||cdnv.tpmedia.online^"
    },
    "priority": 1
  },
  {
    "id": 261,
    "action": {
      "type": "block"
    },
    "condition": {
      "urlFilter": "||click.advertnative.com^"
    },
    "priority": 1
  },
  {
    "id": 262,
    "action": {
      "type": "block"
    },
    "condition": {
      "urlFilter": "||cnt.trvdp.com^"
    },
    "priority": 1
  },
  {
    "id": 263,
    "action": {
      "type": "block"
    },
    "condition": {
      "urlFilter": "||contineljs.com^"
    },
    "priority": 1
  },
  {
    "id": 264,
    "action": {
      "type": "block"
    },
    "condition": {
      "urlFilter": "||cpt.geniee.jp^"
    },
    "priority": 1
  },
  {
    "id": 265,
    "action": {
      "type": "block"
    },
    "condition": {
      "urlFilter": "||cv.bentsdiorism.com^"
    },
    "priority": 1
  },
  {
    "id": 266,
    "action": {
      "type": "block"
    },
    "condition": {
      "urlFilter": "||delivery.yomedia.vn^"
    },
    "priority": 1
  },
  {
    "id": 267,
    "action": {
      "type": "block"
    },
    "condition": {
      "urlFilter": "||distinctrobin.com^"
    },
    "priority": 1
  },
  {
    "id": 268,
    "action": {
      "type": "block"
    },
    "condition": {
      "urlFilter": "||ds.recrampwiped.com^"
    },
    "priority": 1
  },
  {
    "id": 269,
    "action": {
      "type": "block"
    },
    "condition": {
      "urlFilter": "||farawayinstallation.com^"
    },
    "priority": 1
  },
  {
    "id": 270,
    "action": {
      "type": "block"
    },
    "condition": {
      "urlFilter": "||fv.togataurnfuls.com^"
    },
    "priority": 1
  },
  {
    "id": 271,
    "action": {
      "type": "block"
    },
    "condition": {
      "urlFilter": "||gammaplatform.com^",
      "domainType": "thirdParty"
    },
    "priority": 2
  },
  {
    "id": 272,
    "action": {
      "type": "block"
    },
    "condition": {
      "urlFilter": "||genieesspv.jp^",
      "domainType": "thirdParty"
    },
    "priority": 2
  },
  {
    "id": 273,
    "action": {
      "type": "block"
    },
    "condition": {
      "urlFilter": "||genmonet.com^"
    },
    "priority": 1
  },
  {
    "id": 274,
    "action": {
      "type": "block"
    },
    "condition": {
      "urlFilter": "||gullyending.com^"
    },
    "priority": 1
  },
  {
    "id": 275,
    "action": {
      "type": "block"
    },
    "condition": {
      "urlFilter": "||iads.staticscdn.net^"
    },
    "priority": 1
  },
  {
    "id": 276,
    "action": {
      "type": "block"
    },
    "condition": {
      "urlFilter": "||img.yeuketqua.net^"
    },
    "priority": 1
  },
  {
    "id": 277,
    "action": {
      "type": "block"
    },
    "condition": {
      "urlFilter": "||js.aiservice.vn^"
    },
    "priority": 1
  },
  {
    "id": 278,
    "action": {
      "type": "block"
    },
    "condition": {
      "urlFilter": "||jsc.yodimedia.com^"
    },
    "priority": 1
  },
  {
    "id": 279,
    "action": {
      "type": "block"
    },
    "condition": {
      "urlFilter": "||ligheechoagool.com^"
    },
    "priority": 1
  },
  {
    "id": 280,
    "action": {
      "type": "block"
    },
    "condition": {
      "urlFilter": "||media.yomedia.vn^"
    },
    "priority": 1
  },
  {
    "id": 281,
    "action": {
      "type": "block"
    },
    "condition": {
      "urlFilter": "||meta.vn^",
      "domainType": "thirdParty"
    },
    "priority": 2
  },
  {
    "id": 282,
    "action": {
      "type": "block"
    },
    "condition": {
      "urlFilter": "||mt.deimosfestuca.com^"
    },
    "priority": 1
  },
  {
    "id": 283,
    "action": {
      "type": "block"
    },
    "condition": {
      "urlFilter": "||ob.joyrodetoment.com^"
    },
    "priority": 1
  },
  {
    "id": 284,
    "action": {
      "type": "block"
    },
    "condition": {
      "urlFilter": "||onnetwork.tv^",
      "domainType": "thirdParty"
    },
    "priority": 2
  },
  {
    "id": 285,
    "action": {
      "type": "block"
    },
    "condition": {
      "urlFilter": "||oursty.com^"
    },
    "priority": 1
  },
  {
    "id": 286,
    "action": {
      "type": "block"
    },
    "condition": {
      "urlFilter": "||player.gliacloud.com^"
    },
    "priority": 1
  },
  {
    "id": 287,
    "action": {
      "type": "block"
    },
    "condition": {
      "urlFilter": "||pub.akadigital.vn^"
    },
    "priority": 1
  },
  {
    "id": 288,
    "action": {
      "type": "block"
    },
    "condition": {
      "urlFilter": "||pub.lavamedia.vn^"
    },
    "priority": 1
  },
  {
    "id": 289,
    "action": {
      "type": "block"
    },
    "condition": {
      "urlFilter": "||pub.lavanetwork.net^",
      "domainType": "thirdParty"
    },
    "priority": 2
  },
  {
    "id": 290,
    "action": {
      "type": "block"
    },
    "condition": {
      "urlFilter": "||qc.coccoc.com^",
      "domainType": "thirdParty"
    },
    "priority": 2
  },
  {
    "id": 291,
    "action": {
      "type": "block"
    },
    "condition": {
      "urlFilter": "||qc.violet.vn^"
    },
    "priority": 1
  },
  {
    "id": 292,
    "action": {
      "type": "block"
    },
    "condition": {
      "urlFilter": "||realclick.vn^",
      "domainType": "thirdParty"
    },
    "priority": 2
  },
  {
    "id": 293,
    "action": {
      "type": "block"
    },
    "condition": {
      "urlFilter": "||sbbanner.com^"
    },
    "priority": 1
  },
  {
    "id": 294,
    "action": {
      "type": "block"
    },
    "condition": {
      "urlFilter": "||sghga.in.net^"
    },
    "priority": 1
  },
  {
    "id": 295,
    "action": {
      "type": "block"
    },
    "condition": {
      "urlFilter": "||sourcetobin.com^"
    },
    "priority": 1
  },
  {
    "id": 296,
    "action": {
      "type": "block"
    },
    "condition": {
      "urlFilter": "||ss.yomedia.vn^"
    },
    "priority": 1
  },
  {
    "id": 297,
    "action": {
      "type": "block"
    },
    "condition": {
      "urlFilter": "||static.adconnect.vn^"
    },
    "priority": 1
  },
  {
    "id": 298,
    "action": {
      "type": "block"
    },
    "condition": {
      "urlFilter": "||static.dable.io^"
    },
    "priority": 1
  },
  {
    "id": 299,
    "action": {
      "type": "block"
    },
    "condition": {
      "urlFilter": "||static.philacct.com^"
    },
    "priority": 1
  },
  {
    "id": 300,
    "action": {
      "type": "block"
    },
    "condition": {
      "urlFilter": "||taboola.com^",
      "domainType": "thirdParty",
      "resourceTypes": [
        "script"
      ]
    },
    "priority": 102
  },
  {
    "id": 301,
    "action": {
      "type": "block"
    },
    "condition": {
      "urlFilter": "||tags.native-ad.net^"
    },
    "priority": 1
  },
  {
    "id": 302,
    "action": {
      "type": "block"
    },
    "condition": {
      "urlFilter": "||ut.uranininnage.com^"
    },
    "priority": 1
  },
  {
    "id": 303,
    "action": {
      "type": "block"
    },
    "condition": {
      "urlFilter": "||v9banners.com^"
    },
    "priority": 1
  },
  {
    "id": 304,
    "action": {
      "type": "block"
    },
    "condition": {
      "urlFilter": "||vads.net.vn^"
    },
    "priority": 1
  },
  {
    "id": 305,
    "action": {
      "type": "block"
    },
    "condition": {
      "urlFilter": "||wr.brandonketting.com^"
    },
    "priority": 1
  },
  {
    "id": 306,
    "action": {
      "type": "block"
    },
    "condition": {
      "urlFilter": "||xa.boozierosmotic.com^"
    },
    "priority": 1
  },
  {
    "id": 307,
    "action": {
      "type": "block"
    },
    "condition": {
      "urlFilter": "||zaloweb."
    },
    "priority": 1
  },
  {
    "id": 308,
    "action": {
      "type": "allow"
    },
    "condition": {
      "urlFilter": "/favicon.ico"
    },
    "priority": 100001
  },
  {
    "id": 309,
    "action": {
      "type": "allow"
    },
    "condition": {
      "urlFilter": "/images/ad-300x250.jpg",
      "domainType": "firstParty",
      "initiatorDomains": [
        "lehait.net"
      ],
      "resourceTypes": [
        "image"
      ]
    },
    "priority": 100302
  },
  {
    "id": 310,
    "action": {
      "type": "allow"
    },
    "condition": {
      "urlFilter": "/wp-content/plugins/advanced-ads/admin/assets/js/advertisement.js",
      "domainType": "firstParty",
      "resourceTypes": [
        "script"
      ]
    },
    "priority": 100102
  },
  {
    "id": 311,
    "action": {
      "type": "allow"
    },
    "condition": {
      "urlFilter": "||4.bp.blogspot.com/-faf4f4begfs/x6bgitbh8ri/aaaaaaaadr4/ti07qdfvywk4cpdnaj8mn5q_yvzug2cjgck4bgayycw/s1600/gvnvh18.png",
      "initiatorDomains": [
        "www.gvnvh18z.com"
      ],
      "resourceTypes": [
        "image"
      ]
    },
    "priority": 100301
  },
  {
    "id": 312,
    "action": {
      "type": "allow"
    },
    "condition": {
      "urlFilter": "||ads.gatacivi.com^",
      "domainType": "firstParty",
      "resourceTypes": [
        "stylesheet",
        "script"
      ]
    },
    "priority": 100077
  },
  {
    "id": 313,
    "action": {
      "type": "allow"
    },
    "condition": {
      "urlFilter": "||alwingulla.com/88/tag.min.js",
      "initiatorDomains": [
        "apkmoddone.com"
      ],
      "resourceTypes": [
        "script",
        "xmlhttprequest"
      ]
    },
    "priority": 100276
  },
  {
    "id": 314,
    "action": {
      "type": "allow"
    },
    "condition": {
      "urlFilter": "||anime47.best/ads/v/8.26.9/jw"
    },
    "priority": 100001
  },
  {
    "id": 315,
    "action": {
      "type": "allow"
    },
    "condition": {
      "urlFilter": "||anime47.best/ads/v/8.26.9/translations"
    },
    "priority": 100001
  },
  {
    "id": 316,
    "action": {
      "type": "allow"
    },
    "condition": {
      "urlFilter": "||cdn.taboola.com/libtrc/default/loader.js",
      "initiatorDomains": [
        "hackbloxfruit.pro"
      ]
    },
    "priority": 100201
  },
  {
    "id": 317,
    "action": {
      "type": "allow"
    },
    "condition": {
      "urlFilter": "||cdnjs.cloudflare.com/ajax/libs/videojs-contrib-ads/6.0.0/videojs-contrib-ads.js",
      "initiatorDomains": [
        "sctvonline.vn"
      ],
      "resourceTypes": [
        "script"
      ]
    },
    "priority": 100301
  },
  {
    "id": 318,
    "action": {
      "type": "allow"
    },
    "condition": {
      "urlFilter": "||g.doubleclick.net",
      "initiatorDomains": [
        "hackbloxfruit.pro"
      ],
      "resourceTypes": [
        "xmlhttprequest"
      ]
    },
    "priority": 100301
  },
  {
    "id": 319,
    "action": {
      "type": "allow"
    },
    "condition": {
      "urlFilter": "||googleads.g.doubleclick.net/pagead/",
      "initiatorDomains": [
        "cungthi.online"
      ]
    },
    "priority": 100201
  },
  {
    "id": 320,
    "action": {
      "type": "allow"
    },
    "condition": {
      "urlFilter": "||imasdk.googleapis.com^",
      "initiatorDomains": [
        "vieon.vn",
        "fptplay.vn",
        "24h.com.vn",
        "game24h.vn",
        "sctvonline.vn",
        "danet.vn",
        "vtvgo.vn",
        "toku.strp2p.com"
      ],
      "resourceTypes": [
        "script",
        "xmlhttprequest"
      ]
    },
    "priority": 100189
  },
  {
    "id": 321,
    "action": {
      "type": "allow"
    },
    "condition": {
      "urlFilter": "||js.aiservice.vn/rec/tto_home_stream1.js",
      "initiatorDomains": [
        "tuoitre.vn"
      ]
    },
    "priority": 100201
  },
  {
    "id": 322,
    "action": {
      "type": "allow"
    },
    "condition": {
      "urlFilter": "||jsc.adskeeper.co.uk^",
      "initiatorDomains": [
        "ios.codevn.net"
      ],
      "resourceTypes": [
        "script"
      ]
    },
    "priority": 100301
  },
  {
    "id": 323,
    "action": {
      "type": "allow"
    },
    "condition": {
      "urlFilter": "||media.nghean24h.vn/image_resize",
      "initiatorDomains": [
        "nghean24h.vn"
      ],
      "resourceTypes": [
        "image"
      ]
    },
    "priority": 100301
  },
  {
    "id": 324,
    "action": {
      "type": "allow"
    },
    "condition": {
      "urlFilter": "||media1.admicro.vn/cms/",
      "initiatorDomains": [
        "tuoitre.vn"
      ],
      "resourceTypes": [
        "script"
      ]
    },
    "priority": 100301
  },
  {
    "id": 325,
    "action": {
      "type": "allow"
    },
    "condition": {
      "urlFilter": "||on-web-cdn.gviet.vn/public/js/player/ads/ima3.js",
      "initiatorDomains": [
        "vtvcab.vn"
      ],
      "resourceTypes": [
        "script"
      ]
    },
    "priority": 100301
  },
  {
    "id": 326,
    "action": {
      "type": "allow"
    },
    "condition": {
      "urlFilter": "||pagead2.googlesyndication.com^",
      "initiatorDomains": [
        "thuthuatmeovat.net",
        "kites.vn",
        "phuongtrinhhoahoc.com",
        "letrongdai.vn",
        "traderviet.tv",
        "sum.vn",
        "thelanb.com",
        "cungthi.online",
        "lehait.net",
        "nhacsong.pro",
        "kientruc360.info",
        "vnjpclub.com",
        "753x.blogspot.com",
        "ichi.pro",
        "gocmod.com",
        "tromcap.com",
        "dafontvn.com",
        "www.gvnvh18z.com",
        "sesenblog.com",
        "xaydungplus.com",
        "windowslite.net",
        "tiengnhatdongian.com",
        "quangcaoyenbai.com",
        "ios.codevn.net",
        "audiotruyenfull.com",
        "minhpc.com",
        "vongquaymayman.com",
        "toilaquantri.com",
        "taisachonthi.com",
        "mifirm.net",
        "anonyviet.com",
        "4g.tintuc247.top",
        "web1s.asia",
        "vanhoatamlinh.com",
        "khotailieuonthi247.com",
        "ipacrack.com",
        "duan24h.net",
        "www.iosviet.com",
        "hoctoan123.com",
        "yhocdata.com",
        "imail.edu.vn",
        "thitotnghiepthpt.vn",
        "chuyenreview.net",
        "streamc.xyz",
        "dl.thuthuatjb.com",
        "idpvn.com",
        "lumionvietnam.com",
        "hackbloxfruit.pro",
        "thuvienphatquang.com",
        "sign.codevn.net"
      ],
      "resourceTypes": [
        "script",
        "image",
        "xmlhttprequest"
      ]
    },
    "priority": 100170
  },
  {
    "id": 327,
    "action": {
      "type": "allow"
    },
    "condition": {
      "urlFilter": "||player.sohatv.vn/resource/",
      "initiatorDomains": [
        "cafef.vn",
        "gamek.vn",
        "genk.vn",
        "kenh14.vn",
        "thanhnien.vn"
      ],
      "resourceTypes": [
        "script"
      ]
    },
    "priority": 100221
  },
  {
    "id": 328,
    "action": {
      "type": "allow"
    },
    "condition": {
      "urlFilter": "||services.vlitag.com^",
      "initiatorDomains": [
        "game24h.vn"
      ],
      "resourceTypes": [
        "script",
        "xmlhttprequest"
      ]
    },
    "priority": 100276
  },
  {
    "id": 329,
    "action": {
      "type": "allow"
    },
    "condition": {
      "urlFilter": "||static.ads-twitter.com/uwt.js",
      "initiatorDomains": [
        "linkneverdie.net",
        "linkneverdie.top",
        "linkneverdie2.com"
      ],
      "resourceTypes": [
        "script"
      ]
    },
    "priority": 100235
  },
  {
    "id": 330,
    "action": {
      "type": "allow"
    },
    "condition": {
      "urlFilter": "||static.amcdn.vn/tka/cdn.js",
      "initiatorDomains": [
        "genk.vn"
      ],
      "resourceTypes": [
        "script"
      ]
    },
    "priority": 100301
  },
  {
    "id": 331,
    "action": {
      "type": "allow"
    },
    "condition": {
      "urlFilter": "||tpc.googlesyndication.com/sodar/sodar2.js",
      "initiatorDomains": [
        "cungthi.online"
      ]
    },
    "priority": 100201
  },
  {
    "id": 332,
    "action": {
      "type": "allow"
    },
    "condition": {
      "urlFilter": "||vlitag.com/vli-assets/prebid/",
      "initiatorDomains": [
        "game24h.vn"
      ],
      "resourceTypes": [
        "script"
      ]
    },
    "priority": 100301
  },
  {
    "id": 333,
    "action": {
      "type": "allow"
    },
    "condition": {
      "urlFilter": "||voz.vn/u/adx.",
      "resourceTypes": [
        "xmlhttprequest"
      ]
    },
    "priority": 100101
  },
  {
    "id": 334,
    "action": {
      "type": "allow"
    },
    "condition": {
      "urlFilter": "||www3.doubleclick.net^",
      "initiatorDomains": [
        "the.tube"
      ],
      "resourceTypes": [
        "xmlhttprequest"
      ]
    },
    "priority": 100301
  },
  {
    "id": 335,
    "action": {
      "type": "allow"
    },
    "condition": {
      "urlFilter": "||xahoingaynay.com.vn/upload/20989/20200817/asset_2_8x_9596af5d4e.png",
      "domainType": "firstParty"
    },
    "priority": 100002
  },
  {
    "id": 336,
    "action": {
      "type": "block"
    },
    "condition": {
      "domainType": "thirdParty",
      "initiatorDomains": [
        "sexdiaryx.to"
      ],
      "resourceTypes": [
        "script"
      ]
    },
    "priority": 302
  },
  {
    "id": 337,
    "action": {
      "type": "block"
    },
    "condition": {
      "urlFilter": "/assets/js/vast.js",
      "resourceTypes": [
        "script"
      ]
    },
    "priority": 101
  },
  {
    "id": 338,
    "action": {
      "type": "block"
    },
    "condition": {
      "urlFilter": "/player/vast.js",
      "resourceTypes": [
        "script"
      ]
    },
    "priority": 101
  },
  {
    "id": 339,
    "action": {
      "type": "block"
    },
    "condition": {
      "urlFilter": "/wp-content/uploads/*.gif",
      "initiatorDomains": [
        "tuoi69.com",
        "tuoinung.bio"
      ],
      "resourceTypes": [
        "image"
      ]
    },
    "priority": 251
  },
  {
    "id": 340,
    "action": {
      "type": "allow"
    },
    "condition": {
      "urlFilter": "||bullionglidingscuttle.com/lv/esnk/2031811/code.js",
      "initiatorDomains": [
        "lxmanga.space"
      ]
    },
    "priority": 100201
  },
  {
    "id": 341,
    "action": {
      "type": "allow"
    },
    "condition": {
      "urlFilter": "||crumpetprankerstench.com/on.js",
      "initiatorDomains": [
        "lxmanga.space"
      ]
    },
    "priority": 100201
  },
  {
    "id": 342,
    "action": {
      "type": "allow"
    },
    "condition": {
      "urlFilter": "||jf.nairydeices.com/rxap4jba7jnut/114370",
      "initiatorDomains": [
        "lxmanga.space"
      ]
    },
    "priority": 100201
  },
  {
    "id": 343,
    "action": {
      "type": "allow"
    },
    "condition": {
      "urlFilter": "||pagead2.googlesyndication.com^",
      "initiatorDomains": [
        "gaingon3d.com"
      ]
    },
    "priority": 100201
  },
  {
    "id": 344,
    "action": {
      "type": "allow"
    },
    "condition": {
      "urlFilter": "||www.vipads.live/vn/79b0206c-76b6-1910-34-b2a59522dc31.blpha",
      "initiatorDomains": [
        "lxmanga.space"
      ]
    },
    "priority": 100201
  },
  {
    "id": 345,
    "action": {
      "type": "allow"
    },
    "condition": {
      "urlFilter": "||www.vipads.live/vn/c-1911-25.js",
      "initiatorDomains": [
        "lxmanga.space"
      ]
    },
    "priority": 100201
  },
  {
    "id": 346,
    "action": {
      "type": "block"
    },
    "condition": {
      "urlFilter": "docufind.org.uk/wp-content/themes/vlxx/js/*-adx.js",
      "resourceTypes": [
        "script"
      ]
    },
    "priority": 101
  },
  {
    "id": 347,
    "action": {
      "type": "block"
    },
    "condition": {
      "urlFilter": "||26efp.com/js/dulak2.js",
      "domainType": "firstParty",
      "resourceTypes": [
        "script"
      ]
    },
    "priority": 102
  },
  {
    "id": 348,
    "action": {
      "type": "block"
    },
    "condition": {
      "urlFilter": "||anhgaixinh.online^*.webp",
      "resourceTypes": [
        "image"
      ]
    },
    "priority": 101
  },
  {
    "id": 349,
    "action": {
      "type": "block"
    },
    "condition": {
      "urlFilter": "||argonautsfc.co.uk^*.gif",
      "resourceTypes": [
        "image"
      ]
    },
    "priority": 101
  },
  {
    "id": 350,
    "action": {
      "type": "block"
    },
    "condition": {
      "urlFilter": "||as-technology.co.uk^*.gif",
      "resourceTypes": [
        "image"
      ]
    },
    "priority": 101
  },
  {
    "id": 351,
    "action": {
      "type": "block"
    },
    "condition": {
      "urlFilter": "||blogger.googleusercontent.com^*.gif",
      "initiatorDomains": [
        "www.gvnvh18z.com"
      ],
      "resourceTypes": [
        "image"
      ]
    },
    "priority": 301
  },
  {
    "id": 352,
    "action": {
      "type": "block"
    },
    "condition": {
      "urlFilter": "||buomtv.media/palivn/ad/",
      "domainType": "firstParty",
      "resourceTypes": [
        "image"
      ]
    },
    "priority": 102
  },
  {
    "id": 353,
    "action": {
      "type": "block"
    },
    "condition": {
      "urlFilter": "||cap3.life/api/ads",
      "resourceTypes": [
        "xmlhttprequest"
      ]
    },
    "priority": 101
  },
  {
    "id": 354,
    "action": {
      "type": "block"
    },
    "condition": {
      "urlFilter": "||cdn-01.w3img.com^*.gif",
      "initiatorDomains": [
        "phimsexvl69.net",
        "vlxx.rip"
      ],
      "resourceTypes": [
        "image"
      ]
    },
    "priority": 251
  },
  {
    "id": 355,
    "action": {
      "type": "block"
    },
    "condition": {
      "urlFilter": "||cdn.adxcontent.com^"
    },
    "priority": 1
  },
  {
    "id": 356,
    "action": {
      "type": "block"
    },
    "condition": {
      "urlFilter": "||cliphot69.shop^*.gif",
      "resourceTypes": [
        "image"
      ]
    },
    "priority": 101
  },
  {
    "id": 357,
    "action": {
      "type": "block"
    },
    "condition": {
      "urlFilter": "||cliphotvn69.com^*.gif",
      "resourceTypes": [
        "image"
      ]
    },
    "priority": 101
  },
  {
    "id": 358,
    "action": {
      "type": "block"
    },
    "condition": {
      "urlFilter": "||clipsexsub3x.net^*.gif",
      "resourceTypes": [
        "image"
      ]
    },
    "priority": 101
  },
  {
    "id": 359,
    "action": {
      "type": "block"
    },
    "condition": {
      "urlFilter": "||cloufdlare.com/ads/vn1.html",
      "initiatorDomains": [
        "vl.phe.to"
      ],
      "resourceTypes": [
        "sub_frame"
      ]
    },
    "priority": 301
  },
  {
    "id": 360,
    "action": {
      "type": "block"
    },
    "condition": {
      "urlFilter": "||coolstrip.co.uk^*.gif",
      "resourceTypes": [
        "image"
      ]
    },
    "priority": 101
  },
  {
    "id": 361,
    "action": {
      "type": "block"
    },
    "condition": {
      "urlFilter": "||discordapp.",
      "initiatorDomains": [
        "phim18vip.one",
        "thefaplive.com",
        "phimsexsub.website"
      ],
      "resourceTypes": [
        "image"
      ]
    },
    "priority": 235
  },
  {
    "id": 362,
    "action": {
      "type": "block"
    },
    "condition": {
      "urlFilter": "||excavatenearbywand.com^"
    },
    "priority": 1
  },
  {
    "id": 363,
    "action": {
      "type": "block"
    },
    "condition": {
      "urlFilter": "||gamer18.net^*.gif",
      "resourceTypes": [
        "image"
      ]
    },
    "priority": 101
  },
  {
    "id": 364,
    "action": {
      "type": "block"
    },
    "condition": {
      "urlFilter": "||hellobabygirl.live/*/adx*.js",
      "initiatorDomains": [
        "nung18.com",
        "phimxxx.ai"
      ]
    },
    "priority": 151
  },
  {
    "id": 365,
    "action": {
      "type": "block"
    },
    "condition": {
      "urlFilter": "||hentaivn.show/banner_image/",
      "resourceTypes": [
        "image"
      ]
    },
    "priority": 101
  },
  {
    "id": 366,
    "action": {
      "type": "block"
    },
    "condition": {
      "urlFilter": "||hhkungfu.us^*.gif",
      "initiatorDomains": [
        "z.chinav.sex",
        "phimsexvn1.co.uk"
      ],
      "resourceTypes": [
        "image"
      ]
    },
    "priority": 251
  },
  {
    "id": 367,
    "action": {
      "type": "block"
    },
    "condition": {
      "urlFilter": "||i.ibb.co^*.gif",
      "initiatorDomains": [
        "sex.javnong.cc"
      ],
      "resourceTypes": [
        "image"
      ]
    },
    "priority": 301
  },
  {
    "id": 368,
    "action": {
      "type": "block"
    },
    "condition": {
      "urlFilter": "||i.imgur.com^",
      "initiatorDomains": [
        "phim18hdxx.com",
        "xamvn.online"
      ],
      "resourceTypes": [
        "image"
      ]
    },
    "priority": 251
  },
  {
    "id": 369,
    "action": {
      "type": "block"
    },
    "condition": {
      "urlFilter": "||i.imgur.com^*.gif",
      "initiatorDomains": [
        "z.chinav.sex",
        "quatvn.my"
      ],
      "resourceTypes": [
        "image"
      ]
    },
    "priority": 251
  },
  {
    "id": 370,
    "action": {
      "type": "block"
    },
    "condition": {
      "urlFilter": "||ihentai.network/banner_image/",
      "resourceTypes": [
        "image"
      ]
    },
    "priority": 101
  },
  {
    "id": 371,
    "action": {
      "type": "block"
    },
    "condition": {
      "urlFilter": "||img.congdongmassage.com/banner/",
      "initiatorDomains": [
        "congdongmassage.com"
      ],
      "resourceTypes": [
        "image"
      ]
    },
    "priority": 301
  },
  {
    "id": 372,
    "action": {
      "type": "block"
    },
    "condition": {
      "urlFilter": "||imgcdn.mikelarsenal.pro/images/",
      "initiatorDomains": [
        "phimxxx.ai"
      ],
      "resourceTypes": [
        "image"
      ]
    },
    "priority": 301
  },
  {
    "id": 373,
    "action": {
      "type": "block"
    },
    "condition": {
      "urlFilter": "||javhdz.hot/js/ads-javhd.js",
      "domainType": "firstParty",
      "resourceTypes": [
        "script"
      ]
    },
    "priority": 102
  },
  {
    "id": 374,
    "action": {
      "type": "block"
    },
    "condition": {
      "urlFilter": "||javtopxx2.com^*.gif",
      "resourceTypes": [
        "image"
      ]
    },
    "priority": 101
  },
  {
    "id": 375,
    "action": {
      "type": "block"
    },
    "condition": {
      "urlFilter": "||l1.stream4k.online^*.gif",
      "initiatorDomains": [
        "genzsex.blog"
      ],
      "resourceTypes": [
        "image"
      ]
    },
    "priority": 301
  },
  {
    "id": 376,
    "action": {
      "type": "block"
    },
    "condition": {
      "urlFilter": "||lxmanga.space/storage/images/banners"
    },
    "priority": 1
  },
  {
    "id": 377,
    "action": {
      "type": "block"
    },
    "condition": {
      "urlFilter": "||mialsja.life^",
      "initiatorDomains": [
        "phimxxx.ai"
      ],
      "resourceTypes": [
        "image"
      ]
    },
    "priority": 301
  },
  {
    "id": 378,
    "action": {
      "type": "block"
    },
    "condition": {
      "urlFilter": "||ngaytho.me^*.gif"
    },
    "priority": 1
  },
  {
    "id": 379,
    "action": {
      "type": "block"
    },
    "condition": {
      "urlFilter": "||phimsexhayvn109.com^*.gif",
      "resourceTypes": [
        "image"
      ]
    },
    "priority": 101
  },
  {
    "id": 380,
    "action": {
      "type": "block"
    },
    "condition": {
      "urlFilter": "||qmh.sex/assets/js/simpleblocker.js",
      "domainType": "firstParty",
      "resourceTypes": [
        "script"
      ]
    },
    "priority": 102
  },
  {
    "id": 381,
    "action": {
      "type": "block"
    },
    "condition": {
      "urlFilter": "||quatvn.my^*.gif",
      "resourceTypes": [
        "image"
      ]
    },
    "priority": 101
  },
  {
    "id": 382,
    "action": {
      "type": "block"
    },
    "condition": {
      "urlFilter": "||quoracdn.net^",
      "initiatorDomains": [
        "smokepocket.co.uk",
        "phim18vip.one",
        "pheclip.love",
        "vlgaisex.pro",
        "sexhihi.fit",
        "phevl.sh",
        "fulllivehot.live",
        "haysexvn.lol",
        "chich69.top",
        "viet69hayz.life",
        "sieudam.sh"
      ],
      "resourceTypes": [
        "image"
      ]
    },
    "priority": 211
  },
  {
    "id": 383,
    "action": {
      "type": "block"
    },
    "condition": {
      "urlFilter": "||rmsolutions.ch^*.gif",
      "resourceTypes": [
        "image"
      ]
    },
    "priority": 101
  },
  {
    "id": 384,
    "action": {
      "type": "block"
    },
    "condition": {
      "urlFilter": "||rphang.online^*.gif"
    },
    "priority": 1
  },
  {
    "id": 385,
    "action": {
      "type": "block"
    },
    "condition": {
      "urlFilter": "||sayhentai.world/assets/js/ads.js"
    },
    "priority": 1
  },
  {
    "id": 386,
    "action": {
      "type": "block"
    },
    "condition": {
      "urlFilter": "||sayhentai.world/storage/images/banner/",
      "resourceTypes": [
        "image"
      ]
    },
    "priority": 101
  },
  {
    "id": 387,
    "action": {
      "type": "block"
    },
    "condition": {
      "urlFilter": "||seccc.jasjas.xyz^"
    },
    "priority": 1
  },
  {
    "id": 388,
    "action": {
      "type": "block"
    },
    "condition": {
      "urlFilter": "||sexlive.biz/_next/image?url=%2fimages%2f*.avif&w=*&q=75",
      "resourceTypes": [
        "image"
      ]
    },
    "priority": 101
  },
  {
    "id": 389,
    "action": {
      "type": "block"
    },
    "condition": {
      "urlFilter": "||sexlive.biz/mb66.mp4",
      "domainType": "firstParty",
      "resourceTypes": [
        "media"
      ]
    },
    "priority": 102
  },
  {
    "id": 390,
    "action": {
      "type": "block"
    },
    "condition": {
      "urlFilter": "||sexlive.biz^*.avif",
      "domainType": "firstParty"
    },
    "priority": 2
  },
  {
    "id": 391,
    "action": {
      "type": "block"
    },
    "condition": {
      "urlFilter": "||sieukhung.net^*.gif",
      "resourceTypes": [
        "image"
      ]
    },
    "priority": 101
  },
  {
    "id": 392,
    "action": {
      "type": "block"
    },
    "condition": {
      "urlFilter": "||thaizabbbyging.co.uk^*.gif",
      "resourceTypes": [
        "image"
      ]
    },
    "priority": 101
  },
  {
    "id": 393,
    "action": {
      "type": "block"
    },
    "condition": {
      "urlFilter": "||thiendia1.vip/banner/",
      "resourceTypes": [
        "image"
      ]
    },
    "priority": 101
  },
  {
    "id": 394,
    "action": {
      "type": "block"
    },
    "condition": {
      "urlFilter": "||truyensextv.com/anh/",
      "resourceTypes": [
        "image"
      ]
    },
    "priority": 101
  },
  {
    "id": 395,
    "action": {
      "type": "block"
    },
    "condition": {
      "urlFilter": "||truyensextv.com^*.gif"
    },
    "priority": 1
  },
  {
    "id": 396,
    "action": {
      "type": "block"
    },
    "condition": {
      "urlFilter": "||truyenvn.shop^*banner",
      "resourceTypes": [
        "image"
      ]
    },
    "priority": 101
  },
  {
    "id": 397,
    "action": {
      "type": "block"
    },
    "condition": {
      "urlFilter": "||video.qmh.sex/uploads/banners/",
      "initiatorDomains": [
        "cap3.life",
        "qmh.sex"
      ],
      "resourceTypes": [
        "image"
      ]
    },
    "priority": 251
  },
  {
    "id": 398,
    "action": {
      "type": "block"
    },
    "condition": {
      "urlFilter": "||vlgaisex.pro^*.gif",
      "initiatorDomains": [
        "vlgaisex.pro"
      ],
      "resourceTypes": [
        "image"
      ]
    },
    "priority": 301
  },
  {
    "id": 399,
    "action": {
      "type": "block"
    },
    "condition": {
      "urlFilter": "||vn6.sexviet88.xyz^*.gif"
    },
    "priority": 1
  },
  {
    "id": 400,
    "action": {
      "type": "block"
    },
    "condition": {
      "urlFilter": "||whmmtechnologies.co.uk^*.gif"
    },
    "priority": 1
  },
  {
    "id": 401,
    "action": {
      "type": "block"
    },
    "condition": {
      "urlFilter": "||www.hentaivnx.com/js/cla/2064711.js",
      "resourceTypes": [
        "script"
      ]
    },
    "priority": 101
  },
  {
    "id": 402,
    "action": {
      "type": "block"
    },
    "condition": {
      "urlFilter": "||www.hentaivnx.com/js/modscript.js",
      "resourceTypes": [
        "script"
      ]
    },
    "priority": 101
  },
  {
    "id": 403,
    "action": {
      "type": "block"
    },
    "condition": {
      "urlFilter": "||www.hentaivnx.com/js/random-click-opener.js",
      "resourceTypes": [
        "script"
      ]
    },
    "priority": 101
  },
  {
    "id": 404,
    "action": {
      "type": "block"
    },
    "condition": {
      "urlFilter": "||xamer.xyz/styles/file/",
      "resourceTypes": [
        "image"
      ]
    },
    "priority": 101
  },
  {
    "id": 405,
    "action": {
      "type": "block"
    },
    "condition": {
      "urlFilter": "||xfast.sbs/media/",
      "initiatorDomains": [
        "fullcliphot.org",
        "fulllivehot.live"
      ],
      "resourceTypes": [
        "image"
      ]
    },
    "priority": 251
  },
  {
    "id": 406,
    "action": {
      "type": "block"
    },
    "condition": {
      "urlFilter": "||xfast.sbs^*.gif",
      "initiatorDomains": [
        "clipphot.biz"
      ],
      "resourceTypes": [
        "image"
      ]
    },
    "priority": 301
  },
  {
    "id": 407,
    "action": {
      "type": "block"
    },
    "condition": {
      "urlFilter": "||xnhau.blog^",
      "initiatorDomains": [
        "xnhau.hot"
      ],
      "resourceTypes": [
        "media"
      ]
    },
    "priority": 301
  },
  {
    "id": 408,
    "action": {
      "type": "block"
    },
    "condition": {
      "regexFilter": "^https:\\/\\/[a-z]{3,}\\.com\\/$",
      "domainType": "thirdParty",
      "resourceTypes": [
        "xmlhttprequest"
      ]
    },
    "priority": 102
  },
  {
    "id": 409,
    "action": {
      "type": "block"
    },
    "condition": {
      "regexFilter": "^https:\\/\\/[a-z]{8,12}\\.com\\/en\\/(?:[a-z]{2,5}\\/){0,2}[a-z]{2,}\\?(?:[a-z]+=(?:\\d+|[a-z]+)&)*?id=[12]\\d{6}",
      "domainType": "thirdParty",
      "resourceTypes": [
        "script"
      ]
    },
    "priority": 102
  }
]