[
  {
    "id": 1,
    "action": {
      "type": "block"
    },
    "condition": {
      "urlFilter": "-reclameplaatjes/"
    },
    "priority": 1
  },
  {
    "id": 2,
    "action": {
      "type": "block"
    },
    "condition": {
      "urlFilter": "/adbron."
    },
    "priority": 1
  },
  {
    "id": 3,
    "action": {
      "type": "block"
    },
    "condition": {
      "urlFilter": "/adtwee/"
    },
    "priority": 1
  },
  {
    "id": 4,
    "action": {
      "type": "block"
    },
    "condition": {
      "urlFilter": "/adv_tekstlinks."
    },
    "priority": 1
  },
  {
    "id": 5,
    "action": {
      "type": "block"
    },
    "condition": {
      "urlFilter": "/adverteerders/"
    },
    "priority": 1
  },
  {
    "id": 6,
    "action": {
      "type": "block"
    },
    "condition": {
      "urlFilter": "/advertentie-banner-"
    },
    "priority": 1
  },
  {
    "id": 7,
    "action": {
      "type": "block"
    },
    "condition": {
      "urlFilter": "/advertentie.",
      "excludedInitiatorDomains": [
        "anzeigen-aufgabe-alpha.de",
        "anzeigen-aufgabe-beta.de",
        "anzeigen-aufgabe-test.de",
        "rd.nl"
      ]
    },
    "priority": 2
  },
  {
    "id": 8,
    "action": {
      "type": "block"
    },
    "condition": {
      "urlFilter": "/advertentie/",
      "excludedInitiatorDomains": [
        "anzeigen-aufgabe-alpha.de",
        "anzeigen-aufgabe-beta.de",
        "anzeigen-aufgabe-test.de",
        "rd.nl"
      ]
    },
    "priority": 2
  },
  {
    "id": 9,
    "action": {
      "type": "block"
    },
    "condition": {
      "urlFilter": "/advertentie1."
    },
    "priority": 1
  },
  {
    "id": 10,
    "action": {
      "type": "block"
    },
    "condition": {
      "urlFilter": "/advertentie2/"
    },
    "priority": 1
  },
  {
    "id": 11,
    "action": {
      "type": "block"
    },
    "condition": {
      "urlFilter": "/advertentie_head."
    },
    "priority": 1
  },
  {
    "id": 12,
    "action": {
      "type": "block"
    },
    "condition": {
      "urlFilter": "/advertentieblokje120x20."
    },
    "priority": 1
  },
  {
    "id": 13,
    "action": {
      "type": "block"
    },
    "condition": {
      "urlFilter": "/advertentieblokje300x20."
    },
    "priority": 1
  },
  {
    "id": 14,
    "action": {
      "type": "block"
    },
    "condition": {
      "urlFilter": "/advertenties."
    },
    "priority": 1
  },
  {
    "id": 15,
    "action": {
      "type": "block"
    },
    "condition": {
      "urlFilter": "/advertenties/"
    },
    "priority": 1
  },
  {
    "id": 16,
    "action": {
      "type": "block"
    },
    "condition": {
      "urlFilter": "/bannerlookup."
    },
    "priority": 1
  },
  {
    "id": 17,
    "action": {
      "type": "block"
    },
    "condition": {
      "urlFilter": "/big_reclames/"
    },
    "priority": 1
  },
  {
    "id": 18,
    "action": {
      "type": "block"
    },
    "condition": {
      "urlFilter": "/bolcom-partnerprogramma-wordpress-plugin/"
    },
    "priority": 1
  },
  {
    "id": 19,
    "action": {
      "type": "block"
    },
    "condition": {
      "urlFilter": "/img/recl/"
    },
    "priority": 1
  },
  {
    "id": 20,
    "action": {
      "type": "block"
    },
    "condition": {
      "urlFilter": "/mediahuis-ads/"
    },
    "priority": 1
  },
  {
    "id": 21,
    "action": {
      "type": "block"
    },
    "condition": {
      "urlFilter": "/nmc/adv/"
    },
    "priority": 1
  },
  {
    "id": 22,
    "action": {
      "type": "block"
    },
    "condition": {
      "urlFilter": "/pebble-adhese."
    },
    "priority": 1
  },
  {
    "id": 23,
    "action": {
      "type": "block"
    },
    "condition": {
      "urlFilter": "/prikbordadvertentie_"
    },
    "priority": 1
  },
  {
    "id": 24,
    "action": {
      "type": "block"
    },
    "condition": {
      "urlFilter": "/reclame-extra."
    },
    "priority": 1
  },
  {
    "id": 25,
    "action": {
      "type": "block"
    },
    "condition": {
      "urlFilter": "/reclame-nieuws."
    },
    "priority": 1
  },
  {
    "id": 26,
    "action": {
      "type": "block"
    },
    "condition": {
      "urlFilter": "/reclame2."
    },
    "priority": 1
  },
  {
    "id": 27,
    "action": {
      "type": "block"
    },
    "condition": {
      "urlFilter": "/reclamebanners/"
    },
    "priority": 1
  },
  {
    "id": 28,
    "action": {
      "type": "block"
    },
    "condition": {
      "urlFilter": "/small_reclames/"
    },
    "priority": 1
  },
  {
    "id": 29,
    "action": {
      "type": "block"
    },
    "condition": {
      "urlFilter": "/tekst_advertentie_"
    },
    "priority": 1
  },
  {
    "id": 30,
    "action": {
      "type": "block"
    },
    "condition": {
      "urlFilter": "/topadvertentie."
    },
    "priority": 1
  },
  {
    "id": 31,
    "action": {
      "type": "block"
    },
    "condition": {
      "urlFilter": "://promotie.",
      "domainType": "thirdParty"
    },
    "priority": 2
  },
  {
    "id": 32,
    "action": {
      "type": "block"
    },
    "condition": {
      "urlFilter": "_advertentie300x250_"
    },
    "priority": 1
  },
  {
    "id": 33,
    "action": {
      "type": "block"
    },
    "condition": {
      "urlFilter": "_advertentieleaderboardhome."
    },
    "priority": 1
  },
  {
    "id": 34,
    "action": {
      "type": "block"
    },
    "condition": {
      "urlFilter": "||2k19.nl^",
      "domainType": "thirdParty"
    },
    "priority": 2
  },
  {
    "id": 35,
    "action": {
      "type": "block"
    },
    "condition": {
      "urlFilter": "||adrequest.net^",
      "domainType": "thirdParty"
    },
    "priority": 2
  },
  {
    "id": 36,
    "action": {
      "type": "block"
    },
    "condition": {
      "urlFilter": "||adshim.com^",
      "domainType": "thirdParty"
    },
    "priority": 2
  },
  {
    "id": 37,
    "action": {
      "type": "block"
    },
    "condition": {
      "urlFilter": "||adswag.nl^",
      "domainType": "thirdParty"
    },
    "priority": 2
  },
  {
    "id": 38,
    "action": {
      "type": "block"
    },
    "condition": {
      "urlFilter": "||affilaxy.com^",
      "domainType": "thirdParty"
    },
    "priority": 2
  },
  {
    "id": 39,
    "action": {
      "type": "block"
    },
    "condition": {
      "urlFilter": "||affiliatepartners.com^",
      "domainType": "thirdParty"
    },
    "priority": 2
  },
  {
    "id": 40,
    "action": {
      "type": "block"
    },
    "condition": {
      "urlFilter": "||affiliateprogramma.eu^",
      "domainType": "thirdParty"
    },
    "priority": 2
  },
  {
    "id": 41,
    "action": {
      "type": "block"
    },
    "condition": {
      "urlFilter": "||banner-online.nl^",
      "domainType": "thirdParty"
    },
    "priority": 2
  },
  {
    "id": 42,
    "action": {
      "type": "block"
    },
    "condition": {
      "urlFilter": "||believe-the-hype.be^",
      "domainType": "thirdParty"
    },
    "priority": 2
  },
  {
    "id": 43,
    "action": {
      "type": "block"
    },
    "condition": {
      "urlFilter": "||botndm.nl^",
      "domainType": "thirdParty"
    },
    "priority": 2
  },
  {
    "id": 44,
    "action": {
      "type": "block"
    },
    "condition": {
      "urlFilter": "||cashpartners.eu^",
      "domainType": "thirdParty"
    },
    "priority": 2
  },
  {
    "id": 45,
    "action": {
      "type": "block"
    },
    "condition": {
      "urlFilter": "||crnsgngrpj.nl^"
    },
    "priority": 1
  },
  {
    "id": 46,
    "action": {
      "type": "block"
    },
    "condition": {
      "urlFilter": "||dntblckmpls.nl^"
    },
    "priority": 1
  },
  {
    "id": 47,
    "action": {
      "type": "block"
    },
    "condition": {
      "urlFilter": "||ds1.nl^",
      "domainType": "thirdParty"
    },
    "priority": 2
  },
  {
    "id": 48,
    "action": {
      "type": "block"
    },
    "condition": {
      "urlFilter": "||dt51.net^",
      "domainType": "thirdParty"
    },
    "priority": 2
  },
  {
    "id": 49,
    "action": {
      "type": "block"
    },
    "condition": {
      "urlFilter": "||dt71.net^",
      "domainType": "thirdParty"
    },
    "priority": 2
  },
  {
    "id": 50,
    "action": {
      "type": "block"
    },
    "condition": {
      "urlFilter": "||gratis-neuken.com^",
      "domainType": "thirdParty"
    },
    "priority": 2
  },
  {
    "id": 51,
    "action": {
      "type": "block"
    },
    "condition": {
      "urlFilter": "||mt67.net^"
    },
    "priority": 1
  },
  {
    "id": 52,
    "action": {
      "type": "block"
    },
    "condition": {
      "urlFilter": "||nojazz.eu^"
    },
    "priority": 1
  },
  {
    "id": 53,
    "action": {
      "type": "block"
    },
    "condition": {
      "urlFilter": "||nonstoppartner.net^",
      "domainType": "thirdParty"
    },
    "priority": 2
  },
  {
    "id": 54,
    "action": {
      "type": "block"
    },
    "condition": {
      "urlFilter": "||online-banners.nl^",
      "domainType": "thirdParty"
    },
    "priority": 2
  },
  {
    "id": 55,
    "action": {
      "type": "block"
    },
    "condition": {
      "urlFilter": "||optoutadvertising.com^",
      "domainType": "thirdParty"
    },
    "priority": 2
  },
  {
    "id": 56,
    "action": {
      "type": "block"
    },
    "condition": {
      "urlFilter": "||publize.net^"
    },
    "priority": 1
  },
  {
    "id": 57,
    "action": {
      "type": "block"
    },
    "condition": {
      "urlFilter": "||sponsorkliks.com^",
      "domainType": "thirdParty"
    },
    "priority": 2
  },
  {
    "id": 58,
    "action": {
      "type": "block"
    },
    "condition": {
      "urlFilter": "||static-dscn.net^",
      "domainType": "thirdParty"
    },
    "priority": 2
  },
  {
    "id": 59,
    "action": {
      "type": "block"
    },
    "condition": {
      "urlFilter": "||tools-affil2.com^",
      "domainType": "thirdParty"
    },
    "priority": 2
  },
  {
    "id": 60,
    "action": {
      "type": "block"
    },
    "condition": {
      "urlFilter": "||tools.islive.nl^",
      "domainType": "thirdParty"
    },
    "priority": 2
  },
  {
    "id": 61,
    "action": {
      "type": "block"
    },
    "condition": {
      "urlFilter": "||travelads.be^",
      "domainType": "thirdParty"
    },
    "priority": 2
  },
  {
    "id": 62,
    "action": {
      "type": "block"
    },
    "condition": {
      "urlFilter": "||trickyrock.com^"
    },
    "priority": 1
  },
  {
    "id": 63,
    "action": {
      "type": "block"
    },
    "condition": {
      "urlFilter": "||viadata.store^"
    },
    "priority": 1
  },
  {
    "id": 64,
    "action": {
      "type": "block"
    },
    "condition": {
      "urlFilter": "||vpscash.nl^",
      "domainType": "thirdParty"
    },
    "priority": 2
  },
  {
    "id": 65,
    "action": {
      "type": "block"
    },
    "condition": {
      "urlFilter": "||xpartners.nl^",
      "domainType": "thirdParty"
    },
    "priority": 2
  },
  {
    "id": 66,
    "action": {
      "type": "block"
    },
    "condition": {
      "urlFilter": ".nl/adurl/",
      "initiatorDomains": [
        "start-player.npo.nl"
      ],
      "resourceTypes": [
        "xmlhttprequest"
      ]
    },
    "priority": 301
  },
  {
    "id": 67,
    "action": {
      "type": "block"
    },
    "condition": {
      "urlFilter": "||adcdn.ster.nl^",
      "domainType": "thirdParty"
    },
    "priority": 2
  },
  {
    "id": 68,
    "action": {
      "type": "block"
    },
    "condition": {
      "urlFilter": "||ads.nextday.media^"
    },
    "priority": 1
  },
  {
    "id": 69,
    "action": {
      "type": "block"
    },
    "condition": {
      "urlFilter": "||advertising-cdn.dpgmedia.cloud^"
    },
    "priority": 1
  },
  {
    "id": 70,
    "action": {
      "type": "block"
    },
    "condition": {
      "urlFilter": "||advertising-module.api.dpgmedia.cloud^"
    },
    "priority": 1
  },
  {
    "id": 71,
    "action": {
      "type": "block"
    },
    "condition": {
      "urlFilter": "||bannersimages.s-bol.com^",
      "domainType": "thirdParty"
    },
    "priority": 2
  },
  {
    "id": 72,
    "action": {
      "type": "block"
    },
    "condition": {
      "urlFilter": "||bnpparibasmarkets.nl/widget/",
      "domainType": "thirdParty"
    },
    "priority": 2
  },
  {
    "id": 73,
    "action": {
      "type": "block"
    },
    "condition": {
      "urlFilter": "||bol.com/nl/upload/banners/"
    },
    "priority": 1
  },
  {
    "id": 74,
    "action": {
      "type": "block"
    },
    "condition": {
      "urlFilter": "||bol.com/nl/upload/partnerprogramma/"
    },
    "priority": 1
  },
  {
    "id": 75,
    "action": {
      "type": "block"
    },
    "condition": {
      "urlFilter": "||centraal.helpmij.nl/images/nieuwsbrief/nod32-colofon.jpg"
    },
    "priority": 1
  },
  {
    "id": 76,
    "action": {
      "type": "block"
    },
    "condition": {
      "urlFilter": "||cloudfront.net/-/media/6-parnerships/",
      "initiatorDomains": [
        "feyenoord.nl"
      ]
    },
    "priority": 201
  },
  {
    "id": 77,
    "action": {
      "type": "block"
    },
    "condition": {
      "urlFilter": "||cloudfront.net/assets/images/partners/",
      "initiatorDomains": [
        "feyenoord.nl"
      ]
    },
    "priority": 201
  },
  {
    "id": 78,
    "action": {
      "type": "block"
    },
    "condition": {
      "urlFilter": "||cloudfront.net/banners/",
      "initiatorDomains": [
        "eredivisie.nl"
      ]
    },
    "priority": 201
  },
  {
    "id": 79,
    "action": {
      "type": "block"
    },
    "condition": {
      "urlFilter": "||feenstra-internetservices.nl/?_dnid=",
      "domainType": "thirdParty"
    },
    "priority": 2
  },
  {
    "id": 80,
    "action": {
      "type": "block"
    },
    "condition": {
      "urlFilter": "||flexwebhosting.nl/banners/"
    },
    "priority": 1
  },
  {
    "id": 81,
    "action": {
      "type": "block"
    },
    "condition": {
      "urlFilter": "||fx.nl/_ext/widget/",
      "domainType": "thirdParty"
    },
    "priority": 2
  },
  {
    "id": 82,
    "action": {
      "type": "block"
    },
    "condition": {
      "urlFilter": "||go2.go2cloud.org^"
    },
    "priority": 1
  },
  {
    "id": 83,
    "action": {
      "type": "block"
    },
    "condition": {
      "urlFilter": "||infotalia.com/worktalia_promo_"
    },
    "priority": 1
  },
  {
    "id": 84,
    "action": {
      "type": "block"
    },
    "condition": {
      "urlFilter": "||jobat.be/extra/trackuityhn/ticker_new.html",
      "domainType": "thirdParty"
    },
    "priority": 2
  },
  {
    "id": 85,
    "action": {
      "type": "block"
    },
    "condition": {
      "urlFilter": "||jobfish.nl/widget/",
      "domainType": "thirdParty"
    },
    "priority": 2
  },
  {
    "id": 86,
    "action": {
      "type": "block"
    },
    "condition": {
      "urlFilter": "||kjdsfjisdfjr23.azurewebsites.net^"
    },
    "priority": 1
  },
  {
    "id": 87,
    "action": {
      "type": "block"
    },
    "condition": {
      "urlFilter": "||mmcdn.nl/tags/"
    },
    "priority": 1
  },
  {
    "id": 88,
    "action": {
      "type": "block"
    },
    "condition": {
      "urlFilter": "||nextdaymedia-ads.s3.amazonaws.com^"
    },
    "priority": 1
  },
  {
    "id": 89,
    "action": {
      "type": "block"
    },
    "condition": {
      "urlFilter": "||ouders.nl/uploads/alt/",
      "initiatorDomains": [
        "viafora.nl"
      ]
    },
    "priority": 201
  },
  {
    "id": 90,
    "action": {
      "type": "block"
    },
    "condition": {
      "urlFilter": "||partner.bol.com^",
      "domainType": "thirdParty"
    },
    "priority": 2
  },
  {
    "id": 91,
    "action": {
      "type": "block"
    },
    "condition": {
      "urlFilter": "||partnerprogramma.bol.com^",
      "domainType": "thirdParty"
    },
    "priority": 2
  },
  {
    "id": 92,
    "action": {
      "type": "block"
    },
    "condition": {
      "urlFilter": "||pexi.nl/dpos/widget-",
      "initiatorDomains": [
        "intermediair.nl"
      ]
    },
    "priority": 201
  },
  {
    "id": 93,
    "action": {
      "type": "block"
    },
    "condition": {
      "urlFilter": "||pornokartel.nl^",
      "domainType": "thirdParty",
      "resourceTypes": [
        "image"
      ]
    },
    "priority": 102
  },
  {
    "id": 94,
    "action": {
      "type": "block"
    },
    "condition": {
      "urlFilter": "||pubble.nl/content.svc/getadcollection?"
    },
    "priority": 1
  },
  {
    "id": 95,
    "action": {
      "type": "block"
    },
    "condition": {
      "urlFilter": "||recreatief.nl/kerstarrangementen.gif"
    },
    "priority": 1
  },
  {
    "id": 96,
    "action": {
      "type": "block"
    },
    "condition": {
      "urlFilter": "||s-bol.com/nl/upload/partnerprogramma/"
    },
    "priority": 1
  },
  {
    "id": 97,
    "action": {
      "type": "block"
    },
    "condition": {
      "urlFilter": "||search-result.com^*/klokad2.js"
    },
    "priority": 1
  },
  {
    "id": 98,
    "action": {
      "type": "block"
    },
    "condition": {
      "urlFilter": "||sedproductions.nl/banners/"
    },
    "priority": 1
  },
  {
    "id": 99,
    "action": {
      "type": "block"
    },
    "condition": {
      "urlFilter": "||seks.com/img/bnr.gif"
    },
    "priority": 1
  },
  {
    "id": 100,
    "action": {
      "type": "block"
    },
    "condition": {
      "urlFilter": "||seksbuddy.nl/img/frontend/banners/"
    },
    "priority": 1
  },
  {
    "id": 101,
    "action": {
      "type": "block"
    },
    "condition": {
      "urlFilter": "||sociaaldigitaal.nl/img/banner-",
      "domainType": "thirdParty"
    },
    "priority": 2
  },
  {
    "id": 102,
    "action": {
      "type": "block"
    },
    "condition": {
      "urlFilter": "||sp.dpgmedia.net^",
      "domainType": "thirdParty"
    },
    "priority": 2
  },
  {
    "id": 103,
    "action": {
      "type": "block"
    },
    "condition": {
      "urlFilter": "||stepstone.be/*?event=widgettool.",
      "domainType": "thirdParty"
    },
    "priority": 2
  },
  {
    "id": 104,
    "action": {
      "type": "block"
    },
    "condition": {
      "urlFilter": "||strafrechtadvocaten.nl/media/banner/",
      "domainType": "thirdParty"
    },
    "priority": 2
  },
  {
    "id": 105,
    "action": {
      "type": "block"
    },
    "condition": {
      "urlFilter": "||swpportal.com/upload/squarebanners/"
    },
    "priority": 1
  },
  {
    "id": 106,
    "action": {
      "type": "block"
    },
    "condition": {
      "urlFilter": "||t.bazarow.com^",
      "domainType": "thirdParty"
    },
    "priority": 2
  },
  {
    "id": 107,
    "action": {
      "type": "block"
    },
    "condition": {
      "urlFilter": "||traffic.12flirt.com^"
    },
    "priority": 1
  },
  {
    "id": 108,
    "action": {
      "type": "block"
    },
    "condition": {
      "urlFilter": "||viralize.tv/display/",
      "initiatorDomains": [
        "albrandswaardsdagblad.nl",
        "barendrechtsdagblad.nl",
        "dagblad010.nl",
        "dagblad070.nl",
        "goudsdagblad.nl",
        "ridderkerksdagblad.nl",
        "rijswijksdagblad.nl",
        "sgxl.nl",
        "startpagina.nl",
        "voorburgsdagblad.nl",
        "zoetermeersdagblad.nl"
      ]
    },
    "priority": 111
  },
  {
    "id": 109,
    "action": {
      "type": "block"
    },
    "condition": {
      "urlFilter": "||wertuipsertj34.azurewebsites.net^",
      "resourceTypes": [
        "xmlhttprequest"
      ]
    },
    "priority": 101
  },
  {
    "id": 110,
    "action": {
      "type": "block"
    },
    "condition": {
      "urlFilter": "||widget.vpnnederland.nl^",
      "initiatorDomains": [
        "nzbserver.com"
      ]
    },
    "priority": 201
  },
  {
    "id": 111,
    "action": {
      "type": "block"
    },
    "condition": {
      "urlFilter": "||widgets.skyscanner.net^",
      "initiatorDomains": [
        "puuropreis.nl"
      ]
    },
    "priority": 201
  },
  {
    "id": 112,
    "action": {
      "type": "block"
    },
    "condition": {
      "urlFilter": "||windows.net/banners/",
      "initiatorDomains": [
        "agf.nl",
        "bpnieuws.nl",
        "groentennieuws.nl",
        "uiennieuws.nl"
      ]
    },
    "priority": 126
  },
  {
    "id": 113,
    "action": {
      "type": "block"
    },
    "condition": {
      "urlFilter": "||wp.com/www.bol.com/nl/upload/partnerprogramma/"
    },
    "priority": 1
  },
  {
    "id": 114,
    "action": {
      "type": "block"
    },
    "condition": {
      "urlFilter": "||xmissy.nl/admnfiles1809/sinclub/freechatbanner_"
    },
    "priority": 1
  },
  {
    "id": 115,
    "action": {
      "type": "block"
    },
    "condition": {
      "urlFilter": "||123video.nl^*/300x100_"
    },
    "priority": 1
  },
  {
    "id": 116,
    "action": {
      "type": "block"
    },
    "condition": {
      "urlFilter": "||1twente.nl/ads/"
    },
    "priority": 1
  },
  {
    "id": 117,
    "action": {
      "type": "block"
    },
    "condition": {
      "urlFilter": "||24cars.nl/api/advertise-deliver/"
    },
    "priority": 1
  },
  {
    "id": 118,
    "action": {
      "type": "block"
    },
    "condition": {
      "urlFilter": "||2link.be/banners/"
    },
    "priority": 1
  },
  {
    "id": 119,
    "action": {
      "type": "block"
    },
    "condition": {
      "urlFilter": "||aa.tweakers.nl^"
    },
    "priority": 1
  },
  {
    "id": 120,
    "action": {
      "type": "block"
    },
    "condition": {
      "urlFilter": "||aafm.nl/cms/wp-content/themes/omroepalmelo/img/banners/"
    },
    "priority": 1
  },
  {
    "id": 121,
    "action": {
      "type": "block"
    },
    "condition": {
      "urlFilter": "||abcsuriname.com/images/banners/"
    },
    "priority": 1
  },
  {
    "id": 122,
    "action": {
      "type": "block"
    },
    "condition": {
      "urlFilter": "||adodenhaag.nl/images/banners/"
    },
    "priority": 1
  },
  {
    "id": 123,
    "action": {
      "type": "block"
    },
    "condition": {
      "urlFilter": "||agconnect.nl/sites/ag/files/styles/partner_"
    },
    "priority": 1
  },
  {
    "id": 124,
    "action": {
      "type": "block"
    },
    "condition": {
      "urlFilter": "||am-forum.nl/upload/logo_elektrodump.png"
    },
    "priority": 1
  },
  {
    "id": 125,
    "action": {
      "type": "block"
    },
    "condition": {
      "urlFilter": "||antilliaansdagblad.com/images/banners/"
    },
    "priority": 1
  },
  {
    "id": 126,
    "action": {
      "type": "block"
    },
    "condition": {
      "urlFilter": "||apintie.sr/bannerz/"
    },
    "priority": 1
  },
  {
    "id": 127,
    "action": {
      "type": "block"
    },
    "condition": {
      "urlFilter": "||autosport.nl/images/banner-"
    },
    "priority": 1
  },
  {
    "id": 128,
    "action": {
      "type": "block"
    },
    "condition": {
      "urlFilter": "||autosport.nl/images/banners/"
    },
    "priority": 1
  },
  {
    "id": 129,
    "action": {
      "type": "block"
    },
    "condition": {
      "urlFilter": "||baarsclassicrock.nl/wp-content/uploads/*/banner_"
    },
    "priority": 1
  },
  {
    "id": 130,
    "action": {
      "type": "block"
    },
    "condition": {
      "urlFilter": "||bdsm-vrienden.nl/sb_data/modules/mod_aav/"
    },
    "priority": 1
  },
  {
    "id": 131,
    "action": {
      "type": "block"
    },
    "condition": {
      "urlFilter": "||bdsmgirl.nl/banners/"
    },
    "priority": 1
  },
  {
    "id": 132,
    "action": {
      "type": "block"
    },
    "condition": {
      "urlFilter": "||bdsmgirl.nl^*/banner/"
    },
    "priority": 1
  },
  {
    "id": 133,
    "action": {
      "type": "block"
    },
    "condition": {
      "urlFilter": "||belgiancycling.be^*/banners/"
    },
    "priority": 1
  },
  {
    "id": 134,
    "action": {
      "type": "block"
    },
    "condition": {
      "urlFilter": "||belgiancycling.be^*/logo%27s%20partners/"
    },
    "priority": 1
  },
  {
    "id": 135,
    "action": {
      "type": "block"
    },
    "condition": {
      "urlFilter": "||bloovi.be/frontend/files/banners/"
    },
    "priority": 1
  },
  {
    "id": 136,
    "action": {
      "type": "block"
    },
    "condition": {
      "urlFilter": "||bodemvondstenwereld.nl/images/banners/"
    },
    "priority": 1
  },
  {
    "id": 137,
    "action": {
      "type": "block"
    },
    "condition": {
      "urlFilter": "||boek9.nl/sites/default/files/advertisements/"
    },
    "priority": 1
  },
  {
    "id": 138,
    "action": {
      "type": "block"
    },
    "condition": {
      "urlFilter": "||boek9.nl/sites/default/files/rotating-banners/"
    },
    "priority": 1
  },
  {
    "id": 139,
    "action": {
      "type": "block"
    },
    "condition": {
      "urlFilter": "||bol-an.nl/wp-content/uploads/*/adv_"
    },
    "priority": 1
  },
  {
    "id": 140,
    "action": {
      "type": "block"
    },
    "condition": {
      "urlFilter": "||brandweerspotters.nl/modules/banners/"
    },
    "priority": 1
  },
  {
    "id": 141,
    "action": {
      "type": "block"
    },
    "condition": {
      "urlFilter": "||buzzbie.nl/uploads/banners/"
    },
    "priority": 1
  },
  {
    "id": 142,
    "action": {
      "type": "block"
    },
    "condition": {
      "urlFilter": "||cdn-tmo.nl^*/banners/"
    },
    "priority": 1
  },
  {
    "id": 143,
    "action": {
      "type": "block"
    },
    "condition": {
      "urlFilter": "||cdn-webcam-harlingen.nl/adv/"
    },
    "priority": 1
  },
  {
    "id": 144,
    "action": {
      "type": "block"
    },
    "condition": {
      "urlFilter": "||chatmetvreemden.be/static/html/"
    },
    "priority": 1
  },
  {
    "id": 145,
    "action": {
      "type": "block"
    },
    "condition": {
      "urlFilter": "||chatmetvreemden.nl/static/html/"
    },
    "priority": 1
  },
  {
    "id": 146,
    "action": {
      "type": "block"
    },
    "condition": {
      "urlFilter": "||christelijknieuws.nl^*/banner/"
    },
    "priority": 1
  },
  {
    "id": 147,
    "action": {
      "type": "block"
    },
    "condition": {
      "urlFilter": "||ciaotutti.nl/wp-content/uploads/banner_"
    },
    "priority": 1
  },
  {
    "id": 148,
    "action": {
      "type": "block"
    },
    "condition": {
      "urlFilter": "||clubbrugge.be^*/partner/"
    },
    "priority": 1
  },
  {
    "id": 149,
    "action": {
      "type": "block"
    },
    "condition": {
      "urlFilter": "||coastline945fm.nl/cache/partners/"
    },
    "priority": 1
  },
  {
    "id": 150,
    "action": {
      "type": "block"
    },
    "condition": {
      "urlFilter": "||coastlinefm.nl/cache/partners/"
    },
    "priority": 1
  },
  {
    "id": 151,
    "action": {
      "type": "block"
    },
    "condition": {
      "urlFilter": "||content1.pcmweb.nl^"
    },
    "priority": 1
  },
  {
    "id": 152,
    "action": {
      "type": "block"
    },
    "condition": {
      "urlFilter": "||content1.pu.nl^"
    },
    "priority": 1
  },
  {
    "id": 153,
    "action": {
      "type": "block"
    },
    "condition": {
      "urlFilter": "||content1.wasmachines.nl^"
    },
    "priority": 1
  },
  {
    "id": 154,
    "action": {
      "type": "block"
    },
    "condition": {
      "urlFilter": "||content1.zoom.nl^"
    },
    "priority": 1
  },
  {
    "id": 155,
    "action": {
      "type": "block"
    },
    "condition": {
      "urlFilter": "||content2.besteproduct.nl^"
    },
    "priority": 1
  },
  {
    "id": 156,
    "action": {
      "type": "block"
    },
    "condition": {
      "urlFilter": "||content2.kieskeurig.nl^"
    },
    "priority": 1
  },
  {
    "id": 157,
    "action": {
      "type": "block"
    },
    "condition": {
      "urlFilter": "||content2.pu.nl^"
    },
    "priority": 1
  },
  {
    "id": 158,
    "action": {
      "type": "block"
    },
    "condition": {
      "urlFilter": "||content2.wasmachines.nl^"
    },
    "priority": 1
  },
  {
    "id": 159,
    "action": {
      "type": "block"
    },
    "condition": {
      "urlFilter": "||content2.zoom.nl^"
    },
    "priority": 1
  },
  {
    "id": 160,
    "action": {
      "type": "block"
    },
    "condition": {
      "urlFilter": "||cryptobenelux.com/wp-content/uploads/*-banner-"
    },
    "priority": 1
  },
  {
    "id": 161,
    "action": {
      "type": "block"
    },
    "condition": {
      "urlFilter": "||cryptobenelux.com/wp-content/uploads/*-banner."
    },
    "priority": 1
  },
  {
    "id": 162,
    "action": {
      "type": "block"
    },
    "condition": {
      "urlFilter": "||cryptobenelux.com/wp-content/uploads/*/banner_"
    },
    "priority": 1
  },
  {
    "id": 163,
    "action": {
      "type": "block"
    },
    "condition": {
      "urlFilter": "||cryptoprijzen.com/cryptoprijzen-widget/"
    },
    "priority": 1
  },
  {
    "id": 164,
    "action": {
      "type": "block"
    },
    "condition": {
      "urlFilter": "||debestevpn.nl/wp-content/*-banner."
    },
    "priority": 1
  },
  {
    "id": 165,
    "action": {
      "type": "block"
    },
    "condition": {
      "urlFilter": "||decibel.nl/wp-content/uploads/*/banner-"
    },
    "priority": 1
  },
  {
    "id": 166,
    "action": {
      "type": "block"
    },
    "condition": {
      "urlFilter": "||dewereldmorgen.be/wp-content/banners/"
    },
    "priority": 1
  },
  {
    "id": 167,
    "action": {
      "type": "block"
    },
    "condition": {
      "urlFilter": "||digitaalburg.com/rn02/wp-content/uploads/*/cornetanimationa-"
    },
    "priority": 1
  },
  {
    "id": 168,
    "action": {
      "type": "block"
    },
    "condition": {
      "urlFilter": "||digitaalburg.com/rn02/wp-content/uploads/*/merkx11.png"
    },
    "priority": 1
  },
  {
    "id": 169,
    "action": {
      "type": "block"
    },
    "condition": {
      "urlFilter": "||digitaalburg.com/rn02/wp-content/uploads/*/roel.jpg"
    },
    "priority": 1
  },
  {
    "id": 170,
    "action": {
      "type": "block"
    },
    "condition": {
      "urlFilter": "||digitaalburg.com/rn02/wp-content/uploads/*/uitwaard21.jpg"
    },
    "priority": 1
  },
  {
    "id": 171,
    "action": {
      "type": "block"
    },
    "condition": {
      "urlFilter": "||digitaalburg.com/rn02/wp-content/uploads/*/vacature-"
    },
    "priority": 1
  },
  {
    "id": 172,
    "action": {
      "type": "block"
    },
    "condition": {
      "urlFilter": "||digitaalburg.com/rn02/wp-content/uploads/*/vertiadvies_"
    },
    "priority": 1
  },
  {
    "id": 173,
    "action": {
      "type": "block"
    },
    "condition": {
      "urlFilter": "||digitaalburg.com/rn02/wp-content/uploads/*/webbanner-"
    },
    "priority": 1
  },
  {
    "id": 174,
    "action": {
      "type": "block"
    },
    "condition": {
      "urlFilter": "||dolcevia.com^*/banners/"
    },
    "priority": 1
  },
  {
    "id": 175,
    "action": {
      "type": "block"
    },
    "condition": {
      "urlFilter": "||duurzaam-actueel.nl^*banner"
    },
    "priority": 1
  },
  {
    "id": 176,
    "action": {
      "type": "block"
    },
    "condition": {
      "urlFilter": "||edelmetaal-info.nl/cdfund-336x280.html"
    },
    "priority": 1
  },
  {
    "id": 177,
    "action": {
      "type": "block"
    },
    "condition": {
      "urlFilter": "||edelmetaal-info.nl/wp-content/uploads/images/goudpensioen/"
    },
    "priority": 1
  },
  {
    "id": 178,
    "action": {
      "type": "block"
    },
    "condition": {
      "urlFilter": "||eredivisie.nl/images/logos/partners/"
    },
    "priority": 1
  },
  {
    "id": 179,
    "action": {
      "type": "block"
    },
    "condition": {
      "urlFilter": "||excellentfm.nl/images/aanbieding/"
    },
    "priority": 1
  },
  {
    "id": 180,
    "action": {
      "type": "block"
    },
    "condition": {
      "urlFilter": "||fanclubbarcelona.nl/viewfile/mainbanner/"
    },
    "priority": 1
  },
  {
    "id": 181,
    "action": {
      "type": "block"
    },
    "condition": {
      "urlFilter": "||farmaline.be/assets/banners/"
    },
    "priority": 1
  },
  {
    "id": 182,
    "action": {
      "type": "block"
    },
    "condition": {
      "urlFilter": "||fcupdate.nl/js/adslot.js"
    },
    "priority": 1
  },
  {
    "id": 183,
    "action": {
      "type": "block"
    },
    "condition": {
      "urlFilter": "||fcutrecht.net/img/banners/"
    },
    "priority": 1
  },
  {
    "id": 184,
    "action": {
      "type": "block"
    },
    "condition": {
      "urlFilter": "||flirtmee.nl/img/160x70_sponsor-"
    },
    "priority": 1
  },
  {
    "id": 185,
    "action": {
      "type": "block"
    },
    "condition": {
      "urlFilter": "||floranews.com/img/banner/"
    },
    "priority": 1
  },
  {
    "id": 186,
    "action": {
      "type": "block"
    },
    "condition": {
      "urlFilter": "||fonkmagazine.nl/adds/"
    },
    "priority": 1
  },
  {
    "id": 187,
    "action": {
      "type": "block"
    },
    "condition": {
      "urlFilter": "||fonkonline.nl/adds/"
    },
    "priority": 1
  },
  {
    "id": 188,
    "action": {
      "type": "block"
    },
    "condition": {
      "urlFilter": "||forum.spaarinformatie.nl/si-info.html"
    },
    "priority": 1
  },
  {
    "id": 189,
    "action": {
      "type": "block"
    },
    "condition": {
      "urlFilter": "||genemuidenactueel.nl^*banner"
    },
    "priority": 1
  },
  {
    "id": 190,
    "action": {
      "type": "block"
    },
    "condition": {
      "urlFilter": "||gic.nl/uploads/fckconnector/"
    },
    "priority": 1
  },
  {
    "id": 191,
    "action": {
      "type": "block"
    },
    "condition": {
      "urlFilter": "||gigantfm.nl/upload/20170420110645812.jpg"
    },
    "priority": 1
  },
  {
    "id": 192,
    "action": {
      "type": "block"
    },
    "condition": {
      "urlFilter": "||gigantfm.nl/upload/20210730122903794.gif"
    },
    "priority": 1
  },
  {
    "id": 193,
    "action": {
      "type": "block"
    },
    "condition": {
      "urlFilter": "||gigantfm.nl/upload/autoonderdelen24_1.png"
    },
    "priority": 1
  },
  {
    "id": 194,
    "action": {
      "type": "block"
    },
    "condition": {
      "urlFilter": "||gigantfm.nl/upload/onderdelenshop.gif"
    },
    "priority": 1
  },
  {
    "id": 195,
    "action": {
      "type": "block"
    },
    "condition": {
      "urlFilter": "||goedkoopstekeukensduitsland.nl/wp-content/uploads/*/i-kook-banner.jpg"
    },
    "priority": 1
  },
  {
    "id": 196,
    "action": {
      "type": "block"
    },
    "condition": {
      "urlFilter": "||goedkoopstekeukensduitsland.nl/wp-content/uploads/*/keuken-ontwerp-aan-huis.jpg"
    },
    "priority": 1
  },
  {
    "id": 197,
    "action": {
      "type": "block"
    },
    "condition": {
      "urlFilter": "||goedkoopstekeukensduitsland.nl/wp-content/uploads/*/keukenplaats.jpg"
    },
    "priority": 1
  },
  {
    "id": 198,
    "action": {
      "type": "block"
    },
    "condition": {
      "urlFilter": "||golf.be/files/bannerimage/"
    },
    "priority": 1
  },
  {
    "id": 199,
    "action": {
      "type": "block"
    },
    "condition": {
      "urlFilter": "||gratissextube.be/banners/"
    },
    "priority": 1
  },
  {
    "id": 200,
    "action": {
      "type": "block"
    },
    "condition": {
      "urlFilter": "||greenkeeper.nl/upload/banners/"
    },
    "priority": 1
  },
  {
    "id": 201,
    "action": {
      "type": "block"
    },
    "condition": {
      "urlFilter": "||greenkeeper.nl/upload/relaties/"
    },
    "priority": 1
  },
  {
    "id": 202,
    "action": {
      "type": "block"
    },
    "condition": {
      "urlFilter": "||groentennieuws.nl^*/banners/"
    },
    "priority": 1
  },
  {
    "id": 203,
    "action": {
      "type": "block"
    },
    "condition": {
      "urlFilter": "||halstadcentraal.nl/images/banners/"
    },
    "priority": 1
  },
  {
    "id": 204,
    "action": {
      "type": "block"
    },
    "condition": {
      "urlFilter": "||handbalstartpunt.nl/content/schoonkapje.gif"
    },
    "priority": 1
  },
  {
    "id": 205,
    "action": {
      "type": "block"
    },
    "condition": {
      "urlFilter": "||handbalstartpunt.nl/images/mizuno-small.jpg"
    },
    "priority": 1
  },
  {
    "id": 206,
    "action": {
      "type": "block"
    },
    "condition": {
      "urlFilter": "||hoekschnieuws.nl/banner/"
    },
    "priority": 1
  },
  {
    "id": 207,
    "action": {
      "type": "block"
    },
    "condition": {
      "urlFilter": "||hoekschnieuws.nl/wp-content/uploads/*/banner-"
    },
    "priority": 1
  },
  {
    "id": 208,
    "action": {
      "type": "block"
    },
    "condition": {
      "urlFilter": "||hotradiohits.nl/image/picture/*_banner."
    },
    "priority": 1
  },
  {
    "id": 209,
    "action": {
      "type": "block"
    },
    "condition": {
      "urlFilter": "||htforum.nl/yabbse/*-banner2.gif"
    },
    "priority": 1
  },
  {
    "id": 210,
    "action": {
      "type": "block"
    },
    "condition": {
      "urlFilter": "||htforum.nl/yabbse/banners/"
    },
    "priority": 1
  },
  {
    "id": 211,
    "action": {
      "type": "block"
    },
    "condition": {
      "urlFilter": "||htforum.nl/yabbse/topframe_v3.php"
    },
    "priority": 1
  },
  {
    "id": 212,
    "action": {
      "type": "block"
    },
    "condition": {
      "urlFilter": "||iex.nl/uploads/banners/"
    },
    "priority": 1
  },
  {
    "id": 213,
    "action": {
      "type": "block"
    },
    "condition": {
      "urlFilter": "||katholiek.nl/wp-content/uploads/*/banner-"
    },
    "priority": 1
  },
  {
    "id": 214,
    "action": {
      "type": "block"
    },
    "condition": {
      "urlFilter": "||kavelplatform.nl/assets/uploads/banners/"
    },
    "priority": 1
  },
  {
    "id": 215,
    "action": {
      "type": "block"
    },
    "condition": {
      "urlFilter": "||kilroynews.net^*banner"
    },
    "priority": 1
  },
  {
    "id": 216,
    "action": {
      "type": "block"
    },
    "condition": {
      "urlFilter": "||klokradio.nl/wp-content/uploads/*/adv-"
    },
    "priority": 1
  },
  {
    "id": 217,
    "action": {
      "type": "block"
    },
    "condition": {
      "urlFilter": "||kranenwebsite.nl/banners/"
    },
    "priority": 1
  },
  {
    "id": 218,
    "action": {
      "type": "block"
    },
    "condition": {
      "urlFilter": "||landenweb.nl/imgboeking/"
    },
    "priority": 1
  },
  {
    "id": 219,
    "action": {
      "type": "block"
    },
    "condition": {
      "urlFilter": "||linqmedia.nl/cwm/fm/userfiles/banner/"
    },
    "priority": 1
  },
  {
    "id": 220,
    "action": {
      "type": "block"
    },
    "condition": {
      "urlFilter": "||loemedia.nl/wp-content/uploads/*/bannerpruisschilderwerken-"
    },
    "priority": 1
  },
  {
    "id": 221,
    "action": {
      "type": "block"
    },
    "condition": {
      "urlFilter": "||loemedia.nl/wp-content/uploads/*/hemabannergroot-"
    },
    "priority": 1
  },
  {
    "id": 222,
    "action": {
      "type": "block"
    },
    "condition": {
      "urlFilter": "||lokaleomroepzeewolde.nl/images/banners/"
    },
    "priority": 1
  },
  {
    "id": 223,
    "action": {
      "type": "block"
    },
    "condition": {
      "urlFilter": "||luister.nl/wp-content/uploads/*/banner_"
    },
    "priority": 1
  },
  {
    "id": 224,
    "action": {
      "type": "block"
    },
    "condition": {
      "urlFilter": "||maarkelsnieuws.nl/banners/"
    },
    "priority": 1
  },
  {
    "id": 225,
    "action": {
      "type": "block"
    },
    "condition": {
      "urlFilter": "||maaslandradio.nl/wp-content/uploads/*/autodoc."
    },
    "priority": 1
  },
  {
    "id": 226,
    "action": {
      "type": "block"
    },
    "condition": {
      "urlFilter": "||maaslandradio.nl/wp-content/uploads/*/banner-"
    },
    "priority": 1
  },
  {
    "id": 227,
    "action": {
      "type": "block"
    },
    "condition": {
      "urlFilter": "||maaslandradio.nl/wp-content/uploads/*/hekwerkland."
    },
    "priority": 1
  },
  {
    "id": 228,
    "action": {
      "type": "block"
    },
    "condition": {
      "urlFilter": "||mandelnieuws.be^*/sponsors/"
    },
    "priority": 1
  },
  {
    "id": 229,
    "action": {
      "type": "block"
    },
    "condition": {
      "urlFilter": "||mannennieuws.nl/wp-content/uploads/*-banner."
    },
    "priority": 1
  },
  {
    "id": 230,
    "action": {
      "type": "block"
    },
    "condition": {
      "urlFilter": "||marktplaats.nl/*/api/complementary-listings?"
    },
    "priority": 1
  },
  {
    "id": 231,
    "action": {
      "type": "block"
    },
    "condition": {
      "urlFilter": "||meerdangewenst.nl^*/sponsors/"
    },
    "priority": 1
  },
  {
    "id": 232,
    "action": {
      "type": "block"
    },
    "condition": {
      "urlFilter": "||metalfan.nl/banners/"
    },
    "priority": 1
  },
  {
    "id": 233,
    "action": {
      "type": "block"
    },
    "condition": {
      "urlFilter": "||midvliet.nl/images/advertenties-"
    },
    "priority": 1
  },
  {
    "id": 234,
    "action": {
      "type": "block"
    },
    "condition": {
      "urlFilter": "||mo.be/sites/default/files/banners/"
    },
    "priority": 1
  },
  {
    "id": 235,
    "action": {
      "type": "block"
    },
    "condition": {
      "urlFilter": "||motocrossplanet.nl/banner/"
    },
    "priority": 1
  },
  {
    "id": 236,
    "action": {
      "type": "block"
    },
    "condition": {
      "urlFilter": "||motocrossplanet.nl/wwwuploads/banners/"
    },
    "priority": 1
  },
  {
    "id": 237,
    "action": {
      "type": "block"
    },
    "condition": {
      "urlFilter": "||motokicx.com/wp-content/uploads/*/banner-"
    },
    "priority": 1
  },
  {
    "id": 238,
    "action": {
      "type": "block"
    },
    "condition": {
      "urlFilter": "||motokicx.com/wp-content/uploads/*/website-ad-"
    },
    "priority": 1
  },
  {
    "id": 239,
    "action": {
      "type": "block"
    },
    "condition": {
      "urlFilter": "||netonline.be/slices/banners/"
    },
    "priority": 1
  },
  {
    "id": 240,
    "action": {
      "type": "block"
    },
    "condition": {
      "urlFilter": "||nevobo.nl^*/sponsor/"
    },
    "priority": 1
  },
  {
    "id": 241,
    "action": {
      "type": "block"
    },
    "condition": {
      "urlFilter": "||niburu.co/images/banners/"
    },
    "priority": 1
  },
  {
    "id": 242,
    "action": {
      "type": "block"
    },
    "condition": {
      "urlFilter": "||nieuwsopbeeld.nl/wp-content/uploads/*/advertentie-"
    },
    "priority": 1
  },
  {
    "id": 243,
    "action": {
      "type": "block"
    },
    "condition": {
      "urlFilter": "||nieuwsuitnijmegen.nl/gfx/banners/"
    },
    "priority": 1
  },
  {
    "id": 244,
    "action": {
      "type": "block"
    },
    "condition": {
      "urlFilter": "||nieuwsuitnijmegen.nl/uploads/banners/"
    },
    "priority": 1
  },
  {
    "id": 245,
    "action": {
      "type": "block"
    },
    "condition": {
      "urlFilter": "||noordkopcentraal.nl^*/banner_"
    },
    "priority": 1
  },
  {
    "id": 246,
    "action": {
      "type": "block"
    },
    "condition": {
      "urlFilter": "||notebookcheck.nl/fileadmin/sonstiges/amaz_",
      "resourceTypes": [
        "xmlhttprequest"
      ]
    },
    "priority": 101
  },
  {
    "id": 247,
    "action": {
      "type": "block"
    },
    "condition": {
      "urlFilter": "||nrc.nl/tag/tag.js"
    },
    "priority": 1
  },
  {
    "id": 248,
    "action": {
      "type": "block"
    },
    "condition": {
      "urlFilter": "||omroeppenm.nl^*/banner/"
    },
    "priority": 1
  },
  {
    "id": 249,
    "action": {
      "type": "block"
    },
    "condition": {
      "urlFilter": "||onderwijsland.com/files/banners/"
    },
    "priority": 1
  },
  {
    "id": 250,
    "action": {
      "type": "block"
    },
    "condition": {
      "urlFilter": "||onderwijsland.com/files/partners/"
    },
    "priority": 1
  },
  {
    "id": 251,
    "action": {
      "type": "block"
    },
    "condition": {
      "urlFilter": "||onlinecorrectie.nl/cnc/"
    },
    "priority": 1
  },
  {
    "id": 252,
    "action": {
      "type": "block"
    },
    "condition": {
      "urlFilter": "||ontdek-amerika.nl/marketing/bartsbanner.gif"
    },
    "priority": 1
  },
  {
    "id": 253,
    "action": {
      "type": "block"
    },
    "condition": {
      "urlFilter": "||oogtv.nl/wp-content/banners/"
    },
    "priority": 1
  },
  {
    "id": 254,
    "action": {
      "type": "block"
    },
    "condition": {
      "urlFilter": "||oops.nl/banner/"
    },
    "priority": 1
  },
  {
    "id": 255,
    "action": {
      "type": "block"
    },
    "condition": {
      "urlFilter": "||openingsurengids.be/includes/js/checkblockv2.js"
    },
    "priority": 1
  },
  {
    "id": 256,
    "action": {
      "type": "block"
    },
    "condition": {
      "urlFilter": "||openingsurengids.be/template/images/publi/"
    },
    "priority": 1
  },
  {
    "id": 257,
    "action": {
      "type": "block"
    },
    "condition": {
      "urlFilter": "||opwindend.net/promotie/"
    },
    "priority": 1
  },
  {
    "id": 258,
    "action": {
      "type": "block"
    },
    "condition": {
      "urlFilter": "||pdd-nos.nl/footer.html"
    },
    "priority": 1
  },
  {
    "id": 259,
    "action": {
      "type": "block"
    },
    "condition": {
      "urlFilter": "||persberichten.com/images/banners/"
    },
    "priority": 1
  },
  {
    "id": 260,
    "action": {
      "type": "block"
    },
    "condition": {
      "urlFilter": "||persberichten.com/images/marcommit/"
    },
    "priority": 1
  },
  {
    "id": 261,
    "action": {
      "type": "block"
    },
    "condition": {
      "urlFilter": "||popinstituut.nl/wp-content/uploads/2014/02/huren.nl"
    },
    "priority": 1
  },
  {
    "id": 262,
    "action": {
      "type": "block"
    },
    "condition": {
      "urlFilter": "||pornokartel.nl/wp-content/uploads/*/wp-script-leaderboard.gif"
    },
    "priority": 1
  },
  {
    "id": 263,
    "action": {
      "type": "block"
    },
    "condition": {
      "urlFilter": "||preroll.omroepvenlo.nl^"
    },
    "priority": 1
  },
  {
    "id": 264,
    "action": {
      "type": "block"
    },
    "condition": {
      "urlFilter": "||promootjesite.nl/images/affliatebanner/"
    },
    "priority": 1
  },
  {
    "id": 265,
    "action": {
      "type": "block"
    },
    "condition": {
      "urlFilter": "||propertynl.com/media/organization/banners/"
    },
    "priority": 1
  },
  {
    "id": 266,
    "action": {
      "type": "block"
    },
    "condition": {
      "urlFilter": "||puurnaturisme.nl/images/banners/"
    },
    "priority": 1
  },
  {
    "id": 267,
    "action": {
      "type": "block"
    },
    "condition": {
      "urlFilter": "||racexpress.nl/advertising/"
    },
    "priority": 1
  },
  {
    "id": 268,
    "action": {
      "type": "block"
    },
    "condition": {
      "urlFilter": "||racingnews365.nl/images/banners/"
    },
    "priority": 1
  },
  {
    "id": 269,
    "action": {
      "type": "block"
    },
    "condition": {
      "urlFilter": "||radioacacia.nl/sponsoren/"
    },
    "priority": 1
  },
  {
    "id": 270,
    "action": {
      "type": "block"
    },
    "condition": {
      "urlFilter": "||radioeenhoorn.nl/images/maxaro-badkamers-tegels.png"
    },
    "priority": 1
  },
  {
    "id": 271,
    "action": {
      "type": "block"
    },
    "condition": {
      "urlFilter": "||radiolelystad.nl/images/stories/banners/"
    },
    "priority": 1
  },
  {
    "id": 272,
    "action": {
      "type": "block"
    },
    "condition": {
      "urlFilter": "||radioluisteren.fm/ads/"
    },
    "priority": 1
  },
  {
    "id": 273,
    "action": {
      "type": "block"
    },
    "condition": {
      "urlFilter": "||radionl.fm/wp-content/uploads/*/maxiaxi_"
    },
    "priority": 1
  },
  {
    "id": 274,
    "action": {
      "type": "block"
    },
    "condition": {
      "urlFilter": "||radiostadmontfoort.nl/cms/img/ads/"
    },
    "priority": 1
  },
  {
    "id": 275,
    "action": {
      "type": "block"
    },
    "condition": {
      "urlFilter": "||radiovisie.eu/wp-content/banners/"
    },
    "priority": 1
  },
  {
    "id": 276,
    "action": {
      "type": "block"
    },
    "condition": {
      "urlFilter": "||railhobby.nl/wp-content/uploads/*_banner-"
    },
    "priority": 1
  },
  {
    "id": 277,
    "action": {
      "type": "block"
    },
    "condition": {
      "urlFilter": "||rd.nl/deliver.js"
    },
    "priority": 1
  },
  {
    "id": 278,
    "action": {
      "type": "block"
    },
    "condition": {
      "urlFilter": "||resources.planetnine.com/scripts/",
      "initiatorDomains": [
        "topgear.nl",
        "voetbalverslaafd.nl"
      ]
    },
    "priority": 151
  },
  {
    "id": 279,
    "action": {
      "type": "block"
    },
    "condition": {
      "urlFilter": "||retaildetail.be/sites/default/files/banner/"
    },
    "priority": 1
  },
  {
    "id": 280,
    "action": {
      "type": "block"
    },
    "condition": {
      "urlFilter": "||retaildetail.nl/sites/default/files/banner/"
    },
    "priority": 1
  },
  {
    "id": 281,
    "action": {
      "type": "block"
    },
    "condition": {
      "urlFilter": "||rickfm.nl/cwm/fm/userfiles/banner/"
    },
    "priority": 1
  },
  {
    "id": 282,
    "action": {
      "type": "block"
    },
    "condition": {
      "urlFilter": "||rivierenland-radio.nl/banners/"
    },
    "priority": 1
  },
  {
    "id": 283,
    "action": {
      "type": "block"
    },
    "condition": {
      "urlFilter": "||rtvdordrecht.nl/cwm/fm/userfiles/banner/"
    },
    "priority": 1
  },
  {
    "id": 284,
    "action": {
      "type": "block"
    },
    "condition": {
      "urlFilter": "||rtveen.nl/wp-content/uploads/*-banner-"
    },
    "priority": 1
  },
  {
    "id": 285,
    "action": {
      "type": "block"
    },
    "condition": {
      "urlFilter": "||rtveen.nl/wp-content/uploads/*/banner-"
    },
    "priority": 1
  },
  {
    "id": 286,
    "action": {
      "type": "block"
    },
    "condition": {
      "urlFilter": "||rtvlansingerland.nl/wp-content/uploads/*/zorgvilla.gif"
    },
    "priority": 1
  },
  {
    "id": 287,
    "action": {
      "type": "block"
    },
    "condition": {
      "urlFilter": "||rtvmaastricht.nl/banners/"
    },
    "priority": 1
  },
  {
    "id": 288,
    "action": {
      "type": "block"
    },
    "condition": {
      "urlFilter": "||rtvnof.nl/prowurk/"
    },
    "priority": 1
  },
  {
    "id": 289,
    "action": {
      "type": "block"
    },
    "condition": {
      "urlFilter": "||schie.nu/images/banner/"
    },
    "priority": 1
  },
  {
    "id": 290,
    "action": {
      "type": "block"
    },
    "condition": {
      "urlFilter": "||schuttevaer.nl/partnersites/"
    },
    "priority": 1
  },
  {
    "id": 291,
    "action": {
      "type": "block"
    },
    "condition": {
      "urlFilter": "||seksverhalen.org/telefoonsex.png"
    },
    "priority": 1
  },
  {
    "id": 292,
    "action": {
      "type": "block"
    },
    "condition": {
      "urlFilter": "||seksverhalen.org/vluggertjes.png"
    },
    "priority": 1
  },
  {
    "id": 293,
    "action": {
      "type": "block"
    },
    "condition": {
      "urlFilter": "||sexchatlounge.nl/bannerlinks.html"
    },
    "priority": 1
  },
  {
    "id": 294,
    "action": {
      "type": "block"
    },
    "condition": {
      "urlFilter": "||sexchatlounge.nl/bannerrechts.html"
    },
    "priority": 1
  },
  {
    "id": 295,
    "action": {
      "type": "block"
    },
    "condition": {
      "urlFilter": "||sexervaringendelen.nl/porno/"
    },
    "priority": 1
  },
  {
    "id": 296,
    "action": {
      "type": "block"
    },
    "condition": {
      "urlFilter": "||simone.nl/wp-content/uploads/*-banner-"
    },
    "priority": 1
  },
  {
    "id": 297,
    "action": {
      "type": "block"
    },
    "condition": {
      "urlFilter": "||simone.nl/wp-content/uploads/*-besteonderdelen.nl-"
    },
    "priority": 1
  },
  {
    "id": 298,
    "action": {
      "type": "block"
    },
    "condition": {
      "urlFilter": "||simone.nl/wp-content/uploads/*-onderdelenexpert.nl-"
    },
    "priority": 1
  },
  {
    "id": 299,
    "action": {
      "type": "block"
    },
    "condition": {
      "urlFilter": "||simone.nl/wp-content/uploads/*/tijdelijkkkkk.png"
    },
    "priority": 1
  },
  {
    "id": 300,
    "action": {
      "type": "block"
    },
    "condition": {
      "urlFilter": "||solarmagazine.nl/u/edwin/"
    },
    "priority": 1
  },
  {
    "id": 301,
    "action": {
      "type": "block"
    },
    "condition": {
      "urlFilter": "||spreekbuis.nl/wp-content/uploads/*-banner-"
    },
    "priority": 1
  },
  {
    "id": 302,
    "action": {
      "type": "block"
    },
    "condition": {
      "urlFilter": "||spreekbuis.nl/wp-content/uploads/*/banner-"
    },
    "priority": 1
  },
  {
    "id": 303,
    "action": {
      "type": "block"
    },
    "condition": {
      "urlFilter": "||srherald.com/wp-content/banners/"
    },
    "priority": 1
  },
  {
    "id": 304,
    "action": {
      "type": "block"
    },
    "condition": {
      "urlFilter": "||streamwijzer.be/wp-content/uploads/*-banner."
    },
    "priority": 1
  },
  {
    "id": 305,
    "action": {
      "type": "block"
    },
    "condition": {
      "urlFilter": "||te-les-koop.nl/images/b_"
    },
    "priority": 1
  },
  {
    "id": 306,
    "action": {
      "type": "block"
    },
    "condition": {
      "urlFilter": "||techgaming.nl/image_uploads/sponsored/"
    },
    "priority": 1
  },
  {
    "id": 307,
    "action": {
      "type": "block"
    },
    "condition": {
      "urlFilter": "||tennisplaza.be/wp-content/uploads/*/tennisdirect-"
    },
    "priority": 1
  },
  {
    "id": 308,
    "action": {
      "type": "block"
    },
    "condition": {
      "urlFilter": "||tennisvlaanderen.be/documents/*/19sponsorblok-"
    },
    "priority": 1
  },
  {
    "id": 309,
    "action": {
      "type": "block"
    },
    "condition": {
      "urlFilter": "||tennisvlaanderen.be/documents/*/21sponsorblok-"
    },
    "priority": 1
  },
  {
    "id": 310,
    "action": {
      "type": "block"
    },
    "condition": {
      "urlFilter": "||tijd.be/ad/"
    },
    "priority": 1
  },
  {
    "id": 311,
    "action": {
      "type": "block"
    },
    "condition": {
      "urlFilter": "||touretappe.nl/images/topposblock.html"
    },
    "priority": 1
  },
  {
    "id": 312,
    "action": {
      "type": "block"
    },
    "condition": {
      "urlFilter": "||touretappe.nl/images/xtra/"
    },
    "priority": 1
  },
  {
    "id": 313,
    "action": {
      "type": "block"
    },
    "condition": {
      "urlFilter": "||tpo.nl/broodplank/"
    },
    "priority": 1
  },
  {
    "id": 314,
    "action": {
      "type": "block"
    },
    "condition": {
      "urlFilter": "||tradeidee.nl/banners/"
    },
    "priority": 1
  },
  {
    "id": 315,
    "action": {
      "type": "block"
    },
    "condition": {
      "urlFilter": "||transport-online.nl/site/includes/uploads/banner-"
    },
    "priority": 1
  },
  {
    "id": 316,
    "action": {
      "type": "block"
    },
    "condition": {
      "urlFilter": "||tvvisie.be/textads/textads.js"
    },
    "priority": 1
  },
  {
    "id": 317,
    "action": {
      "type": "block"
    },
    "condition": {
      "urlFilter": "||twentefm.nl/directcast/custom/rtvnot/playout/commercials/"
    },
    "priority": 1
  },
  {
    "id": 318,
    "action": {
      "type": "block"
    },
    "condition": {
      "urlFilter": "||uecl-voetbal.nl/derden/"
    },
    "priority": 1
  },
  {
    "id": 319,
    "action": {
      "type": "block"
    },
    "condition": {
      "urlFilter": "||uel-voetbal.nl/derden/"
    },
    "priority": 1
  },
  {
    "id": 320,
    "action": {
      "type": "block"
    },
    "condition": {
      "urlFilter": "||uitslagen.nl/banner/"
    },
    "priority": 1
  },
  {
    "id": 321,
    "action": {
      "type": "block"
    },
    "condition": {
      "urlFilter": "||unity.nu^*/banners/"
    },
    "priority": 1
  },
  {
    "id": 322,
    "action": {
      "type": "block"
    },
    "condition": {
      "urlFilter": "||vagina.nl/fish-hooks/fetch.json"
    },
    "priority": 1
  },
  {
    "id": 323,
    "action": {
      "type": "block"
    },
    "condition": {
      "urlFilter": "||vbro.be/wp-content/uploads/*/autoonderdelen24_"
    },
    "priority": 1
  },
  {
    "id": 324,
    "action": {
      "type": "block"
    },
    "condition": {
      "urlFilter": "||verkeerplaza.nl/js/banner.js"
    },
    "priority": 1
  },
  {
    "id": 325,
    "action": {
      "type": "block"
    },
    "condition": {
      "urlFilter": "||visserijnieuws.nl/images/banners/"
    },
    "priority": 1
  },
  {
    "id": 326,
    "action": {
      "type": "block"
    },
    "condition": {
      "urlFilter": "||vitesse.nl/assets/img/layout/etoro-logo.png"
    },
    "priority": 1
  },
  {
    "id": 327,
    "action": {
      "type": "block"
    },
    "condition": {
      "urlFilter": "||vitesse.nl^*_sponsors_footer.png"
    },
    "priority": 1
  },
  {
    "id": 328,
    "action": {
      "type": "block"
    },
    "condition": {
      "urlFilter": "||vives.nl/wp-content/uploads/*-banner-"
    },
    "priority": 1
  },
  {
    "id": 329,
    "action": {
      "type": "block"
    },
    "condition": {
      "urlFilter": "||vives.nl/wp-content/uploads/banner_"
    },
    "priority": 1
  },
  {
    "id": 330,
    "action": {
      "type": "block"
    },
    "condition": {
      "urlFilter": "||voetbalkrant.com/images/pub/"
    },
    "priority": 1
  },
  {
    "id": 331,
    "action": {
      "type": "block"
    },
    "condition": {
      "urlFilter": "||voetbalnederland.nl/img/bravo.gif"
    },
    "priority": 1
  },
  {
    "id": 332,
    "action": {
      "type": "block"
    },
    "condition": {
      "urlFilter": "||voetbalrotterdam.nl/wp-content/uploads/*/soccerdealbanner1170.jpg"
    },
    "priority": 1
  },
  {
    "id": 333,
    "action": {
      "type": "block"
    },
    "condition": {
      "urlFilter": "||volleybal.nl/uploads/images/banners/"
    },
    "priority": 1
  },
  {
    "id": 334,
    "action": {
      "type": "block"
    },
    "condition": {
      "urlFilter": "||volleybal.nl/uploads/images/logos/"
    },
    "priority": 1
  },
  {
    "id": 335,
    "action": {
      "type": "block"
    },
    "condition": {
      "urlFilter": "||vtm.be^*-achtergrond-",
      "initiatorDomains": [
        "koken.vtm.be"
      ]
    },
    "priority": 201
  },
  {
    "id": 336,
    "action": {
      "type": "block"
    },
    "condition": {
      "urlFilter": "||vtm.be^*-header-",
      "initiatorDomains": [
        "koken.vtm.be"
      ]
    },
    "priority": 201
  },
  {
    "id": 337,
    "action": {
      "type": "block"
    },
    "condition": {
      "urlFilter": "||waarzo.nl/imagestore/banners/"
    },
    "priority": 1
  },
  {
    "id": 338,
    "action": {
      "type": "block"
    },
    "condition": {
      "urlFilter": "||waarzo.nl/imagestore/site-banners/"
    },
    "priority": 1
  },
  {
    "id": 339,
    "action": {
      "type": "block"
    },
    "condition": {
      "urlFilter": "||waldnet.nl/images/ac/"
    },
    "priority": 1
  },
  {
    "id": 340,
    "action": {
      "type": "block"
    },
    "condition": {
      "urlFilter": "||wanttoknow.nl^*banner"
    },
    "priority": 1
  },
  {
    "id": 341,
    "action": {
      "type": "block"
    },
    "condition": {
      "urlFilter": "||watersport-tv.nl/content/31400/pages/clnt/"
    },
    "priority": 1
  },
  {
    "id": 342,
    "action": {
      "type": "block"
    },
    "condition": {
      "urlFilter": "||webcam-aalsmeer.nl/media/banners/"
    },
    "priority": 1
  },
  {
    "id": 343,
    "action": {
      "type": "block"
    },
    "condition": {
      "urlFilter": "||webcam-aalsmeer.nl/media/banners2/"
    },
    "priority": 1
  },
  {
    "id": 344,
    "action": {
      "type": "block"
    },
    "condition": {
      "urlFilter": "||webcam-airport.nl/media/banners/"
    },
    "priority": 1
  },
  {
    "id": 345,
    "action": {
      "type": "block"
    },
    "condition": {
      "urlFilter": "||webcam-airport.nl/media/banners2/"
    },
    "priority": 1
  },
  {
    "id": 346,
    "action": {
      "type": "block"
    },
    "condition": {
      "urlFilter": "||webcam-binnenvaart.nl/media/banners/"
    },
    "priority": 1
  },
  {
    "id": 347,
    "action": {
      "type": "block"
    },
    "condition": {
      "urlFilter": "||webcam-binnenvaart.nl/media/banners2/"
    },
    "priority": 1
  },
  {
    "id": 348,
    "action": {
      "type": "block"
    },
    "condition": {
      "urlFilter": "||webcam-blokzijl.nl/media/banners/"
    },
    "priority": 1
  },
  {
    "id": 349,
    "action": {
      "type": "block"
    },
    "condition": {
      "urlFilter": "||webcam-blokzijl.nl/media/banners2/"
    },
    "priority": 1
  },
  {
    "id": 350,
    "action": {
      "type": "block"
    },
    "condition": {
      "urlFilter": "||webcam-brandaris.nl/media/banners/"
    },
    "priority": 1
  },
  {
    "id": 351,
    "action": {
      "type": "block"
    },
    "condition": {
      "urlFilter": "||webcam-brandaris.nl/media/banners2/"
    },
    "priority": 1
  },
  {
    "id": 352,
    "action": {
      "type": "block"
    },
    "condition": {
      "urlFilter": "||webcam-delfzijl.nl/media/banners/"
    },
    "priority": 1
  },
  {
    "id": 353,
    "action": {
      "type": "block"
    },
    "condition": {
      "urlFilter": "||webcam-delfzijl.nl/media/banners2/"
    },
    "priority": 1
  },
  {
    "id": 354,
    "action": {
      "type": "block"
    },
    "condition": {
      "urlFilter": "||webcam-denhelder.nl/media/banners/"
    },
    "priority": 1
  },
  {
    "id": 355,
    "action": {
      "type": "block"
    },
    "condition": {
      "urlFilter": "||webcam-denhelder.nl/media/banners2/"
    },
    "priority": 1
  },
  {
    "id": 356,
    "action": {
      "type": "block"
    },
    "condition": {
      "urlFilter": "||webcam-denoever.nl/media/banners/"
    },
    "priority": 1
  },
  {
    "id": 357,
    "action": {
      "type": "block"
    },
    "condition": {
      "urlFilter": "||webcam-denoever.nl/media/banners2/"
    },
    "priority": 1
  },
  {
    "id": 358,
    "action": {
      "type": "block"
    },
    "condition": {
      "urlFilter": "||webcam-dokkum.nl/media/banners/"
    },
    "priority": 1
  },
  {
    "id": 359,
    "action": {
      "type": "block"
    },
    "condition": {
      "urlFilter": "||webcam-dokkum.nl/media/banners2/"
    },
    "priority": 1
  },
  {
    "id": 360,
    "action": {
      "type": "block"
    },
    "condition": {
      "urlFilter": "||webcam-dordrecht.nl/media/banners/"
    },
    "priority": 1
  },
  {
    "id": 361,
    "action": {
      "type": "block"
    },
    "condition": {
      "urlFilter": "||webcam-dordrecht.nl/media/banners2/"
    },
    "priority": 1
  },
  {
    "id": 362,
    "action": {
      "type": "block"
    },
    "condition": {
      "urlFilter": "||webcam-enkhuizen.nl/media/banners/"
    },
    "priority": 1
  },
  {
    "id": 363,
    "action": {
      "type": "block"
    },
    "condition": {
      "urlFilter": "||webcam-enkhuizen.nl/media/banners2/"
    },
    "priority": 1
  },
  {
    "id": 364,
    "action": {
      "type": "block"
    },
    "condition": {
      "urlFilter": "||webcam-friesemeren.nl/media/banners/"
    },
    "priority": 1
  },
  {
    "id": 365,
    "action": {
      "type": "block"
    },
    "condition": {
      "urlFilter": "||webcam-friesemeren.nl/media/banners2/"
    },
    "priority": 1
  },
  {
    "id": 366,
    "action": {
      "type": "block"
    },
    "condition": {
      "urlFilter": "||webcam-grou.nl/media/banners/"
    },
    "priority": 1
  },
  {
    "id": 367,
    "action": {
      "type": "block"
    },
    "condition": {
      "urlFilter": "||webcam-grou.nl/media/banners2/"
    },
    "priority": 1
  },
  {
    "id": 368,
    "action": {
      "type": "block"
    },
    "condition": {
      "urlFilter": "||webcam-harlingen.nl/media/banners/"
    },
    "priority": 1
  },
  {
    "id": 369,
    "action": {
      "type": "block"
    },
    "condition": {
      "urlFilter": "||webcam-harlingen.nl/media/banners2/"
    },
    "priority": 1
  },
  {
    "id": 370,
    "action": {
      "type": "block"
    },
    "condition": {
      "urlFilter": "||webcam-havenijmuiden.nl/media/banners/"
    },
    "priority": 1
  },
  {
    "id": 371,
    "action": {
      "type": "block"
    },
    "condition": {
      "urlFilter": "||webcam-havenijmuiden.nl/media/banners2/"
    },
    "priority": 1
  },
  {
    "id": 372,
    "action": {
      "type": "block"
    },
    "condition": {
      "urlFilter": "||webcam-hindeloopen.nl/media/banners/"
    },
    "priority": 1
  },
  {
    "id": 373,
    "action": {
      "type": "block"
    },
    "condition": {
      "urlFilter": "||webcam-hindeloopen.nl/media/banners2/"
    },
    "priority": 1
  },
  {
    "id": 374,
    "action": {
      "type": "block"
    },
    "condition": {
      "urlFilter": "||webcam-hoekvanholland.nl/media/banners/"
    },
    "priority": 1
  },
  {
    "id": 375,
    "action": {
      "type": "block"
    },
    "condition": {
      "urlFilter": "||webcam-hoekvanholland.nl/media/banners2/"
    },
    "priority": 1
  },
  {
    "id": 376,
    "action": {
      "type": "block"
    },
    "condition": {
      "urlFilter": "||webcam-kampen.nl/media/banners/"
    },
    "priority": 1
  },
  {
    "id": 377,
    "action": {
      "type": "block"
    },
    "condition": {
      "urlFilter": "||webcam-kampen.nl/media/banners2/"
    },
    "priority": 1
  },
  {
    "id": 378,
    "action": {
      "type": "block"
    },
    "condition": {
      "urlFilter": "||webcam-lauwersoog.nl/media/banners/"
    },
    "priority": 1
  },
  {
    "id": 379,
    "action": {
      "type": "block"
    },
    "condition": {
      "urlFilter": "||webcam-lauwersoog.nl/media/banners2/"
    },
    "priority": 1
  },
  {
    "id": 380,
    "action": {
      "type": "block"
    },
    "condition": {
      "urlFilter": "||webcam-leeuwarden.nl/media/banners/"
    },
    "priority": 1
  },
  {
    "id": 381,
    "action": {
      "type": "block"
    },
    "condition": {
      "urlFilter": "||webcam-leeuwarden.nl/media/banners2/"
    },
    "priority": 1
  },
  {
    "id": 382,
    "action": {
      "type": "block"
    },
    "condition": {
      "urlFilter": "||webcam-lelystad.nl/media/banners/"
    },
    "priority": 1
  },
  {
    "id": 383,
    "action": {
      "type": "block"
    },
    "condition": {
      "urlFilter": "||webcam-lelystad.nl/media/banners2/"
    },
    "priority": 1
  },
  {
    "id": 384,
    "action": {
      "type": "block"
    },
    "condition": {
      "urlFilter": "||webcam-maassluis.nl/media/banners/"
    },
    "priority": 1
  },
  {
    "id": 385,
    "action": {
      "type": "block"
    },
    "condition": {
      "urlFilter": "||webcam-maassluis.nl/media/banners2/"
    },
    "priority": 1
  },
  {
    "id": 386,
    "action": {
      "type": "block"
    },
    "condition": {
      "urlFilter": "||webcam-maastricht.nl/media/banners/"
    },
    "priority": 1
  },
  {
    "id": 387,
    "action": {
      "type": "block"
    },
    "condition": {
      "urlFilter": "||webcam-maastricht.nl/media/banners2/"
    },
    "priority": 1
  },
  {
    "id": 388,
    "action": {
      "type": "block"
    },
    "condition": {
      "urlFilter": "||webcam-marken.nl/media/banners/"
    },
    "priority": 1
  },
  {
    "id": 389,
    "action": {
      "type": "block"
    },
    "condition": {
      "urlFilter": "||webcam-marken.nl/media/banners2/"
    },
    "priority": 1
  },
  {
    "id": 390,
    "action": {
      "type": "block"
    },
    "condition": {
      "urlFilter": "||webcam-monnickendam.nl/media/banners/"
    },
    "priority": 1
  },
  {
    "id": 391,
    "action": {
      "type": "block"
    },
    "condition": {
      "urlFilter": "||webcam-monnickendam.nl/media/banners2/"
    },
    "priority": 1
  },
  {
    "id": 392,
    "action": {
      "type": "block"
    },
    "condition": {
      "urlFilter": "||webcam-rotterdam.nl/media/banners/"
    },
    "priority": 1
  },
  {
    "id": 393,
    "action": {
      "type": "block"
    },
    "condition": {
      "urlFilter": "||webcam-rotterdam.nl/media/banners2/"
    },
    "priority": 1
  },
  {
    "id": 394,
    "action": {
      "type": "block"
    },
    "condition": {
      "urlFilter": "||webcam-sneek.nl/media/banners/"
    },
    "priority": 1
  },
  {
    "id": 395,
    "action": {
      "type": "block"
    },
    "condition": {
      "urlFilter": "||webcam-sneek.nl/media/banners2/"
    },
    "priority": 1
  },
  {
    "id": 396,
    "action": {
      "type": "block"
    },
    "condition": {
      "urlFilter": "||webcam-terneuzen.nl/media/banners/"
    },
    "priority": 1
  },
  {
    "id": 397,
    "action": {
      "type": "block"
    },
    "condition": {
      "urlFilter": "||webcam-terneuzen.nl/media/banners2/"
    },
    "priority": 1
  },
  {
    "id": 398,
    "action": {
      "type": "block"
    },
    "condition": {
      "urlFilter": "||webcam-vlaardingen.nl/media/banners/"
    },
    "priority": 1
  },
  {
    "id": 399,
    "action": {
      "type": "block"
    },
    "condition": {
      "urlFilter": "||webcam-vlaardingen.nl/media/banners2/"
    },
    "priority": 1
  },
  {
    "id": 400,
    "action": {
      "type": "block"
    },
    "condition": {
      "urlFilter": "||webcam-volendam.nl/media/banners/"
    },
    "priority": 1
  },
  {
    "id": 401,
    "action": {
      "type": "block"
    },
    "condition": {
      "urlFilter": "||webcam-volendam.nl/media/banners2/"
    },
    "priority": 1
  },
  {
    "id": 402,
    "action": {
      "type": "block"
    },
    "condition": {
      "urlFilter": "||webcam-workum.nl//media/banners/"
    },
    "priority": 1
  },
  {
    "id": 403,
    "action": {
      "type": "block"
    },
    "condition": {
      "urlFilter": "||webcam-workum.nl/media/banners2/"
    },
    "priority": 1
  },
  {
    "id": 404,
    "action": {
      "type": "block"
    },
    "condition": {
      "urlFilter": "||webcam-zaanzicht.nl/media/banners/"
    },
    "priority": 1
  },
  {
    "id": 405,
    "action": {
      "type": "block"
    },
    "condition": {
      "urlFilter": "||webcam-zaanzicht.nl/media/banners2/"
    },
    "priority": 1
  },
  {
    "id": 406,
    "action": {
      "type": "block"
    },
    "condition": {
      "urlFilter": "||webcam-zoutkamp.nl/media/banners/"
    },
    "priority": 1
  },
  {
    "id": 407,
    "action": {
      "type": "block"
    },
    "condition": {
      "urlFilter": "||webcam-zoutkamp.nl/media/banners2/"
    },
    "priority": 1
  },
  {
    "id": 408,
    "action": {
      "type": "block"
    },
    "condition": {
      "urlFilter": "||webcam-zwartsluis.nl/media/banners/"
    },
    "priority": 1
  },
  {
    "id": 409,
    "action": {
      "type": "block"
    },
    "condition": {
      "urlFilter": "||webcam-zwartsluis.nl/media/banners2/"
    },
    "priority": 1
  },
  {
    "id": 410,
    "action": {
      "type": "block"
    },
    "condition": {
      "urlFilter": "||webcams-ameland.nl/media/banners/"
    },
    "priority": 1
  },
  {
    "id": 411,
    "action": {
      "type": "block"
    },
    "condition": {
      "urlFilter": "||webcams-ameland.nl/media/banners2/"
    },
    "priority": 1
  },
  {
    "id": 412,
    "action": {
      "type": "block"
    },
    "condition": {
      "urlFilter": "||webcams-scheveningen.nl/media/banners/"
    },
    "priority": 1
  },
  {
    "id": 413,
    "action": {
      "type": "block"
    },
    "condition": {
      "urlFilter": "||webcams-scheveningen.nl/media/banners2/"
    },
    "priority": 1
  },
  {
    "id": 414,
    "action": {
      "type": "block"
    },
    "condition": {
      "urlFilter": "||webcams-texel.nl/media/banners/"
    },
    "priority": 1
  },
  {
    "id": 415,
    "action": {
      "type": "block"
    },
    "condition": {
      "urlFilter": "||webcams-texel.nl/media/banners2/"
    },
    "priority": 1
  },
  {
    "id": 416,
    "action": {
      "type": "block"
    },
    "condition": {
      "urlFilter": "||webcams-vlissingen.nl/media/banners/"
    },
    "priority": 1
  },
  {
    "id": 417,
    "action": {
      "type": "block"
    },
    "condition": {
      "urlFilter": "||webcams-vlissingen.nl/media/banners2/"
    },
    "priority": 1
  },
  {
    "id": 418,
    "action": {
      "type": "block"
    },
    "condition": {
      "urlFilter": "||webcamschiermonnikoog.nl/media/banners/"
    },
    "priority": 1
  },
  {
    "id": 419,
    "action": {
      "type": "block"
    },
    "condition": {
      "urlFilter": "||webcamschiermonnikoog.nl/media/banners2/"
    },
    "priority": 1
  },
  {
    "id": 420,
    "action": {
      "type": "block"
    },
    "condition": {
      "urlFilter": "||webcamvlieland.nl/media/banners/"
    },
    "priority": 1
  },
  {
    "id": 421,
    "action": {
      "type": "block"
    },
    "condition": {
      "urlFilter": "||webcamvlieland.nl/media/banners2/"
    },
    "priority": 1
  },
  {
    "id": 422,
    "action": {
      "type": "block"
    },
    "condition": {
      "urlFilter": "||webstick.nl/images/images-ads/"
    },
    "priority": 1
  },
  {
    "id": 423,
    "action": {
      "type": "block"
    },
    "condition": {
      "urlFilter": "||wereldstopcontacten.nl/wp-content/uploads/*/image-aff-nl.jpg"
    },
    "priority": 1
  },
  {
    "id": 424,
    "action": {
      "type": "block"
    },
    "condition": {
      "urlFilter": "||wieringernieuws.nl/gfx/ads/"
    },
    "priority": 1
  },
  {
    "id": 425,
    "action": {
      "type": "block"
    },
    "condition": {
      "urlFilter": "||wijchensnieuws.nl/uploads/banners/"
    },
    "priority": 1
  },
  {
    "id": 426,
    "action": {
      "type": "block"
    },
    "condition": {
      "urlFilter": "||wildfm.nl/wp-content/uploads/*/thumbnail_image002.png"
    },
    "priority": 1
  },
  {
    "id": 427,
    "action": {
      "type": "block"
    },
    "condition": {
      "urlFilter": "||willem-ii.nl/banner/"
    },
    "priority": 1
  },
  {
    "id": 428,
    "action": {
      "type": "block"
    },
    "condition": {
      "urlFilter": "||wp.com/amsterdamactueel.nl/wp-content/uploads/*/728x60_"
    },
    "priority": 1
  },
  {
    "id": 429,
    "action": {
      "type": "block"
    },
    "condition": {
      "urlFilter": "||wp.com/romagazine.nl/14nwsite/wp-content/uploads/2021/07/amstelveen.jpg"
    },
    "priority": 1
  },
  {
    "id": 430,
    "action": {
      "type": "block"
    },
    "condition": {
      "urlFilter": "||wp.com/romagazine.nl/14nwsite/wp-content/uploads/2021/07/coordinatoromgevingsvergunningen-rijksoverheid-"
    },
    "priority": 1
  },
  {
    "id": 431,
    "action": {
      "type": "block"
    },
    "condition": {
      "urlFilter": "||wp.com/romagazine.nl/14nwsite/wp-content/uploads/2021/07/enschede.png"
    },
    "priority": 1
  },
  {
    "id": 432,
    "action": {
      "type": "block"
    },
    "condition": {
      "urlFilter": "||wp.com/romagazine.nl/14nwsite/wp-content/uploads/2021/07/rijksoverheid-"
    },
    "priority": 1
  },
  {
    "id": 433,
    "action": {
      "type": "block"
    },
    "condition": {
      "urlFilter": "||wp.com/romagazine.nl/14nwsite/wp-content/uploads/2021/07/seniorprojectleideralmelo.jpg"
    },
    "priority": 1
  },
  {
    "id": 434,
    "action": {
      "type": "block"
    },
    "condition": {
      "urlFilter": "||wp.com/www.appletips.nl/wp-content/uploads/amacdeals.jpg"
    },
    "priority": 1
  },
  {
    "id": 435,
    "action": {
      "type": "block"
    },
    "condition": {
      "urlFilter": "||wp.com/www.appletips.nl/wp-content/uploads/cnmx.png"
    },
    "priority": 1
  },
  {
    "id": 436,
    "action": {
      "type": "block"
    },
    "condition": {
      "urlFilter": "||wp.com/www.appletips.nl/wp-content/uploads/upgreatest1.png"
    },
    "priority": 1
  },
  {
    "id": 437,
    "action": {
      "type": "block"
    },
    "condition": {
      "urlFilter": "||wp.com/www.regionoordkop.nl/wp-content/uploads/*/banner-"
    },
    "priority": 1
  },
  {
    "id": 438,
    "action": {
      "type": "block"
    },
    "condition": {
      "urlFilter": "||wp.com/www.regionoordkop.nl/wp-content/uploads/*/bdijknov2016336x280.gif"
    },
    "priority": 1
  },
  {
    "id": 439,
    "action": {
      "type": "block"
    },
    "condition": {
      "urlFilter": "||wp.com/www.regionoordkop.nl/wp-content/uploads/*/costa.jpg"
    },
    "priority": 1
  },
  {
    "id": 440,
    "action": {
      "type": "block"
    },
    "condition": {
      "urlFilter": "||yachtfocus.com^*/bnr/"
    },
    "priority": 1
  },
  {
    "id": 441,
    "action": {
      "type": "block"
    },
    "condition": {
      "urlFilter": "||zilverengoudkopen.nl/banners/"
    },
    "priority": 1
  },
  {
    "id": 442,
    "action": {
      "type": "block"
    },
    "condition": {
      "urlFilter": "||zoekhulp.nl/img/bnr-"
    },
    "priority": 1
  },
  {
    "id": 443,
    "action": {
      "type": "block"
    },
    "condition": {
      "urlFilter": "||zwartewaterfm.nl/images/sponsorenzwartewaterfm.jpg"
    },
    "priority": 1
  },
  {
    "id": 444,
    "action": {
      "type": "allow"
    },
    "condition": {
      "urlFilter": "||2mdn.net/instream/html5/ima3.js",
      "initiatorDomains": [
        "autoblog.bbvms.com",
        "omroepbrabant.nl"
      ],
      "resourceTypes": [
        "script"
      ]
    },
    "priority": 100251
  },
  {
    "id": 445,
    "action": {
      "type": "allow"
    },
    "condition": {
      "urlFilter": "||ads.nextday.media/prebid/jw-video/7.43.0.min.js",
      "initiatorDomains": [
        "vi.nl"
      ]
    },
    "priority": 100201
  },
  {
    "id": 446,
    "action": {
      "type": "allow"
    },
    "condition": {
      "urlFilter": "||ads.viralize.tv/display/?zid=",
      "initiatorDomains": [
        "crime-nieuws.nl"
      ],
      "resourceTypes": [
        "script"
      ]
    },
    "priority": 100301
  },
  {
    "id": 447,
    "action": {
      "type": "allow"
    },
    "condition": {
      "urlFilter": "||advertising-module.api.dpgmedia.cloud/video/",
      "initiatorDomains": [
        "sportnieuws.nl"
      ],
      "resourceTypes": [
        "xmlhttprequest"
      ]
    },
    "priority": 100301
  },
  {
    "id": 448,
    "action": {
      "type": "allow"
    },
    "condition": {
      "urlFilter": "||aka.spotxcdn.com/integration/ados/v1/ados.js",
      "initiatorDomains": [
        "radioluisteren.fm"
      ],
      "resourceTypes": [
        "script"
      ]
    },
    "priority": 100301
  },
  {
    "id": 449,
    "action": {
      "type": "allow"
    },
    "condition": {
      "urlFilter": "||cdn.bluebillywig.com/scripts/prebid/*/bluebillywig_pbjs.js",
      "initiatorDomains": [
        "autoblog.bbvms.com"
      ],
      "resourceTypes": [
        "script"
      ]
    },
    "priority": 100301
  },
  {
    "id": 450,
    "action": {
      "type": "allow"
    },
    "condition": {
      "urlFilter": "||cdn.spotxcdn.com/integration/easi/v1/easi.js",
      "initiatorDomains": [
        "radioluisteren.fm"
      ],
      "resourceTypes": [
        "script"
      ]
    },
    "priority": 100301
  },
  {
    "id": 451,
    "action": {
      "type": "allow"
    },
    "condition": {
      "urlFilter": "||files.skoften.net/website/lib/vjs/plugins/ads/videojs.ads.min.js",
      "domainType": "firstParty",
      "resourceTypes": [
        "script"
      ]
    },
    "priority": 100102
  },
  {
    "id": 452,
    "action": {
      "type": "allow"
    },
    "condition": {
      "urlFilter": "||imasdk.googleapis.com/js/sdkloader/ima3.js",
      "initiatorDomains": [
        "crime-nieuws.nl",
        "dailybuzz.nl",
        "goplay.be",
        "skoften.net",
        "sportnieuws.nl",
        "vtm.be",
        "weerplaza.nl"
      ]
    },
    "priority": 100116
  },
  {
    "id": 453,
    "action": {
      "type": "allow"
    },
    "condition": {
      "urlFilter": "||imasdk.googleapis.com/js/sdkloader/ima3_dai.js",
      "initiatorDomains": [
        "goplay.be"
      ]
    },
    "priority": 100201
  },
  {
    "id": 454,
    "action": {
      "type": "allow"
    },
    "condition": {
      "urlFilter": "||improvedigital.com/pbw/headerlift.min.js",
      "initiatorDomains": [
        "spelletjes.nl"
      ]
    },
    "priority": 100201
  },
  {
    "id": 455,
    "action": {
      "type": "allow"
    },
    "condition": {
      "urlFilter": "||js.spotx.tv/ados/v1/106185.js",
      "initiatorDomains": [
        "radioluisteren.fm"
      ],
      "resourceTypes": [
        "script"
      ]
    },
    "priority": 100301
  },
  {
    "id": 456,
    "action": {
      "type": "allow"
    },
    "condition": {
      "urlFilter": "||massariuscdn.com/pubs/",
      "initiatorDomains": [
        "dailybuzz.nl",
        "radio.nl",
        "welingelichtekringen.nl"
      ],
      "resourceTypes": [
        "script"
      ]
    },
    "priority": 100235
  },
  {
    "id": 457,
    "action": {
      "type": "allow"
    },
    "condition": {
      "urlFilter": "||mmcdn.nl/tags/vkmag.com/pagina.js",
      "initiatorDomains": [
        "vkmag.com"
      ],
      "resourceTypes": [
        "script"
      ]
    },
    "priority": 100301
  },
  {
    "id": 458,
    "action": {
      "type": "allow"
    },
    "condition": {
      "urlFilter": "||monetize-static.viralize.tv/viralize_player_content.",
      "initiatorDomains": [
        "crime-nieuws.nl"
      ],
      "resourceTypes": [
        "script"
      ]
    },
    "priority": 100301
  },
  {
    "id": 459,
    "action": {
      "type": "allow"
    },
    "condition": {
      "urlFilter": "||search.spotxchange.com/js/spotx.js",
      "initiatorDomains": [
        "radioluisteren.fm"
      ],
      "resourceTypes": [
        "script"
      ]
    },
    "priority": 100301
  },
  {
    "id": 460,
    "action": {
      "type": "allow"
    },
    "condition": {
      "urlFilter": "||sync.search.spotxchange.com/partner?source=easi",
      "initiatorDomains": [
        "radioluisteren.fm"
      ],
      "resourceTypes": [
        "image"
      ]
    },
    "priority": 100301
  },
  {
    "id": 461,
    "action": {
      "type": "allow"
    },
    "condition": {
      "urlFilter": "||tools.vpscash.nl/datingv3/docs/plug_and_play/",
      "initiatorDomains": [
        "flirtmee.nl"
      ],
      "resourceTypes": [
        "sub_frame"
      ]
    },
    "priority": 100301
  },
  {
    "id": 462,
    "action": {
      "type": "allow"
    },
    "condition": {
      "urlFilter": "||images.2dehands.com/api/v1/listing-twh-p/images/ad/",
      "initiatorDomains": [
        "2dehands.be"
      ],
      "resourceTypes": [
        "image"
      ]
    },
    "priority": 100301
  },
  {
    "id": 463,
    "action": {
      "type": "allow"
    },
    "condition": {
      "urlFilter": "||showmodeluitverkoop.nl/upload/advertentie/"
    },
    "priority": 100001
  },
  {
    "id": 464,
    "action": {
      "type": "allow"
    },
    "condition": {
      "urlFilter": "||sliedrecht24.nl/wp-content/uploads/2022/02/banner-300x250-1.jpg.webp"
    },
    "priority": 100001
  },
  {
    "id": 465,
    "action": {
      "type": "allow"
    },
    "condition": {
      "urlFilter": "||te-les-koop.nl/advertenties.php"
    },
    "priority": 100001
  },
  {
    "id": 466,
    "action": {
      "type": "allow"
    },
    "condition": {
      "urlFilter": "||zilverengoudkopen.nl/banners/header.jpg"
    },
    "priority": 100001
  },
  {
    "id": 467,
    "action": {
      "type": "allow"
    },
    "condition": {
      "urlFilter": "||zilverengoudkopen.nl/banners/onder.jpg"
    },
    "priority": 100001
  },
  {
    "id": 468,
    "action": {
      "type": "allow"
    },
    "condition": {
      "urlFilter": "||vinatera.be/wp-content/uploads/*_300x600.",
      "domainType": "firstParty",
      "resourceTypes": [
        "image"
      ]
    },
    "priority": 100102
  }
]