[
  {
    "id": 1,
    "action": {
      "type": "modifyHeaders",
      "responseHeaders": [
        {
          "operation": "append",
          "header": "Content-Security-Policy",
          "value": "script-src 'self' * blob: data: 'unsafe-inline'"
        }
      ]
    },
    "condition": {
      "urlFilter": "||walla.co.il^",
      "initiatorDomains": [
        "animals.walla.co.il",
        "b.walla.co.il",
        "buzzit.walla.co.il",
        "cars.walla.co.il",
        "celebs.walla.co.il",
        "e.walla.co.il",
        "elections.walla.co.il",
        "fashion.walla.co.il",
        "finance.walla.co.il",
        "food.walla.co.il",
        "healthy.walla.co.il",
        "home.walla.co.il",
        "judaism.walla.co.il",
        "mag.walla.co.il",
        "movies.walla.co.il",
        "nadlan.walla.co.il",
        "news.walla.co.il",
        "sports.walla.co.il",
        "tags.walla.co.il",
        "tech.walla.co.il",
        "travel.walla.co.il",
        "tv-guide.walla.co.il",
        "viva.walla.co.il",
        "vod.walla.co.il",
        "weather.walla.co.il",
        "www.walla.co.il"
      ],
      "resourceTypes": [
        "main_frame",
        "sub_frame",
        "stylesheet",
        "script",
        "image",
        "font",
        "object",
        "xmlhttprequest",
        "ping",
        "media",
        "websocket",
        "other"
      ]
    },
    "priority": 105
  },
  {
    "id": 2,
    "action": {
      "type": "block"
    },
    "condition": {
      "urlFilter": "||213.8.137.51^"
    },
    "priority": 1
  },
  {
    "id": 3,
    "action": {
      "type": "block"
    },
    "condition": {
      "urlFilter": "||activated.co.il^",
      "domainType": "thirdParty"
    },
    "priority": 2
  },
  {
    "id": 4,
    "action": {
      "type": "block"
    },
    "condition": {
      "urlFilter": "||adland.co.il^",
      "domainType": "thirdParty"
    },
    "priority": 2
  },
  {
    "id": 5,
    "action": {
      "type": "block"
    },
    "condition": {
      "urlFilter": "||browsiprod.com^",
      "domainType": "thirdParty"
    },
    "priority": 2
  },
  {
    "id": 6,
    "action": {
      "type": "block"
    },
    "condition": {
      "urlFilter": "||buballmighty.com^",
      "domainType": "thirdParty"
    },
    "priority": 2
  },
  {
    "id": 7,
    "action": {
      "type": "block"
    },
    "condition": {
      "urlFilter": "||clickon.co.il^",
      "domainType": "thirdParty"
    },
    "priority": 2
  },
  {
    "id": 8,
    "action": {
      "type": "block"
    },
    "condition": {
      "urlFilter": "||erate.co.il^",
      "domainType": "thirdParty"
    },
    "priority": 2
  },
  {
    "id": 9,
    "action": {
      "type": "block"
    },
    "condition": {
      "urlFilter": "||gitam.1host.co.il^",
      "domainType": "thirdParty"
    },
    "priority": 2
  },
  {
    "id": 10,
    "action": {
      "type": "block"
    },
    "condition": {
      "urlFilter": "||kway.co.il^",
      "domainType": "thirdParty"
    },
    "priority": 2
  },
  {
    "id": 11,
    "action": {
      "type": "block"
    },
    "condition": {
      "urlFilter": "||linicom.co.il^",
      "domainType": "thirdParty"
    },
    "priority": 2
  },
  {
    "id": 12,
    "action": {
      "type": "block"
    },
    "condition": {
      "urlFilter": "||mitbahon.co.il^",
      "domainType": "thirdParty"
    },
    "priority": 2
  },
  {
    "id": 13,
    "action": {
      "type": "block"
    },
    "condition": {
      "urlFilter": "||sekindo.com^",
      "domainType": "thirdParty"
    },
    "priority": 2
  },
  {
    "id": 14,
    "action": {
      "type": "block"
    },
    "condition": {
      "urlFilter": "||talkahead.com^",
      "domainType": "thirdParty"
    },
    "priority": 2
  },
  {
    "id": 15,
    "action": {
      "type": "block"
    },
    "condition": {
      "urlFilter": "||trustmedia.co.il^",
      "domainType": "thirdParty"
    },
    "priority": 2
  },
  {
    "id": 16,
    "action": {
      "type": "block"
    },
    "condition": {
      "urlFilter": "||ultra.clicka1.co.il^",
      "domainType": "thirdParty"
    },
    "priority": 2
  },
  {
    "id": 17,
    "action": {
      "type": "block"
    },
    "condition": {
      "urlFilter": "||upapi.net^",
      "domainType": "thirdParty"
    },
    "priority": 2
  },
  {
    "id": 18,
    "action": {
      "type": "block"
    },
    "condition": {
      "urlFilter": "||valuad.cloud^",
      "domainType": "thirdParty"
    },
    "priority": 2
  },
  {
    "id": 19,
    "action": {
      "type": "block"
    },
    "condition": {
      "urlFilter": "||webid.co.il/b144/",
      "domainType": "thirdParty"
    },
    "priority": 2
  },
  {
    "id": 20,
    "action": {
      "type": "block"
    },
    "condition": {
      "urlFilter": "||wee.co.il^",
      "domainType": "thirdParty",
      "excludedInitiatorDomains": [
        "askoli.co.il"
      ]
    },
    "priority": 3
  },
  {
    "id": 21,
    "action": {
      "type": "block"
    },
    "condition": {
      "urlFilter": "||wesell.co.il^",
      "domainType": "thirdParty"
    },
    "priority": 2
  },
  {
    "id": 22,
    "action": {
      "type": "block"
    },
    "condition": {
      "urlFilter": "||ws.walla.co.il^",
      "domainType": "thirdParty"
    },
    "priority": 2
  },
  {
    "id": 23,
    "action": {
      "type": "block"
    },
    "condition": {
      "urlFilter": "||3dots.co.il^",
      "domainType": "thirdParty",
      "excludedInitiatorDomains": [
        "maple-team.com"
      ]
    },
    "priority": 3
  },
  {
    "id": 24,
    "action": {
      "type": "block"
    },
    "condition": {
      "urlFilter": "||boostquery.com^",
      "domainType": "thirdParty"
    },
    "priority": 2
  },
  {
    "id": 25,
    "action": {
      "type": "block"
    },
    "condition": {
      "urlFilter": "||bostonparadise.com^",
      "domainType": "thirdParty"
    },
    "priority": 2
  },
  {
    "id": 26,
    "action": {
      "type": "block"
    },
    "condition": {
      "urlFilter": "||bostonwall.com^",
      "domainType": "thirdParty"
    },
    "priority": 2
  },
  {
    "id": 27,
    "action": {
      "type": "block"
    },
    "condition": {
      "urlFilter": "||depresis.com^",
      "domainType": "thirdParty"
    },
    "priority": 2
  },
  {
    "id": 28,
    "action": {
      "type": "block"
    },
    "condition": {
      "urlFilter": "||loopmaze.com^",
      "domainType": "thirdParty"
    },
    "priority": 2
  },
  {
    "id": 29,
    "action": {
      "type": "block"
    },
    "condition": {
      "urlFilter": "||maskoter.com^",
      "domainType": "thirdParty"
    },
    "priority": 2
  },
  {
    "id": 30,
    "action": {
      "type": "block"
    },
    "condition": {
      "urlFilter": "||nothering.com^",
      "domainType": "thirdParty"
    },
    "priority": 2
  },
  {
    "id": 31,
    "action": {
      "type": "block"
    },
    "condition": {
      "urlFilter": "||regi.tech^",
      "domainType": "thirdParty"
    },
    "priority": 2
  },
  {
    "id": 32,
    "action": {
      "type": "block"
    },
    "condition": {
      "urlFilter": "||sprawley.com^",
      "domainType": "thirdParty"
    },
    "priority": 2
  },
  {
    "id": 33,
    "action": {
      "type": "block"
    },
    "condition": {
      "urlFilter": "||srvjar.com^",
      "domainType": "thirdParty"
    },
    "priority": 2
  },
  {
    "id": 34,
    "action": {
      "type": "block"
    },
    "condition": {
      "urlFilter": "||wodoka.com^",
      "domainType": "thirdParty"
    },
    "priority": 2
  },
  {
    "id": 35,
    "action": {
      "type": "block"
    },
    "condition": {
      "urlFilter": "|blob:",
      "initiatorDomains": [
        "6days.walla.co.il",
        "animals.walla.co.il",
        "astrology.walla.co.il",
        "b.walla.co.il",
        "buzzit.walla.co.il",
        "calendar.walla.co.il",
        "cars.walla.co.il",
        "celebs.walla.co.il",
        "e.walla.co.il",
        "elections.walla.co.il",
        "euro.walla.co.il",
        "fashion.walla.co.il",
        "finance.walla.co.il",
        "food.walla.co.il",
        "forums.walla.co.il",
        "fun.walla.co.il",
        "healthy.walla.co.il",
        "home.walla.co.il",
        "judaism.walla.co.il",
        "kids.walla.co.il",
        "mag.walla.co.il",
        "maps.walla.co.il",
        "milon.walla.co.il",
        "movies.walla.co.il",
        "mundial.walla.co.il",
        "nadlan.walla.co.il",
        "news.walla.co.il",
        "nick.walla.co.il",
        "olympics.walla.co.il",
        "search.walla.co.il",
        "sports.walla.co.il",
        "tags.walla.co.il",
        "tech.walla.co.il",
        "translate.walla.co.il",
        "travel.walla.co.il",
        "tv-guide.walla.co.il",
        "tv.walla.co.il",
        "usaelections.walla.co.il",
        "viva.walla.co.il",
        "vod.walla.co.il",
        "weather.walla.co.il",
        "www.walla.co.il"
      ],
      "excludedResourceTypes": [
        "script",
        "main_frame"
      ]
    },
    "priority": 105
  },
  {
    "id": 36,
    "action": {
      "type": "block"
    },
    "condition": {
      "urlFilter": "||walla.co.il^",
      "domainType": "firstParty",
      "initiatorDomains": [
        "6days.walla.co.il",
        "animals.walla.co.il",
        "astrology.walla.co.il",
        "b.walla.co.il",
        "buzzit.walla.co.il",
        "calendar.walla.co.il",
        "cars.walla.co.il",
        "celebs.walla.co.il",
        "e.walla.co.il",
        "elections.walla.co.il",
        "euro.walla.co.il",
        "fashion.walla.co.il",
        "finance.walla.co.il",
        "food.walla.co.il",
        "forums.walla.co.il",
        "fun.walla.co.il",
        "healthy.walla.co.il",
        "home.walla.co.il",
        "judaism.walla.co.il",
        "kids.walla.co.il",
        "mag.walla.co.il",
        "maps.walla.co.il",
        "milon.walla.co.il",
        "movies.walla.co.il",
        "mundial.walla.co.il",
        "nadlan.walla.co.il",
        "news.walla.co.il",
        "nick.walla.co.il",
        "olympics.walla.co.il",
        "search.walla.co.il",
        "sports.walla.co.il",
        "tags.walla.co.il",
        "tech.walla.co.il",
        "translate.walla.co.il",
        "travel.walla.co.il",
        "tv-guide.walla.co.il",
        "tv.walla.co.il",
        "usaelections.walla.co.il",
        "viva.walla.co.il",
        "vod.walla.co.il",
        "weather.walla.co.il",
        "www.walla.co.il"
      ],
      "resourceTypes": [
        "websocket"
      ]
    },
    "priority": 205
  },
  {
    "id": 37,
    "action": {
      "type": "block"
    },
    "condition": {
      "urlFilter": "||a.walla.co.il^"
    },
    "priority": 1
  },
  {
    "id": 38,
    "action": {
      "type": "block"
    },
    "condition": {
      "urlFilter": "||artipbox.net^",
      "domainType": "thirdParty",
      "initiatorDomains": [
        "walla.co.il"
      ]
    },
    "priority": 202
  },
  {
    "id": 39,
    "action": {
      "type": "block"
    },
    "condition": {
      "urlFilter": "||cooladata.com^",
      "domainType": "thirdParty",
      "initiatorDomains": [
        "walla.co.il"
      ]
    },
    "priority": 202
  },
  {
    "id": 40,
    "action": {
      "type": "block"
    },
    "condition": {
      "urlFilter": "||exposeboxwallashops.blob.core.windows.net^"
    },
    "priority": 1
  },
  {
    "id": 41,
    "action": {
      "type": "block"
    },
    "condition": {
      "urlFilter": "||firebaseio.com^",
      "domainType": "thirdParty",
      "initiatorDomains": [
        "walla.co.il"
      ]
    },
    "priority": 202
  },
  {
    "id": 42,
    "action": {
      "type": "block"
    },
    "condition": {
      "urlFilter": "||fus.walla.co.il/js/purcf/walla.friends.rashi.main",
      "resourceTypes": [
        "script"
      ]
    },
    "priority": 101
  },
  {
    "id": 43,
    "action": {
      "type": "block"
    },
    "condition": {
      "urlFilter": "||fus.walla.co.il/report/"
    },
    "priority": 1
  },
  {
    "id": 44,
    "action": {
      "type": "block"
    },
    "condition": {
      "urlFilter": "||fus.walla.co.il/script.js?1",
      "initiatorDomains": [
        "forums.walla.co.il",
        "tv-guide.walla.co.il"
      ]
    },
    "priority": 151
  },
  {
    "id": 45,
    "action": {
      "type": "block"
    },
    "condition": {
      "urlFilter": "||fus.walla.co.il/vast/"
    },
    "priority": 1
  },
  {
    "id": 46,
    "action": {
      "type": "block"
    },
    "condition": {
      "urlFilter": "||mishpati.co.il/-partners/walla-form",
      "resourceTypes": [
        "sub_frame"
      ]
    },
    "priority": 101
  },
  {
    "id": 47,
    "action": {
      "type": "block"
    },
    "condition": {
      "urlFilter": "||stari.world^",
      "initiatorDomains": [
        "sheee.co.il",
        "walla.co.il"
      ],
      "resourceTypes": [
        "sub_frame"
      ]
    },
    "priority": 251
  },
  {
    "id": 48,
    "action": {
      "type": "block"
    },
    "condition": {
      "urlFilter": "||walla.yad2.co.il/*banner",
      "initiatorDomains": [
        "walla.co.il"
      ],
      "resourceTypes": [
        "sub_frame"
      ]
    },
    "priority": 301
  },
  {
    "id": 49,
    "action": {
      "type": "block"
    },
    "condition": {
      "urlFilter": "||wrtm.walla.co.il^"
    },
    "priority": 1
  },
  {
    "id": 50,
    "action": {
      "type": "block"
    },
    "condition": {
      "urlFilter": "||x.walla.co.il^",
      "initiatorDomains": [
        "mail.walla.co.il"
      ],
      "resourceTypes": [
        "image"
      ]
    },
    "priority": 301
  },
  {
    "id": 51,
    "action": {
      "type": "block"
    },
    "condition": {
      "urlFilter": "||x.walla.co.il^*.mp4|"
    },
    "priority": 1
  },
  {
    "id": 52,
    "action": {
      "type": "block"
    },
    "condition": {
      "urlFilter": "||xwbe.wcdn.co.il^",
      "resourceTypes": [
        "image"
      ]
    },
    "priority": 101
  },
  {
    "id": 53,
    "action": {
      "type": "block"
    },
    "condition": {
      "urlFilter": "||xwne.wcdn.co.il^",
      "initiatorDomains": [
        "walla.co.il"
      ]
    },
    "priority": 201
  },
  {
    "id": 54,
    "action": {
      "type": "block"
    },
    "condition": {
      "urlFilter": "||www.ynet.co.il^",
      "domainType": "firstParty",
      "initiatorDomains": [
        "www.ynet.co.il"
      ],
      "resourceTypes": [
        "websocket"
      ]
    },
    "priority": 302
  },
  {
    "id": 55,
    "action": {
      "type": "block"
    },
    "condition": {
      "urlFilter": "/cdamarkettextlinks_"
    },
    "priority": 1
  },
  {
    "id": 56,
    "action": {
      "type": "block"
    },
    "condition": {
      "urlFilter": "/cdamarketinglink/"
    },
    "priority": 1
  },
  {
    "id": 57,
    "action": {
      "type": "block"
    },
    "condition": {
      "urlFilter": "||alljobs.co.il/partners/ynet/engine.aspx"
    },
    "priority": 1
  },
  {
    "id": 58,
    "action": {
      "type": "block"
    },
    "condition": {
      "urlFilter": "||article.yedioth.co.il/assets/banners"
    },
    "priority": 1
  },
  {
    "id": 59,
    "action": {
      "type": "block"
    },
    "condition": {
      "urlFilter": "||dynamicyield.com^",
      "initiatorDomains": [
        "ynet.co.il"
      ],
      "resourceTypes": [
        "script"
      ]
    },
    "priority": 301
  },
  {
    "id": 60,
    "action": {
      "type": "block"
    },
    "condition": {
      "urlFilter": "||go.ynet.co.il/short/demos/*/ads/"
    },
    "priority": 1
  },
  {
    "id": 61,
    "action": {
      "type": "block"
    },
    "condition": {
      "urlFilter": "||go.ynet.co.il/short/content/2013/career/sidejobs/"
    },
    "priority": 1
  },
  {
    "id": 62,
    "action": {
      "type": "block"
    },
    "condition": {
      "urlFilter": "||infomed.co.il/ynet/sidebox.aspx?"
    },
    "priority": 1
  },
  {
    "id": 63,
    "action": {
      "type": "block"
    },
    "condition": {
      "urlFilter": "||psakdin.co.il/externalframes/",
      "initiatorDomains": [
        "ynet.co.il"
      ]
    },
    "priority": 201
  },
  {
    "id": 64,
    "action": {
      "type": "block"
    },
    "condition": {
      "urlFilter": "||s3.amazonaws.com^",
      "initiatorDomains": [
        "ynet.co.il"
      ],
      "resourceTypes": [
        "script"
      ]
    },
    "priority": 301
  },
  {
    "id": 65,
    "action": {
      "type": "block"
    },
    "condition": {
      "urlFilter": "||totalmedia2.ynet.co.il^"
    },
    "priority": 1
  },
  {
    "id": 66,
    "action": {
      "type": "block"
    },
    "condition": {
      "urlFilter": "||trace.events^",
      "domainType": "thirdParty",
      "initiatorDomains": [
        "ynet.co.il"
      ]
    },
    "priority": 202
  },
  {
    "id": 67,
    "action": {
      "type": "block"
    },
    "condition": {
      "urlFilter": "||ynetbanneradmin.yit.co.il/assets/",
      "initiatorDomains": [
        "ynet.co.il"
      ],
      "resourceTypes": [
        "sub_frame"
      ]
    },
    "priority": 301
  },
  {
    "id": 68,
    "action": {
      "type": "block"
    },
    "condition": {
      "urlFilter": "|blob:",
      "initiatorDomains": [
        "www.mako.co.il"
      ],
      "excludedResourceTypes": [
        "script",
        "main_frame"
      ]
    },
    "priority": 202
  },
  {
    "id": 69,
    "action": {
      "type": "block"
    },
    "condition": {
      "urlFilter": "||www.mako.co.il^",
      "domainType": "firstParty",
      "initiatorDomains": [
        "www.mako.co.il"
      ],
      "resourceTypes": [
        "websocket"
      ]
    },
    "priority": 302
  },
  {
    "id": 70,
    "action": {
      "type": "block"
    },
    "condition": {
      "urlFilter": "||activetrail.com^",
      "domainType": "thirdParty",
      "initiatorDomains": [
        "mako.co.il"
      ]
    },
    "priority": 202
  },
  {
    "id": 71,
    "action": {
      "type": "block"
    },
    "condition": {
      "urlFilter": "||adoric-ads.com^",
      "domainType": "thirdParty",
      "initiatorDomains": [
        "mako.co.il"
      ]
    },
    "priority": 202
  },
  {
    "id": 72,
    "action": {
      "type": "block"
    },
    "condition": {
      "urlFilter": "||adserv.mako.co.il^"
    },
    "priority": 1
  },
  {
    "id": 73,
    "action": {
      "type": "block"
    },
    "condition": {
      "urlFilter": "||analytics.edgesuite.net^",
      "domainType": "thirdParty",
      "initiatorDomains": [
        "mako.co.il"
      ]
    },
    "priority": 202
  },
  {
    "id": 74,
    "action": {
      "type": "block"
    },
    "condition": {
      "urlFilter": "||api.conduit.com^",
      "initiatorDomains": [
        "mako.co.il",
        "n12.co.il",
        "tech12.co.il",
        "tvbee.co.il"
      ]
    },
    "priority": 126
  },
  {
    "id": 75,
    "action": {
      "type": "block"
    },
    "condition": {
      "urlFilter": "||apps.mako.co.il/minicampaigns/"
    },
    "priority": 1
  },
  {
    "id": 76,
    "action": {
      "type": "block"
    },
    "condition": {
      "urlFilter": "||img.mako.co.il/2018/*/*/970x90a.jpg|",
      "resourceTypes": [
        "image"
      ]
    },
    "priority": 101
  },
  {
    "id": 77,
    "action": {
      "type": "block"
    },
    "condition": {
      "urlFilter": "||localhost^",
      "initiatorDomains": [
        "mako.co.il",
        "n12.co.il",
        "tech12.co.il",
        "tvbee.co.il"
      ]
    },
    "priority": 126
  },
  {
    "id": 78,
    "action": {
      "type": "block"
    },
    "condition": {
      "urlFilter": "||mako.co.il/makotv/loginsocialconfig.json"
    },
    "priority": 1
  },
  {
    "id": 79,
    "action": {
      "type": "block"
    },
    "condition": {
      "urlFilter": "||netdna-ssl.com^",
      "domainType": "thirdParty",
      "initiatorDomains": [
        "mako.co.il"
      ]
    },
    "priority": 202
  },
  {
    "id": 80,
    "action": {
      "type": "block"
    },
    "condition": {
      "urlFilter": "||psakdin.co.il/externalframes/",
      "initiatorDomains": [
        "mako.co.il"
      ]
    },
    "priority": 201
  },
  {
    "id": 81,
    "action": {
      "type": "block"
    },
    "condition": {
      "urlFilter": "||rcs.mako.co.il/js/player/*/artimedia/artimediaadmanager.js"
    },
    "priority": 1
  },
  {
    "id": 82,
    "action": {
      "type": "block"
    },
    "condition": {
      "urlFilter": "||sdc.mako.co.il^"
    },
    "priority": 1
  },
  {
    "id": 83,
    "action": {
      "type": "block"
    },
    "condition": {
      "urlFilter": "||shironet.mako.co.il/jsp/images/main_strip_ad_box_718.gif"
    },
    "priority": 1
  },
  {
    "id": 84,
    "action": {
      "type": "block"
    },
    "condition": {
      "urlFilter": "||www.globes.co.il^",
      "domainType": "firstParty",
      "initiatorDomains": [
        "www.globes.co.il"
      ],
      "resourceTypes": [
        "websocket"
      ]
    },
    "priority": 302
  },
  {
    "id": 85,
    "action": {
      "type": "block"
    },
    "condition": {
      "urlFilter": "||s3.amazonaws.com^",
      "initiatorDomains": [
        "globes.co.il"
      ],
      "resourceTypes": [
        "script"
      ]
    },
    "priority": 301
  },
  {
    "id": 86,
    "action": {
      "type": "block"
    },
    "condition": {
      "urlFilter": "||www.calcalist.co.il^",
      "domainType": "firstParty",
      "initiatorDomains": [
        "www.calcalist.co.il"
      ],
      "resourceTypes": [
        "websocket"
      ]
    },
    "priority": 302
  },
  {
    "id": 87,
    "action": {
      "type": "block"
    },
    "condition": {
      "urlFilter": "||psakdin.co.il/externalframes/",
      "initiatorDomains": [
        "calcalist.co.il"
      ]
    },
    "priority": 201
  },
  {
    "id": 88,
    "action": {
      "type": "block"
    },
    "condition": {
      "urlFilter": "||s3.amazonaws.com^",
      "initiatorDomains": [
        "calcalist.co.il"
      ],
      "resourceTypes": [
        "script"
      ]
    },
    "priority": 301
  },
  {
    "id": 89,
    "action": {
      "type": "block"
    },
    "condition": {
      "urlFilter": "||13news.co.il^",
      "domainType": "firstParty",
      "initiatorDomains": [
        "13news.co.il"
      ],
      "resourceTypes": [
        "websocket"
      ]
    },
    "priority": 302
  },
  {
    "id": 90,
    "action": {
      "type": "block"
    },
    "condition": {
      "urlFilter": "||13tv.co.il^",
      "domainType": "firstParty",
      "initiatorDomains": [
        "13tv.co.il"
      ],
      "resourceTypes": [
        "websocket"
      ]
    },
    "priority": 302
  },
  {
    "id": 91,
    "action": {
      "type": "block"
    },
    "condition": {
      "urlFilter": "/dfp.",
      "domainType": "firstParty",
      "initiatorDomains": [
        "13news.co.il",
        "13tv.co.il"
      ]
    },
    "priority": 152
  },
  {
    "id": 92,
    "action": {
      "type": "block"
    },
    "condition": {
      "urlFilter": "/dfp/",
      "domainType": "firstParty",
      "initiatorDomains": [
        "13news.co.il",
        "13tv.co.il"
      ]
    },
    "priority": 152
  },
  {
    "id": 93,
    "action": {
      "type": "block"
    },
    "condition": {
      "urlFilter": "||viewbix.com^",
      "domainType": "thirdParty",
      "initiatorDomains": [
        "13news.co.il",
        "13tv.co.il"
      ]
    },
    "priority": 152
  },
  {
    "id": 94,
    "action": {
      "type": "block"
    },
    "condition": {
      "urlFilter": "||sport5.co.il^",
      "domainType": "firstParty",
      "initiatorDomains": [
        "sport5.co.il"
      ],
      "resourceTypes": [
        "websocket"
      ]
    },
    "priority": 302
  },
  {
    "id": 95,
    "action": {
      "type": "block"
    },
    "condition": {
      "urlFilter": "||shopupz.com^",
      "domainType": "thirdParty",
      "initiatorDomains": [
        "sport5.co.il"
      ]
    },
    "priority": 202
  },
  {
    "id": 96,
    "action": {
      "type": "block"
    },
    "condition": {
      "urlFilter": "||sport5.co.il/banners2/"
    },
    "priority": 1
  },
  {
    "id": 97,
    "action": {
      "type": "block"
    },
    "condition": {
      "urlFilter": "||ads.one.co.il^"
    },
    "priority": 1
  },
  {
    "id": 98,
    "action": {
      "type": "block"
    },
    "condition": {
      "urlFilter": "||a7.org/*.html",
      "initiatorDomains": [
        "inn.co.il"
      ],
      "resourceTypes": [
        "sub_frame"
      ]
    },
    "priority": 301
  },
  {
    "id": 99,
    "action": {
      "type": "block"
    },
    "condition": {
      "urlFilter": "||a7.org/cdn/sdk"
    },
    "priority": 1
  },
  {
    "id": 100,
    "action": {
      "type": "block"
    },
    "condition": {
      "urlFilter": "||a7.org/adblock/"
    },
    "priority": 1
  },
  {
    "id": 101,
    "action": {
      "type": "block"
    },
    "condition": {
      "urlFilter": "||a7.org/media",
      "resourceTypes": [
        "script",
        "xmlhttprequest"
      ]
    },
    "priority": 76
  },
  {
    "id": 102,
    "action": {
      "type": "block"
    },
    "condition": {
      "urlFilter": "||a7.org/scripts/maavaron.js"
    },
    "priority": 1
  },
  {
    "id": 103,
    "action": {
      "type": "block"
    },
    "condition": {
      "urlFilter": "||dwnmedia.a7.org/inntv/media/"
    },
    "priority": 1
  },
  {
    "id": 104,
    "action": {
      "type": "block"
    },
    "condition": {
      "urlFilter": "||info.a7.org^",
      "initiatorDomains": [
        "inn.co.il"
      ]
    },
    "priority": 201
  },
  {
    "id": 105,
    "action": {
      "type": "block"
    },
    "condition": {
      "urlFilter": "||inn.co.il/info_en/"
    },
    "priority": 1
  },
  {
    "id": 106,
    "action": {
      "type": "block"
    },
    "condition": {
      "urlFilter": "||inn.co.il/leads/content/upload/"
    },
    "priority": 1
  },
  {
    "id": 107,
    "action": {
      "type": "block"
    },
    "condition": {
      "urlFilter": "||kipa.co.il/banner/"
    },
    "priority": 1
  },
  {
    "id": 108,
    "action": {
      "type": "block"
    },
    "condition": {
      "urlFilter": "||moodaot.kipa.co.il/userfiles/moods/",
      "resourceTypes": [
        "sub_frame"
      ]
    },
    "priority": 101
  },
  {
    "id": 109,
    "action": {
      "type": "block"
    },
    "condition": {
      "urlFilter": "||bhol.co.il/rich_banners/"
    },
    "priority": 1
  },
  {
    "id": 110,
    "action": {
      "type": "block"
    },
    "condition": {
      "urlFilter": "||bhol.co.il/system/ad_manager/get_all_banners",
      "resourceTypes": [
        "xmlhttprequest"
      ]
    },
    "priority": 101
  },
  {
    "id": 111,
    "action": {
      "type": "block"
    },
    "condition": {
      "urlFilter": "||ext.bhol.co.il/"
    },
    "priority": 1
  },
  {
    "id": 112,
    "action": {
      "type": "block"
    },
    "condition": {
      "urlFilter": "||a.kikar.co.il/v1/ads"
    },
    "priority": 1
  },
  {
    "id": 113,
    "action": {
      "type": "block"
    },
    "condition": {
      "urlFilter": "||www.kikar.co.il/a/",
      "resourceTypes": [
        "sub_frame"
      ]
    },
    "priority": 101
  },
  {
    "id": 114,
    "action": {
      "type": "block"
    },
    "condition": {
      "urlFilter": "||ban.d-group.co.il/banners/",
      "domainType": "thirdParty"
    },
    "priority": 2
  },
  {
    "id": 115,
    "action": {
      "type": "block"
    },
    "condition": {
      "urlFilter": "||cdn1.zoomanalytics.co/js",
      "initiatorDomains": [
        "zap.co.il"
      ],
      "resourceTypes": [
        "script"
      ]
    },
    "priority": 301
  },
  {
    "id": 116,
    "action": {
      "type": "block"
    },
    "condition": {
      "urlFilter": "|blob:",
      "initiatorDomains": [
        "homeprices.yad2.co.il",
        "my.yad2.co.il",
        "pricelist.yad2.co.il",
        "www.yad2.co.il",
        "yad1.yad2.co.il"
      ]
    },
    "priority": 121
  },
  {
    "id": 117,
    "action": {
      "type": "block"
    },
    "condition": {
      "urlFilter": "||yad2.co.il^",
      "domainType": "firstParty",
      "initiatorDomains": [
        "homeprices.yad2.co.il",
        "my.yad2.co.il",
        "pricelist.yad2.co.il",
        "www.yad2.co.il",
        "yad1.yad2.co.il"
      ],
      "resourceTypes": [
        "websocket"
      ]
    },
    "priority": 222
  },
  {
    "id": 118,
    "action": {
      "type": "block"
    },
    "condition": {
      "urlFilter": "||my.yad2.co.il/banner/"
    },
    "priority": 1
  },
  {
    "id": 119,
    "action": {
      "type": "block"
    },
    "condition": {
      "urlFilter": "||my.yad2.co.il/dfpv3/script/desktopmediamanager.js"
    },
    "priority": 1
  },
  {
    "id": 120,
    "action": {
      "type": "block"
    },
    "condition": {
      "urlFilter": "||yad2.co.il/js-new/blockpirsum.js"
    },
    "priority": 1
  },
  {
    "id": 121,
    "action": {
      "type": "block"
    },
    "condition": {
      "urlFilter": "||banners.news1.co.il^"
    },
    "priority": 1
  },
  {
    "id": 122,
    "action": {
      "type": "block"
    },
    "condition": {
      "urlFilter": "||www.bizportal.co.il^",
      "domainType": "firstParty",
      "initiatorDomains": [
        "www.bizportal.co.il"
      ],
      "resourceTypes": [
        "websocket"
      ]
    },
    "priority": 302
  },
  {
    "id": 123,
    "action": {
      "type": "block"
    },
    "condition": {
      "urlFilter": "||s3.amazonaws.com^",
      "initiatorDomains": [
        "bizportal.co.il"
      ],
      "resourceTypes": [
        "script"
      ]
    },
    "priority": 301
  },
  {
    "id": 124,
    "action": {
      "type": "block"
    },
    "condition": {
      "urlFilter": "||widget.walla.co.il/wallaplayer",
      "domainType": "thirdParty",
      "initiatorDomains": [
        "fxp.co.il"
      ],
      "resourceTypes": [
        "sub_frame"
      ]
    },
    "priority": 302
  },
  {
    "id": 125,
    "action": {
      "type": "block"
    },
    "condition": {
      "urlFilter": "||rotter.net/banners/"
    },
    "priority": 1
  },
  {
    "id": 126,
    "action": {
      "type": "block"
    },
    "condition": {
      "urlFilter": "||rotter.net/edit/text/"
    },
    "priority": 1
  },
  {
    "id": 127,
    "action": {
      "type": "block"
    },
    "condition": {
      "urlFilter": "/amsdk.js",
      "initiatorDomains": [
        "0404.co.il",
        "13news.co.il",
        "13tv.co.il",
        "calcalist.co.il",
        "globes.co.il",
        "inn.co.il",
        "mako.co.il",
        "tapuz.co.il",
        "walla.co.il"
      ],
      "resourceTypes": [
        "script",
        "xmlhttprequest"
      ]
    },
    "priority": 188
  },
  {
    "id": 128,
    "action": {
      "type": "block"
    },
    "condition": {
      "urlFilter": "||auto.co.il/static/iframe_bn.html?*=",
      "resourceTypes": [
        "sub_frame"
      ]
    },
    "priority": 101
  },
  {
    "id": 129,
    "action": {
      "type": "block"
    },
    "condition": {
      "urlFilter": "||beaverscripts.com/openwindow.js"
    },
    "priority": 1
  },
  {
    "id": 130,
    "action": {
      "type": "block"
    },
    "condition": {
      "urlFilter": "||bladna.co.il/public/flash/"
    },
    "priority": 1
  },
  {
    "id": 131,
    "action": {
      "type": "block"
    },
    "condition": {
      "urlFilter": "||ch10.co.il/wp-content/plugins/arti-banners/components/arti-banner-popup/"
    },
    "priority": 1
  },
  {
    "id": 132,
    "action": {
      "type": "block"
    },
    "condition": {
      "urlFilter": "||ext.kore.co.il/out/",
      "initiatorDomains": [
        "www.kore.co.il"
      ],
      "resourceTypes": [
        "script"
      ]
    },
    "priority": 301
  },
  {
    "id": 133,
    "action": {
      "type": "block"
    },
    "condition": {
      "urlFilter": "||googleusercontent.com^",
      "initiatorDomains": [
        "trusted-software.com"
      ]
    },
    "priority": 201
  },
  {
    "id": 134,
    "action": {
      "type": "block"
    },
    "condition": {
      "urlFilter": "||leadim4u.com/accounts/default1/banners/"
    },
    "priority": 1
  },
  {
    "id": 135,
    "action": {
      "type": "block"
    },
    "condition": {
      "urlFilter": "||negishim.com/accessibility/"
    },
    "priority": 1
  },
  {
    "id": 136,
    "action": {
      "type": "block"
    },
    "condition": {
      "urlFilter": "||player.vimeo.com/video/383596619|",
      "initiatorDomains": [
        "ch10.co.il"
      ],
      "resourceTypes": [
        "sub_frame"
      ]
    },
    "priority": 301
  },
  {
    "id": 137,
    "action": {
      "type": "block"
    },
    "condition": {
      "urlFilter": "||psakdin.co.il/pictures/banners/"
    },
    "priority": 1
  },
  {
    "id": 138,
    "action": {
      "type": "block"
    },
    "condition": {
      "urlFilter": "||radio.coolsite.co.il/sekindo/",
      "resourceTypes": [
        "sub_frame"
      ]
    },
    "priority": 101
  },
  {
    "id": 139,
    "action": {
      "type": "block"
    },
    "condition": {
      "urlFilter": "||takana.co.il^",
      "domainType": "thirdParty",
      "resourceTypes": [
        "image"
      ]
    },
    "priority": 102
  },
  {
    "id": 140,
    "action": {
      "type": "block"
    },
    "condition": {
      "urlFilter": "||wcdn.co.il/banners/"
    },
    "priority": 1
  },
  {
    "id": 141,
    "action": {
      "type": "block"
    },
    "condition": {
      "urlFilter": "||netform.co.il^",
      "domainType": "thirdParty",
      "initiatorDomains": [
        "0-15.co.il",
        "2b-bari.co.il",
        "50plus.co.il",
        "abortion.org.il",
        "acnecenter.co.il",
        "add-syndrome.co.il",
        "allergy.org.il",
        "alzheimer.co.il",
        "asthma.org.il",
        "autism.org.il",
        "bariatric.org.il",
        "blinds.org.il",
        "blood.co.il",
        "burn.org.il",
        "candidafree.co.il",
        "cfs.org.il",
        "cholesterol.org.il",
        "cold.co.il",
        "commitment.org.il",
        "degeneration.co.il",
        "dementia.co.il",
        "dermatology.co.il",
        "dialysis.org.il",
        "ear.org.il",
        "east-west.co.il",
        "emun.org.il",
        "ent.org.il",
        "feeling.co.il",
        "fms.org.il",
        "gastro-israel.org.il",
        "genes.co.il",
        "human.co.il",
        "hyperhidrosis.org.il",
        "iaawh.co.il",
        "ibd.org.il",
        "ifeel.co.il",
        "ilsi.org.il",
        "immunology.org.il",
        "implants.org.il",
        "ioh.org.il",
        "isala.org.il",
        "le-la.co.il",
        "linshom.org.il",
        "lung.org.il",
        "lupus.org.il",
        "maane.co.il",
        "matnachim.co.il",
        "matnachim.org.il",
        "medicalcannabis.co.il",
        "mifrakim.co.il",
        "my-rights.org.il",
        "myeyes.co.il",
        "myhealth.co.il",
        "myheart.co.il",
        "myrights.co.il",
        "nashy.co.il",
        "neurology.org.il",
        "noga.org.il",
        "obesity.org.il",
        "oncology.org.il",
        "pain.org.il",
        "parkinsons.org.il",
        "pediatrics.co.il",
        "pigur.co.il",
        "pso.org.il",
        "psychiatrist.org.il",
        "psychiatry.org.il",
        "stdinfo.co.il",
        "stroke.org.il",
        "takana.co.il",
        "tevalife.co.il",
        "urinary.co.il",
        "urine.org.il",
        "voices.co.il",
        "womenonly.co.il"
      ]
    },
    "priority": 104
  },
  {
    "id": 142,
    "action": {
      "type": "block"
    },
    "condition": {
      "urlFilter": "||virtualspirits.com^",
      "domainType": "thirdParty",
      "initiatorDomains": [
        "0-15.co.il",
        "2b-bari.co.il",
        "50plus.co.il",
        "abortion.org.il",
        "acnecenter.co.il",
        "add-syndrome.co.il",
        "allergy.org.il",
        "alzheimer.co.il",
        "asthma.org.il",
        "autism.org.il",
        "bariatric.org.il",
        "blinds.org.il",
        "blood.co.il",
        "burn.org.il",
        "candidafree.co.il",
        "cfs.org.il",
        "cholesterol.org.il",
        "cold.co.il",
        "commitment.org.il",
        "degeneration.co.il",
        "dementia.co.il",
        "dermatology.co.il",
        "dialysis.org.il",
        "ear.org.il",
        "east-west.co.il",
        "emun.org.il",
        "ent.org.il",
        "feeling.co.il",
        "fms.org.il",
        "gastro-israel.org.il",
        "genes.co.il",
        "human.co.il",
        "hyperhidrosis.org.il",
        "iaawh.co.il",
        "ibd.org.il",
        "ifeel.co.il",
        "ilsi.org.il",
        "immunology.org.il",
        "implants.org.il",
        "ioh.org.il",
        "isala.org.il",
        "le-la.co.il",
        "linshom.org.il",
        "lung.org.il",
        "lupus.org.il",
        "maane.co.il",
        "matnachim.co.il",
        "matnachim.org.il",
        "medicalcannabis.co.il",
        "mifrakim.co.il",
        "my-rights.org.il",
        "myeyes.co.il",
        "myhealth.co.il",
        "myheart.co.il",
        "myrights.co.il",
        "nashy.co.il",
        "neurology.org.il",
        "noga.org.il",
        "obesity.org.il",
        "oncology.org.il",
        "pain.org.il",
        "parkinsons.org.il",
        "pediatrics.co.il",
        "pigur.co.il",
        "pso.org.il",
        "psychiatrist.org.il",
        "psychiatry.org.il",
        "stdinfo.co.il",
        "stroke.org.il",
        "takana.co.il",
        "tevalife.co.il",
        "urinary.co.il",
        "urine.org.il",
        "voices.co.il",
        "womenonly.co.il"
      ]
    },
    "priority": 104
  },
  {
    "id": 143,
    "action": {
      "type": "block"
    },
    "condition": {
      "urlFilter": "||whats-new.co.il^",
      "domainType": "thirdParty",
      "initiatorDomains": [
        "0-15.co.il",
        "2b-bari.co.il",
        "50plus.co.il",
        "abortion.org.il",
        "acnecenter.co.il",
        "add-syndrome.co.il",
        "allergy.org.il",
        "alzheimer.co.il",
        "asthma.org.il",
        "autism.org.il",
        "bariatric.org.il",
        "blinds.org.il",
        "blood.co.il",
        "burn.org.il",
        "candidafree.co.il",
        "cfs.org.il",
        "cholesterol.org.il",
        "cold.co.il",
        "commitment.org.il",
        "degeneration.co.il",
        "dementia.co.il",
        "dermatology.co.il",
        "dialysis.org.il",
        "ear.org.il",
        "east-west.co.il",
        "emun.org.il",
        "ent.org.il",
        "feeling.co.il",
        "fms.org.il",
        "gastro-israel.org.il",
        "genes.co.il",
        "human.co.il",
        "hyperhidrosis.org.il",
        "iaawh.co.il",
        "ibd.org.il",
        "ifeel.co.il",
        "ilsi.org.il",
        "immunology.org.il",
        "implants.org.il",
        "ioh.org.il",
        "isala.org.il",
        "le-la.co.il",
        "linshom.org.il",
        "lung.org.il",
        "lupus.org.il",
        "maane.co.il",
        "matnachim.co.il",
        "matnachim.org.il",
        "medicalcannabis.co.il",
        "mifrakim.co.il",
        "my-rights.org.il",
        "myeyes.co.il",
        "myhealth.co.il",
        "myheart.co.il",
        "myrights.co.il",
        "nashy.co.il",
        "neurology.org.il",
        "noga.org.il",
        "obesity.org.il",
        "oncology.org.il",
        "pain.org.il",
        "parkinsons.org.il",
        "pediatrics.co.il",
        "pigur.co.il",
        "pso.org.il",
        "psychiatrist.org.il",
        "psychiatry.org.il",
        "stdinfo.co.il",
        "stroke.org.il",
        "takana.co.il",
        "tevalife.co.il",
        "urinary.co.il",
        "urine.org.il",
        "voices.co.il",
        "womenonly.co.il"
      ]
    },
    "priority": 104
  },
  {
    "id": 144,
    "action": {
      "type": "block"
    },
    "condition": {
      "urlFilter": "||atardrushim.com^"
    },
    "priority": 1
  },
  {
    "id": 145,
    "action": {
      "type": "block"
    },
    "condition": {
      "urlFilter": "||avoda-mehabait.co.il^"
    },
    "priority": 1
  },
  {
    "id": 146,
    "action": {
      "type": "block"
    },
    "condition": {
      "urlFilter": "||hasdarot.club^"
    },
    "priority": 1
  },
  {
    "id": 147,
    "action": {
      "type": "block"
    },
    "condition": {
      "urlFilter": "||hasdarot.com^"
    },
    "priority": 1
  },
  {
    "id": 148,
    "action": {
      "type": "block"
    },
    "condition": {
      "urlFilter": "||hasdarot.info^"
    },
    "priority": 1
  },
  {
    "id": 149,
    "action": {
      "type": "block"
    },
    "condition": {
      "urlFilter": "||hasdarot.life^"
    },
    "priority": 1
  },
  {
    "id": 150,
    "action": {
      "type": "block"
    },
    "condition": {
      "urlFilter": "||hasdarot.live^"
    },
    "priority": 1
  },
  {
    "id": 151,
    "action": {
      "type": "block"
    },
    "condition": {
      "urlFilter": "||hasdarot.net^"
    },
    "priority": 1
  },
  {
    "id": 152,
    "action": {
      "type": "block"
    },
    "condition": {
      "urlFilter": "||hasdarot.tv^"
    },
    "priority": 1
  },
  {
    "id": 153,
    "action": {
      "type": "block"
    },
    "condition": {
      "urlFilter": "||hasdarot.vip^"
    },
    "priority": 1
  },
  {
    "id": 154,
    "action": {
      "type": "block"
    },
    "condition": {
      "urlFilter": "||hasdarot.xyz^"
    },
    "priority": 1
  },
  {
    "id": 155,
    "action": {
      "type": "block"
    },
    "condition": {
      "urlFilter": "||isdarot.com^"
    },
    "priority": 1
  },
  {
    "id": 156,
    "action": {
      "type": "block"
    },
    "condition": {
      "urlFilter": "||israeljobstoday.com^"
    },
    "priority": 1
  },
  {
    "id": 157,
    "action": {
      "type": "block"
    },
    "condition": {
      "urlFilter": "||losittooday.info^"
    },
    "priority": 1
  },
  {
    "id": 158,
    "action": {
      "type": "block"
    },
    "condition": {
      "urlFilter": "||pinukim.net^"
    },
    "priority": 1
  },
  {
    "id": 159,
    "action": {
      "type": "block"
    },
    "condition": {
      "urlFilter": "||play.milly-style.co.il^"
    },
    "priority": 1
  },
  {
    "id": 160,
    "action": {
      "type": "block"
    },
    "condition": {
      "urlFilter": "||plushome.co.il^"
    },
    "priority": 1
  },
  {
    "id": 161,
    "action": {
      "type": "block"
    },
    "condition": {
      "urlFilter": "||sdarot-il.org^"
    },
    "priority": 1
  },
  {
    "id": 162,
    "action": {
      "type": "block"
    },
    "condition": {
      "urlFilter": "||sdarot-tv.org^"
    },
    "priority": 1
  },
  {
    "id": 163,
    "action": {
      "type": "block"
    },
    "condition": {
      "urlFilter": "||sdarot.cc^"
    },
    "priority": 1
  },
  {
    "id": 164,
    "action": {
      "type": "block"
    },
    "condition": {
      "urlFilter": "||seret.live^"
    },
    "priority": 1
  },
  {
    "id": 165,
    "action": {
      "type": "block"
    },
    "condition": {
      "urlFilter": "||storyshop.co.il^"
    },
    "priority": 1
  },
  {
    "id": 166,
    "action": {
      "type": "block"
    },
    "condition": {
      "urlFilter": "||tvfeel.cc^"
    },
    "priority": 1
  },
  {
    "id": 167,
    "action": {
      "type": "allow"
    },
    "condition": {
      "urlFilter": "/ads.js?",
      "domainType": "firstParty",
      "initiatorDomains": [
        "13news.co.il",
        "13tv.co.il"
      ],
      "resourceTypes": [
        "script"
      ]
    },
    "priority": 100252
  },
  {
    "id": 168,
    "action": {
      "type": "allow"
    },
    "condition": {
      "urlFilter": "/ads.min.js?",
      "domainType": "firstParty",
      "initiatorDomains": [
        "13news.co.il",
        "13tv.co.il"
      ],
      "resourceTypes": [
        "script"
      ]
    },
    "priority": 100252
  },
  {
    "id": 169,
    "action": {
      "type": "allow"
    },
    "condition": {
      "urlFilter": "/adunits.",
      "domainType": "firstParty",
      "initiatorDomains": [
        "13news.co.il",
        "13tv.co.il"
      ],
      "resourceTypes": [
        "script"
      ]
    },
    "priority": 100252
  },
  {
    "id": 170,
    "action": {
      "type": "allow"
    },
    "condition": {
      "urlFilter": "/advert.",
      "initiatorDomains": [
        "13news.co.il",
        "13tv.co.il"
      ],
      "resourceTypes": [
        "image"
      ]
    },
    "priority": 100251
  },
  {
    "id": 171,
    "action": {
      "type": "allow"
    },
    "condition": {
      "urlFilter": "||2mdn.net/instream/video/client.js",
      "initiatorDomains": [
        "13news.co.il",
        "13tv.co.il",
        "hamal.co.il",
        "mako.co.il",
        "ynet.co.il"
      ],
      "resourceTypes": [
        "script"
      ]
    },
    "priority": 100221
  },
  {
    "id": 172,
    "action": {
      "type": "allow"
    },
    "condition": {
      "urlFilter": "||555.co.il/pearl/rest/analytics/",
      "resourceTypes": [
        "xmlhttprequest"
      ]
    },
    "priority": 100101
  },
  {
    "id": 173,
    "action": {
      "type": "allow"
    },
    "condition": {
      "urlFilter": "||a7.org/combine.js",
      "initiatorDomains": [
        "inn.co.il"
      ],
      "resourceTypes": [
        "script"
      ]
    },
    "priority": 100301
  },
  {
    "id": 174,
    "action": {
      "type": "allow"
    },
    "condition": {
      "urlFilter": "||a7.org/cab/*.min.js",
      "initiatorDomains": [
        "inn.co.il"
      ],
      "resourceTypes": [
        "script"
      ]
    },
    "priority": 100301
  },
  {
    "id": 175,
    "action": {
      "type": "allow"
    },
    "condition": {
      "urlFilter": "||a7.org/scripts/forecast.js",
      "initiatorDomains": [
        "inn.co.il"
      ],
      "resourceTypes": [
        "script"
      ]
    },
    "priority": 100301
  },
  {
    "id": 176,
    "action": {
      "type": "allow"
    },
    "condition": {
      "urlFilter": "||a7.org/scripts/jquery/",
      "initiatorDomains": [
        "inn.co.il"
      ],
      "resourceTypes": [
        "script"
      ]
    },
    "priority": 100301
  },
  {
    "id": 177,
    "action": {
      "type": "allow"
    },
    "condition": {
      "urlFilter": "||a7.org/scripts/mosaic_",
      "initiatorDomains": [
        "inn.co.il"
      ],
      "resourceTypes": [
        "script"
      ]
    },
    "priority": 100301
  },
  {
    "id": 178,
    "action": {
      "type": "allow"
    },
    "condition": {
      "urlFilter": "||admedia.com/images/cross_channel_arrows.png",
      "initiatorDomains": [
        "isramedia.net"
      ],
      "resourceTypes": [
        "image"
      ]
    },
    "priority": 100301
  },
  {
    "id": 179,
    "action": {
      "type": "allow"
    },
    "condition": {
      "urlFilter": "||ads.yad2.co.il/adpic.png",
      "resourceTypes": [
        "image"
      ]
    },
    "priority": 100101
  },
  {
    "id": 180,
    "action": {
      "type": "allow"
    },
    "condition": {
      "urlFilter": "||adservice.google.co.il/adsid/integrator.js?",
      "initiatorDomains": [
        "13news.co.il",
        "13tv.co.il",
        "hamal.co.il",
        "sheee.co.il",
        "walla.co.il",
        "ynet.co.il"
      ],
      "resourceTypes": [
        "script"
      ]
    },
    "priority": 100218
  },
  {
    "id": 181,
    "action": {
      "type": "allow"
    },
    "condition": {
      "urlFilter": "||adservice.google.com/adsid/integrator.js?",
      "initiatorDomains": [
        "13news.co.il",
        "13tv.co.il",
        "hamal.co.il",
        "sheee.co.il",
        "walla.co.il",
        "ynet.co.il"
      ],
      "resourceTypes": [
        "script"
      ]
    },
    "priority": 100218
  },
  {
    "id": 182,
    "action": {
      "type": "allow"
    },
    "condition": {
      "urlFilter": "||adtest.advsnx.net^*?",
      "initiatorDomains": [
        "playern.sport5.co.il"
      ],
      "resourceTypes": [
        "xmlhttprequest"
      ]
    },
    "priority": 100301
  },
  {
    "id": 183,
    "action": {
      "type": "allow"
    },
    "condition": {
      "urlFilter": "||akamai.advsnx.net/cdn/",
      "initiatorDomains": [
        "kikar.co.il"
      ]
    },
    "priority": 100201
  },
  {
    "id": 184,
    "action": {
      "type": "allow"
    },
    "condition": {
      "urlFilter": "||akamai.advsnx.net/cdn/arutz7/",
      "resourceTypes": [
        "script"
      ]
    },
    "priority": 100101
  },
  {
    "id": 185,
    "action": {
      "type": "allow"
    },
    "condition": {
      "urlFilter": "||akamai.advsnx.net/cdn/israelhayom/html5/amsdk.js",
      "initiatorDomains": [
        "israelhayom-cdnwiz.com",
        "israelhayom.co.il"
      ],
      "resourceTypes": [
        "script"
      ]
    },
    "priority": 100251
  },
  {
    "id": 186,
    "action": {
      "type": "allow"
    },
    "condition": {
      "urlFilter": "||akamai.advsnx.net/cdn/reshet/html5/amsdk.js",
      "initiatorDomains": [
        "13news.co.il",
        "13tv.co.il"
      ],
      "resourceTypes": [
        "script"
      ]
    },
    "priority": 100251
  },
  {
    "id": 187,
    "action": {
      "type": "allow"
    },
    "condition": {
      "urlFilter": "||akamai.advsnx.net/cdn/sdk/*-min.js?",
      "initiatorDomains": [
        "mako.co.il"
      ],
      "resourceTypes": [
        "script"
      ]
    },
    "priority": 100301
  },
  {
    "id": 188,
    "action": {
      "type": "allow"
    },
    "condition": {
      "urlFilter": "||akamai.advsnx.net/cdn/sdk/plugins/*/plugin.js",
      "initiatorDomains": [
        "israelhayom-cdnwiz.com",
        "israelhayom.co.il"
      ],
      "resourceTypes": [
        "script"
      ]
    },
    "priority": 100251
  },
  {
    "id": 189,
    "action": {
      "type": "allow"
    },
    "condition": {
      "urlFilter": "||akamai.advsnx.net/cdn/sdk/plugins/kaltura/plugin.js",
      "initiatorDomains": [
        "13news.co.il",
        "13tv.co.il",
        "israelhayom-cdnwiz.com",
        "israelhayom.co.il"
      ],
      "resourceTypes": [
        "script"
      ]
    },
    "priority": 100226
  },
  {
    "id": 190,
    "action": {
      "type": "allow"
    },
    "condition": {
      "urlFilter": "||akamai.advsnx.net/cdn/sdk/plugins/vjs/plugin.js",
      "initiatorDomains": [
        "20il.co.il",
        "ch20-cdnwiz.com",
        "hamal.co.il",
        "sheee.co.il",
        "walla.co.il"
      ],
      "resourceTypes": [
        "script"
      ]
    },
    "priority": 100221
  },
  {
    "id": 191,
    "action": {
      "type": "allow"
    },
    "condition": {
      "urlFilter": "||akamai.advsnx.net/cdn/sdk/system-scripts/sys-moat.js",
      "initiatorDomains": [
        "mako.co.il"
      ],
      "resourceTypes": [
        "script"
      ]
    },
    "priority": 100301
  },
  {
    "id": 192,
    "action": {
      "type": "allow"
    },
    "condition": {
      "urlFilter": "||akamai.advsnx.net/cdn/walla/"
    },
    "priority": 100001
  },
  {
    "id": 193,
    "action": {
      "type": "allow"
    },
    "condition": {
      "urlFilter": "||akamai.advsnx.net/crossdomain.xml",
      "initiatorDomains": [
        "one.co.il",
        "walla.co.il"
      ]
    },
    "priority": 100151
  },
  {
    "id": 194,
    "action": {
      "type": "allow"
    },
    "condition": {
      "urlFilter": "||akamai.advsnx.net^",
      "initiatorDomains": [
        "mako.co.il"
      ],
      "resourceTypes": [
        "xmlhttprequest"
      ]
    },
    "priority": 100301
  },
  {
    "id": 195,
    "action": {
      "type": "allow"
    },
    "condition": {
      "urlFilter": "||b-share.com/wp-content/*/advertisement.",
      "domainType": "firstParty",
      "resourceTypes": [
        "script"
      ]
    },
    "priority": 100102
  },
  {
    "id": 196,
    "action": {
      "type": "allow"
    },
    "condition": {
      "urlFilter": "||bipbip.co.il/images/ads/",
      "domainType": "firstParty"
    },
    "priority": 100002
  },
  {
    "id": 197,
    "action": {
      "type": "allow"
    },
    "condition": {
      "urlFilter": "||bipbip.co.il/style/ads.css"
    },
    "priority": 100001
  },
  {
    "id": 198,
    "action": {
      "type": "allow"
    },
    "condition": {
      "urlFilter": "||biu.ac.il^*/stormcaster.js",
      "resourceTypes": [
        "script"
      ]
    },
    "priority": 100101
  },
  {
    "id": 199,
    "action": {
      "type": "allow"
    },
    "condition": {
      "urlFilter": "||callil.co.il/content/ads/",
      "domainType": "firstParty",
      "resourceTypes": [
        "image"
      ]
    },
    "priority": 100102
  },
  {
    "id": 200,
    "action": {
      "type": "allow"
    },
    "condition": {
      "urlFilter": "||cdn.flowplayer.com/releases/native/stable/plugins/google-analytics.min.js",
      "initiatorDomains": [
        "ynet.co.il"
      ],
      "resourceTypes": [
        "script"
      ]
    },
    "priority": 100301
  },
  {
    "id": 201,
    "action": {
      "type": "allow"
    },
    "condition": {
      "urlFilter": "||cdn.taboola.com/libtrc/inn-hebrew/loader.js",
      "initiatorDomains": [
        "inn.co.il"
      ],
      "resourceTypes": [
        "script"
      ]
    },
    "priority": 100301
  },
  {
    "id": 202,
    "action": {
      "type": "allow"
    },
    "condition": {
      "urlFilter": "||cdn.taboola.com/libtrc/reshet-reshet/loader.js",
      "initiatorDomains": [
        "13news.co.il",
        "13tv.co.il"
      ],
      "resourceTypes": [
        "script"
      ]
    },
    "priority": 100251
  },
  {
    "id": 203,
    "action": {
      "type": "allow"
    },
    "condition": {
      "urlFilter": "||cdn.taboola.com/libtrc/wallail-hamal/loader.js",
      "initiatorDomains": [
        "hamal.co.il"
      ],
      "resourceTypes": [
        "script"
      ]
    },
    "priority": 100301
  },
  {
    "id": 204,
    "action": {
      "type": "allow"
    },
    "condition": {
      "urlFilter": "||cdnjs.cloudflare.com/ajax/libs/videojs-contrib-ads/",
      "initiatorDomains": [
        "hamal.co.il",
        "sheee.co.il",
        "walla.co.il"
      ],
      "resourceTypes": [
        "script"
      ]
    },
    "priority": 100235
  },
  {
    "id": 205,
    "action": {
      "type": "allow"
    },
    "condition": {
      "urlFilter": "||cdnwiz.com/ads.js",
      "resourceTypes": [
        "xmlhttprequest"
      ]
    },
    "priority": 100101
  },
  {
    "id": 206,
    "action": {
      "type": "allow"
    },
    "condition": {
      "urlFilter": "||clalit.co.il/adimages"
    },
    "priority": 100001
  },
  {
    "id": 207,
    "action": {
      "type": "allow"
    },
    "condition": {
      "urlFilter": "||dmag.co.il/pub/shvii/",
      "resourceTypes": [
        "script"
      ]
    },
    "priority": 100101
  },
  {
    "id": 208,
    "action": {
      "type": "allow"
    },
    "condition": {
      "urlFilter": "||errors.snackly.co/_.gif|",
      "initiatorDomains": [
        "ynet.co.il"
      ],
      "resourceTypes": [
        "xmlhttprequest"
      ]
    },
    "priority": 100301
  },
  {
    "id": 209,
    "action": {
      "type": "allow"
    },
    "condition": {
      "urlFilter": "||globes.co.il/js/ads.js"
    },
    "priority": 100001
  },
  {
    "id": 210,
    "action": {
      "type": "allow"
    },
    "condition": {
      "urlFilter": "||globes.co.il/news/inc/banners/show_ads.js"
    },
    "priority": 100001
  },
  {
    "id": 211,
    "action": {
      "type": "allow"
    },
    "condition": {
      "urlFilter": "||googletagmanager.com/gtag/js?id=",
      "initiatorDomains": [
        "13news.co.il",
        "13tv.co.il",
        "one.co.il"
      ],
      "resourceTypes": [
        "script"
      ]
    },
    "priority": 100235
  },
  {
    "id": 212,
    "action": {
      "type": "allow"
    },
    "condition": {
      "urlFilter": "||googletagmanager.com/gtm.js",
      "initiatorDomains": [
        "clalitsmile.co.il",
        "eshet.com",
        "one.co.il"
      ],
      "resourceTypes": [
        "script"
      ]
    },
    "priority": 100235
  },
  {
    "id": 213,
    "action": {
      "type": "allow"
    },
    "condition": {
      "urlFilter": "||googletagservices.com/tag/js/gpt.js",
      "initiatorDomains": [
        "13news.co.il",
        "13tv.co.il",
        "nifgashim.net"
      ]
    },
    "priority": 100135
  },
  {
    "id": 214,
    "action": {
      "type": "allow"
    },
    "condition": {
      "urlFilter": "||gplanet.co.il/js/adx.js"
    },
    "priority": 100001
  },
  {
    "id": 215,
    "action": {
      "type": "allow"
    },
    "condition": {
      "urlFilter": "||hamal.co.il/advertising/ads/gtm.js|",
      "domainType": "firstParty",
      "resourceTypes": [
        "script"
      ]
    },
    "priority": 100102
  },
  {
    "id": 216,
    "action": {
      "type": "allow"
    },
    "condition": {
      "urlFilter": "||hamal.co.il/public/assets/ads/",
      "domainType": "firstParty",
      "resourceTypes": [
        "stylesheet"
      ]
    },
    "priority": 100102
  },
  {
    "id": 217,
    "action": {
      "type": "allow"
    },
    "condition": {
      "urlFilter": "||holmesplace.co.il/sites/all/modules",
      "initiatorDomains": [
        "holmesplace.co.il"
      ]
    },
    "priority": 100201
  },
  {
    "id": 218,
    "action": {
      "type": "allow"
    },
    "condition": {
      "urlFilter": "||hwzone.co.il/wp-content/plugins/wpadverts/assets/js/adverts-frontend.js",
      "domainType": "firstParty",
      "resourceTypes": [
        "script"
      ]
    },
    "priority": 100102
  },
  {
    "id": 219,
    "action": {
      "type": "allow"
    },
    "condition": {
      "urlFilter": "||imaot.co.il/recipe/",
      "resourceTypes": [
        "xmlhttprequest"
      ]
    },
    "priority": 100101
  },
  {
    "id": 220,
    "action": {
      "type": "allow"
    },
    "condition": {
      "urlFilter": "||imasdk.googleapis.com/js/sdkloader/ima3.js",
      "initiatorDomains": [
        "13news.co.il",
        "13tv.co.il",
        "bizportal.co.il",
        "c14.co.il",
        "calcalist.co.il",
        "channel14.web-prd.immergo.tv",
        "hamal.co.il",
        "maariv.co.il",
        "mako.co.il",
        "n12.co.il",
        "now14.co.il",
        "one.co.il",
        "sport5.co.il",
        "tech12.co.il",
        "tvbee.co.il",
        "ynet.co.il"
      ],
      "resourceTypes": [
        "script"
      ]
    },
    "priority": 100208
  },
  {
    "id": 221,
    "action": {
      "type": "allow"
    },
    "condition": {
      "urlFilter": "||imasdk.googleapis.com/js/sdkloader/ima3_dai.js",
      "initiatorDomains": [
        "c14.co.il",
        "channel14.web-prd.immergo.tv",
        "now14.co.il"
      ],
      "resourceTypes": [
        "script"
      ]
    },
    "priority": 100235
  },
  {
    "id": 222,
    "action": {
      "type": "allow"
    },
    "condition": {
      "urlFilter": "||info.a7.org/info/a7delivery_f.php",
      "initiatorDomains": [
        "inn.co.il"
      ],
      "resourceTypes": [
        "script"
      ]
    },
    "priority": 100301
  },
  {
    "id": 223,
    "action": {
      "type": "allow"
    },
    "condition": {
      "urlFilter": "||info.a7.org/info/delivery/lg*.php?",
      "initiatorDomains": [
        "inn.co.il"
      ],
      "resourceTypes": [
        "image"
      ]
    },
    "priority": 100301
  },
  {
    "id": 224,
    "action": {
      "type": "allow"
    },
    "condition": {
      "urlFilter": "||info.jdn.co.il/r/a7delivery_f.php?func=floadone",
      "resourceTypes": [
        "script"
      ]
    },
    "priority": 100101
  },
  {
    "id": 225,
    "action": {
      "type": "allow"
    },
    "condition": {
      "urlFilter": "||israelsport.co.il/digiweb/userfiles/images/ads/getty",
      "resourceTypes": [
        "image"
      ]
    },
    "priority": 100101
  },
  {
    "id": 226,
    "action": {
      "type": "allow"
    },
    "condition": {
      "urlFilter": "||isramedia.net/ads.js",
      "domainType": "firstParty",
      "resourceTypes": [
        "script"
      ]
    },
    "priority": 100102
  },
  {
    "id": 227,
    "action": {
      "type": "allow"
    },
    "condition": {
      "urlFilter": "||isramedia.net/images/header/",
      "domainType": "firstParty",
      "resourceTypes": [
        "image"
      ]
    },
    "priority": 100102
  },
  {
    "id": 228,
    "action": {
      "type": "allow"
    },
    "condition": {
      "urlFilter": "||jdn.co.il/wp-content/plugins/jdn_ads/js/info.css",
      "resourceTypes": [
        "stylesheet"
      ]
    },
    "priority": 100101
  },
  {
    "id": 229,
    "action": {
      "type": "allow"
    },
    "condition": {
      "urlFilter": "||jdn.co.il/wp-content/plugins/jdn_ads/js/info.js",
      "resourceTypes": [
        "script"
      ]
    },
    "priority": 100101
  },
  {
    "id": 230,
    "action": {
      "type": "allow"
    },
    "condition": {
      "urlFilter": "||kikar.co.il/js/ads.js"
    },
    "priority": 100001
  },
  {
    "id": 231,
    "action": {
      "type": "allow"
    },
    "condition": {
      "urlFilter": "||lamehadrin.co.il/_layouts/shufersal.yesh/scripts/gtm.js"
    },
    "priority": 100001
  },
  {
    "id": 232,
    "action": {
      "type": "allow"
    },
    "condition": {
      "urlFilter": "||lb.advsnx.net/adserver/?zoneid=",
      "initiatorDomains": [
        "mako.co.il"
      ]
    },
    "priority": 100201
  },
  {
    "id": 233,
    "action": {
      "type": "allow"
    },
    "condition": {
      "urlFilter": "||lb.advsnx.net/as",
      "initiatorDomains": [
        "mako.co.il"
      ]
    },
    "priority": 100201
  },
  {
    "id": 234,
    "action": {
      "type": "allow"
    },
    "condition": {
      "urlFilter": "||lb.advsnx.net/crossdomain.xml",
      "initiatorDomains": [
        "mako.co.il"
      ]
    },
    "priority": 100201
  },
  {
    "id": 235,
    "action": {
      "type": "allow"
    },
    "condition": {
      "urlFilter": "||libs.outbrain.com/video/",
      "initiatorDomains": [
        "bizportal.co.il"
      ],
      "resourceTypes": [
        "script"
      ]
    },
    "priority": 100301
  },
  {
    "id": 236,
    "action": {
      "type": "allow"
    },
    "condition": {
      "urlFilter": "||mako.co.il/js/dfp/dfp.js",
      "initiatorDomains": [
        "mako.co.il"
      ],
      "resourceTypes": [
        "script"
      ]
    },
    "priority": 100301
  },
  {
    "id": 237,
    "action": {
      "type": "allow"
    },
    "condition": {
      "urlFilter": "||matrix.ynet.co.il/js/ga/ads_controller.js"
    },
    "priority": 100001
  },
  {
    "id": 238,
    "action": {
      "type": "allow"
    },
    "condition": {
      "urlFilter": "||mizrahi-tefahot.co.il/media/*_baner_katom_",
      "domainType": "firstParty",
      "resourceTypes": [
        "image"
      ]
    },
    "priority": 100102
  },
  {
    "id": 239,
    "action": {
      "type": "allow"
    },
    "condition": {
      "urlFilter": "||nv.vi-serve.com/vis-media/",
      "initiatorDomains": [
        "bizportal.co.il"
      ],
      "resourceTypes": [
        "image",
        "media"
      ]
    },
    "priority": 100276
  },
  {
    "id": 240,
    "action": {
      "type": "allowAllRequests"
    },
    "condition": {
      "urlFilter": "||old-games.org^",
      "resourceTypes": [
        "main_frame"
      ]
    },
    "priority": 140101
  },
  {
    "id": 241,
    "action": {
      "type": "allow"
    },
    "condition": {
      "urlFilter": "||pagead2.googlesyndication.com/omsdk/",
      "initiatorDomains": [
        "ynet.co.il"
      ],
      "resourceTypes": [
        "script"
      ]
    },
    "priority": 100301
  },
  {
    "id": 242,
    "action": {
      "type": "allow"
    },
    "condition": {
      "urlFilter": "||pagead2.googlesyndication.com/pagead/js/*/show_ads_impl.js",
      "initiatorDomains": [
        "sport5.co.il"
      ]
    },
    "priority": 100201
  },
  {
    "id": 243,
    "action": {
      "type": "allow"
    },
    "condition": {
      "urlFilter": "||pagead2.googlesyndication.com/pagead/js/adsbygoogle.js",
      "initiatorDomains": [
        "haaretz.co.il",
        "inn.co.il",
        "isramedia.net",
        "mako.co.il",
        "n12.co.il",
        "pc-dev.co.il",
        "pc.co.il",
        "sport5.co.il",
        "tech12.co.il",
        "themarker.com",
        "tvbee.co.il"
      ]
    },
    "priority": 100111
  },
  {
    "id": 244,
    "action": {
      "type": "allow"
    },
    "condition": {
      "urlFilter": "||pagead2.googlesyndication.com/pagead/show_ads.js",
      "initiatorDomains": [
        "pitaronfree.blogspot.co.il",
        "pitaronfree.blogspot.com"
      ]
    },
    "priority": 100151
  },
  {
    "id": 245,
    "action": {
      "type": "allow"
    },
    "condition": {
      "urlFilter": "||partner.googleadservices.com/gpt/pubads_",
      "initiatorDomains": [
        "13news.co.il",
        "13tv.co.il",
        "haaretz.co.il",
        "one.co.il",
        "themarker.com"
      ],
      "resourceTypes": [
        "script"
      ]
    },
    "priority": 100221
  },
  {
    "id": 246,
    "action": {
      "type": "allow"
    },
    "condition": {
      "urlFilter": "||pas-rahav.com/creativitys"
    },
    "priority": 100001
  },
  {
    "id": 247,
    "action": {
      "type": "allow"
    },
    "condition": {
      "urlFilter": "||pas-rahav.com^",
      "initiatorDomains": [
        "cinema-city.co.il",
        "cinemacity.co.il"
      ]
    },
    "priority": 100151
  },
  {
    "id": 248,
    "action": {
      "type": "allow"
    },
    "condition": {
      "urlFilter": "||player.bizportal.co.il/handlers/advertising.ashx?",
      "resourceTypes": [
        "xmlhttprequest"
      ]
    },
    "priority": 100101
  },
  {
    "id": 249,
    "action": {
      "type": "allow"
    },
    "condition": {
      "urlFilter": "||player.ynet.co.il/videojs-ima/videojs.ads.css",
      "initiatorDomains": [
        "calcalist.co.il"
      ],
      "resourceTypes": [
        "stylesheet"
      ]
    },
    "priority": 100301
  },
  {
    "id": 250,
    "action": {
      "type": "allow"
    },
    "condition": {
      "urlFilter": "||pubads.g.doubleclick.net/gampad/ad",
      "initiatorDomains": [
        "ynet.co.il"
      ]
    },
    "priority": 100201
  },
  {
    "id": 251,
    "action": {
      "type": "allow"
    },
    "condition": {
      "urlFilter": "||pubads.g.doubleclick.net/gampad/ads?ad_rule=",
      "initiatorDomains": [
        "mako.co.il"
      ]
    },
    "priority": 100201
  },
  {
    "id": 252,
    "action": {
      "type": "allow"
    },
    "condition": {
      "urlFilter": "||pubads.g.doubleclick.net/gampad/adx?iu=",
      "initiatorDomains": [
        "mako.co.il"
      ]
    },
    "priority": 100201
  },
  {
    "id": 253,
    "action": {
      "type": "allow"
    },
    "condition": {
      "urlFilter": "||qamesh.com/images/advert.png"
    },
    "priority": 100001
  },
  {
    "id": 254,
    "action": {
      "type": "allow"
    },
    "condition": {
      "urlFilter": "||rcs.mako.co.il/js/ads.js",
      "resourceTypes": [
        "script",
        "xmlhttprequest"
      ]
    },
    "priority": 100076
  },
  {
    "id": 255,
    "action": {
      "type": "allow"
    },
    "condition": {
      "urlFilter": "||rcs.mako.co.il/js/prebid-",
      "initiatorDomains": [
        "mako.co.il",
        "n12.co.il",
        "tech12.co.il",
        "tvbee.co.il"
      ],
      "resourceTypes": [
        "xmlhttprequest"
      ]
    },
    "priority": 100226
  },
  {
    "id": 256,
    "action": {
      "type": "allow"
    },
    "condition": {
      "urlFilter": "||report.maccabi.*/cls_report?",
      "initiatorDomains": [
        "maccabi4u.co.il"
      ],
      "resourceTypes": [
        "xmlhttprequest"
      ]
    },
    "priority": 100301
  },
  {
    "id": 257,
    "action": {
      "type": "allow"
    },
    "condition": {
      "urlFilter": "||s.vi-serve.com/publishers/",
      "initiatorDomains": [
        "bizportal.co.il"
      ],
      "resourceTypes": [
        "script"
      ]
    },
    "priority": 100301
  },
  {
    "id": 258,
    "action": {
      "type": "allow"
    },
    "condition": {
      "urlFilter": "||s.vi-serve.com/source.m.js",
      "initiatorDomains": [
        "bizportal.co.il"
      ],
      "resourceTypes": [
        "script"
      ]
    },
    "priority": 100301
  },
  {
    "id": 259,
    "action": {
      "type": "allow"
    },
    "condition": {
      "urlFilter": "||s.vi-serve.com/tagloader.js",
      "initiatorDomains": [
        "bizportal.co.il"
      ],
      "resourceTypes": [
        "script"
      ]
    },
    "priority": 100301
  },
  {
    "id": 260,
    "action": {
      "type": "allow"
    },
    "condition": {
      "urlFilter": "||securepubads.g.doubleclick.net/gampad/ads?gdfp_",
      "initiatorDomains": [
        "13news.co.il",
        "13tv.co.il",
        "nifgashim.net"
      ],
      "resourceTypes": [
        "script"
      ]
    },
    "priority": 100235
  },
  {
    "id": 261,
    "action": {
      "type": "allow"
    },
    "condition": {
      "urlFilter": "||securepubads.g.doubleclick.net/gpt/",
      "initiatorDomains": [
        "13news.co.il",
        "13tv.co.il",
        "nifgashim.net"
      ],
      "resourceTypes": [
        "script"
      ]
    },
    "priority": 100235
  },
  {
    "id": 262,
    "action": {
      "type": "allow"
    },
    "condition": {
      "urlFilter": "||securepubads.g.doubleclick.net/pagead/managed/",
      "initiatorDomains": [
        "13news.co.il",
        "13tv.co.il"
      ]
    },
    "priority": 100151
  },
  {
    "id": 263,
    "action": {
      "type": "allow"
    },
    "condition": {
      "urlFilter": "||securepubads.g.doubleclick.net/tag/js/",
      "initiatorDomains": [
        "13news.co.il",
        "13tv.co.il"
      ],
      "resourceTypes": [
        "script"
      ]
    },
    "priority": 100251
  },
  {
    "id": 264,
    "action": {
      "type": "allow"
    },
    "condition": {
      "urlFilter": "||services.haaretz.co.il/games-backend/",
      "resourceTypes": [
        "xmlhttprequest"
      ]
    },
    "priority": 100101
  },
  {
    "id": 265,
    "action": {
      "type": "allow"
    },
    "condition": {
      "urlFilter": "||sfx-images.mozilla.org^",
      "resourceTypes": [
        "image"
      ]
    },
    "priority": 100101
  },
  {
    "id": 266,
    "action": {
      "type": "allow"
    },
    "condition": {
      "urlFilter": "||sheee.co.il/public/assets/videojsads/videojs-contrib-ads.",
      "domainType": "firstParty",
      "resourceTypes": [
        "stylesheet"
      ]
    },
    "priority": 100102
  },
  {
    "id": 267,
    "action": {
      "type": "allow"
    },
    "condition": {
      "urlFilter": "||shop.lametayel.co.il/img/cms/baner_shop/",
      "initiatorDomains": [
        "shop.lametayel.co.il"
      ],
      "resourceTypes": [
        "image"
      ]
    },
    "priority": 100301
  },
  {
    "id": 268,
    "action": {
      "type": "allow"
    },
    "condition": {
      "urlFilter": "||shukitv.ucoz.com/script/ads.js"
    },
    "priority": 100001
  },
  {
    "id": 269,
    "action": {
      "type": "allow"
    },
    "condition": {
      "urlFilter": "||sport5.co.il^*/dfp.",
      "domainType": "firstParty",
      "resourceTypes": [
        "script"
      ]
    },
    "priority": 100102
  },
  {
    "id": 270,
    "action": {
      "type": "allow"
    },
    "condition": {
      "urlFilter": "||sport5.co.il^*/dfp/",
      "domainType": "firstParty",
      "resourceTypes": [
        "script"
      ]
    },
    "priority": 100102
  },
  {
    "id": 271,
    "action": {
      "type": "allow"
    },
    "condition": {
      "urlFilter": "||static.site24x7rum.com/beacon/site24x7rum-min.js",
      "initiatorDomains": [
        "one.co.il"
      ],
      "resourceTypes": [
        "script"
      ]
    },
    "priority": 100301
  },
  {
    "id": 272,
    "action": {
      "type": "allow"
    },
    "condition": {
      "urlFilter": "||t.vi-serve.com/?event=",
      "initiatorDomains": [
        "bizportal.co.il"
      ],
      "resourceTypes": [
        "image"
      ]
    },
    "priority": 100301
  },
  {
    "id": 273,
    "action": {
      "type": "allow"
    },
    "condition": {
      "urlFilter": "||tags.dxmdp.com/tags/",
      "initiatorDomains": [
        "13news.co.il",
        "13tv.co.il"
      ],
      "resourceTypes": [
        "script"
      ]
    },
    "priority": 100251
  },
  {
    "id": 274,
    "action": {
      "type": "allowAllRequests"
    },
    "condition": {
      "urlFilter": "||taimeod.co.il^",
      "resourceTypes": [
        "main_frame"
      ]
    },
    "priority": 140101
  },
  {
    "id": 275,
    "action": {
      "type": "allow"
    },
    "condition": {
      "urlFilter": "||thetvdb.com/banners/",
      "initiatorDomains": [
        "wizdom.xyz"
      ],
      "resourceTypes": [
        "image"
      ]
    },
    "priority": 100301
  },
  {
    "id": 276,
    "action": {
      "type": "allow"
    },
    "condition": {
      "urlFilter": "||tornado-top.co.il/template/images/"
    },
    "priority": 100001
  },
  {
    "id": 277,
    "action": {
      "type": "allow"
    },
    "condition": {
      "urlFilter": "||translate.google.*/gen204?",
      "initiatorDomains": [
        "maccabi4u.co.il"
      ],
      "resourceTypes": [
        "image"
      ]
    },
    "priority": 100301
  },
  {
    "id": 278,
    "action": {
      "type": "allow"
    },
    "condition": {
      "urlFilter": "||trc.taboola.com/globes-il/",
      "resourceTypes": [
        "script"
      ]
    },
    "priority": 100101
  },
  {
    "id": 279,
    "action": {
      "type": "allow"
    },
    "condition": {
      "urlFilter": "||vis.vi-serve.com/playlist/",
      "initiatorDomains": [
        "bizportal.co.il"
      ],
      "resourceTypes": [
        "xmlhttprequest"
      ]
    },
    "priority": 100301
  },
  {
    "id": 280,
    "action": {
      "type": "allow"
    },
    "condition": {
      "urlFilter": "||walla.co.il/public/assets/videojsads/videojs-contrib-ads.",
      "domainType": "firstParty",
      "resourceTypes": [
        "stylesheet"
      ]
    },
    "priority": 100102
  },
  {
    "id": 281,
    "action": {
      "type": "allow"
    },
    "condition": {
      "urlFilter": "||weather2day.co.il/ads.js?",
      "domainType": "firstParty",
      "resourceTypes": [
        "script"
      ]
    },
    "priority": 100102
  },
  {
    "id": 282,
    "action": {
      "type": "allow"
    },
    "condition": {
      "urlFilter": "||yad2.co.il/ads.js",
      "resourceTypes": [
        "script"
      ]
    },
    "priority": 100101
  },
  {
    "id": 283,
    "action": {
      "type": "allow"
    },
    "condition": {
      "urlFilter": "||ynet.co.il/common/api/scripts/video/videojs.ads.",
      "domainType": "firstParty",
      "resourceTypes": [
        "stylesheet",
        "script"
      ]
    },
    "priority": 100077
  },
  {
    "id": 284,
    "action": {
      "type": "allow"
    },
    "condition": {
      "urlFilter": "||ynet.co.il/dc/dcloadads/",
      "initiatorDomains": [
        "ynet.co.il"
      ],
      "resourceTypes": [
        "script"
      ]
    },
    "priority": 100301
  },
  {
    "id": 285,
    "action": {
      "type": "block"
    },
    "condition": {
      "urlFilter": "||admin.applicaster.com/v12//7047/channel0_android_banners"
    },
    "priority": 1
  },
  {
    "id": 286,
    "action": {
      "type": "block"
    },
    "condition": {
      "urlFilter": "||apps.mako.co.il/mobile/config/android/sport5/ad_config.xml"
    },
    "priority": 1
  },
  {
    "id": 287,
    "action": {
      "type": "block"
    },
    "condition": {
      "urlFilter": "||apps.mako.co.il/mobile/config/android/sport5/banner_config.xml"
    },
    "priority": 1
  },
  {
    "id": 288,
    "action": {
      "type": "block"
    },
    "condition": {
      "urlFilter": "||fus.walla.co.il/json/5804468/mint.walla_android.homepage/spons"
    },
    "priority": 1
  },
  {
    "id": 289,
    "action": {
      "type": "block"
    },
    "condition": {
      "urlFilter": "||images.yad2.co.il/pic/yad2new/homepage_promotions/prom"
    },
    "priority": 1
  },
  {
    "id": 290,
    "action": {
      "type": "block"
    },
    "condition": {
      "urlFilter": "||m.sport5.co.il/images/dreamteam320x40.png"
    },
    "priority": 1
  },
  {
    "id": 291,
    "action": {
      "type": "block"
    },
    "condition": {
      "urlFilter": "||resources.fortvision.com/staticfiles"
    },
    "priority": 1
  },
  {
    "id": 292,
    "action": {
      "type": "block"
    },
    "condition": {
      "urlFilter": "||sport5.co.il/cm8ads/"
    },
    "priority": 1
  },
  {
    "id": 293,
    "action": {
      "type": "block"
    },
    "condition": {
      "urlFilter": "||static.fortvision.com/staticfiles/fb-web/"
    },
    "priority": 1
  },
  {
    "id": 294,
    "action": {
      "type": "allow"
    },
    "condition": {
      "urlFilter": "||ampproject.org/amp4ads-",
      "initiatorDomains": [
        "themarker.com"
      ],
      "resourceTypes": [
        "script"
      ]
    },
    "priority": 100301
  },
  {
    "id": 295,
    "action": {
      "type": "allow"
    },
    "condition": {
      "urlFilter": "||yad2.co.il/assets/mobile/ui/adpage/",
      "domainType": "firstParty",
      "resourceTypes": [
        "image"
      ]
    },
    "priority": 100102
  },
  {
    "id": 300,
    "action": {
      "type": "block"
    },
    "condition": {
      "regexFilter": "^[a-zA-Z0-9\\-]+\\:\\/+[0-9\\.]+([\\/\\:]|$)",
      "domainType": "thirdParty",
      "initiatorDomains": [
        "6days.walla.co.il",
        "animals.walla.co.il",
        "astrology.walla.co.il",
        "b.walla.co.il",
        "buzzit.walla.co.il",
        "calendar.walla.co.il",
        "cars.walla.co.il",
        "celebs.walla.co.il",
        "e.walla.co.il",
        "elections.walla.co.il",
        "euro.walla.co.il",
        "fashion.walla.co.il",
        "finance.walla.co.il",
        "food.walla.co.il",
        "forums.walla.co.il",
        "gaming.walla.co.il",
        "healthy.walla.co.il",
        "home.walla.co.il",
        "horoscope.walla.co.il",
        "judaism.walla.co.il",
        "kids.walla.co.il",
        "law.walla.co.il",
        "mag.walla.co.il",
        "maps.walla.co.il",
        "marketing.walla.co.il",
        "mekomi.walla.co.il",
        "milon.walla.co.il",
        "movies.walla.co.il",
        "mundial.walla.co.il",
        "nadlan.walla.co.il",
        "news.walla.co.il",
        "nick.walla.co.il",
        "olympics.walla.co.il",
        "search.walla.co.il",
        "sheva7.walla.co.il",
        "sports.walla.co.il",
        "tags.walla.co.il",
        "tech.walla.co.il",
        "translate.walla.co.il",
        "travel.walla.co.il",
        "tv-guide.walla.co.il",
        "tv.walla.co.il",
        "usaelections.walla.co.il",
        "viva.walla.co.il",
        "vod.walla.co.il",
        "wallaplus.walla.co.il",
        "weather.walla.co.il",
        "www.walla.co.il"
      ],
      "resourceTypes": [
        "sub_frame",
        "stylesheet",
        "script",
        "image",
        "media"
      ]
    },
    "priority": 165
  },
  {
    "id": 301,
    "action": {
      "type": "block"
    },
    "condition": {
      "regexFilter": "(\\/|\\.)[a-fA-F0-9]{32}\\.com\\.?([\\/\\:]|$)",
      "domainType": "thirdParty",
      "resourceTypes": [
        "sub_frame",
        "script",
        "xmlhttprequest",
        "media"
      ]
    },
    "priority": 65
  },
  {
    "id": 302,
    "action": {
      "type": "allow"
    },
    "condition": {
      "regexFilter": "^https?:\\/+(www\\.)?google\\.(com|(com?\\.)?[a-za-z][a-za-z])\\.?\\/ads\\/ga-audiences\\?",
      "initiatorDomains": [
        "13news.co.il",
        "13tv.co.il"
      ],
      "resourceTypes": [
        "image"
      ]
    },
    "priority": 100251
  },
  {
    "id": 303,
    "action": {
      "type": "allow"
    },
    "condition": {
      "regexFilter": "^https?:\\/+adservice\\.google\\.(com|(com?\\.)?[a-za-z][a-za-z])\\.?\\/adsid\\/integrator.js\\?",
      "initiatorDomains": [
        "13news.co.il",
        "13tv.co.il",
        "hamal.co.il",
        "sheee.co.il",
        "walla.co.il",
        "ynet.co.il"
      ],
      "resourceTypes": [
        "script"
      ]
    },
    "priority": 100218
  }
]