[
  {
    "id": 1,
    "action": {
      "type": "block"
    },
    "condition": {
      "urlFilter": ".lv/ads/"
    },
    "priority": 1
  },
  {
    "id": 2,
    "action": {
      "type": "block"
    },
    "condition": {
      "urlFilter": ".lv/banners/"
    },
    "priority": 1
  },
  {
    "id": 3,
    "action": {
      "type": "block"
    },
    "condition": {
      "urlFilter": ".lv/images/banners/",
      "domainType": "thirdParty"
    },
    "priority": 2
  },
  {
    "id": 4,
    "action": {
      "type": "block"
    },
    "condition": {
      "urlFilter": ".lv/img/banners/"
    },
    "priority": 1
  },
  {
    "id": 5,
    "action": {
      "type": "block"
    },
    "condition": {
      "urlFilter": "/optibet.jpg|",
      "excludedInitiatorDomains": [
        "optibet.lu",
        "optibet.lv",
        "optibet.com",
        "optibet.ee",
        "optibet.lt"
      ]
    },
    "priority": 2
  },
  {
    "id": 6,
    "action": {
      "type": "block"
    },
    "condition": {
      "urlFilter": "/wp-content/srennab^"
    },
    "priority": 1
  },
  {
    "id": 7,
    "action": {
      "type": "block"
    },
    "condition": {
      "urlFilter": "||1188.lv^*/banners/"
    },
    "priority": 1
  },
  {
    "id": 8,
    "action": {
      "type": "block"
    },
    "condition": {
      "urlFilter": "||1a.lv/images/creamcredit"
    },
    "priority": 1
  },
  {
    "id": 9,
    "action": {
      "type": "block"
    },
    "condition": {
      "urlFilter": "||1w.lv/banner_"
    },
    "priority": 1
  },
  {
    "id": 10,
    "action": {
      "type": "block"
    },
    "condition": {
      "urlFilter": "||220.lv/rek_html/"
    },
    "priority": 1
  },
  {
    "id": 11,
    "action": {
      "type": "block"
    },
    "condition": {
      "urlFilter": "||2x2.lv/img/",
      "resourceTypes": [
        "object"
      ]
    },
    "priority": 101
  },
  {
    "id": 12,
    "action": {
      "type": "block"
    },
    "condition": {
      "urlFilter": "||admp-tc.delfi.lv^"
    },
    "priority": 1
  },
  {
    "id": 13,
    "action": {
      "type": "block"
    },
    "condition": {
      "urlFilter": "||atlaides.delfi.lv/export.php"
    },
    "priority": 1
  },
  {
    "id": 14,
    "action": {
      "type": "block"
    },
    "condition": {
      "urlFilter": "||back.jauns.lv/marketing-widget/"
    },
    "priority": 1
  },
  {
    "id": 15,
    "action": {
      "type": "block"
    },
    "condition": {
      "urlFilter": "||balticlivecam.com/images/acb_logo.png"
    },
    "priority": 1
  },
  {
    "id": 16,
    "action": {
      "type": "block"
    },
    "condition": {
      "urlFilter": "||banners.zl.lv^"
    },
    "priority": 1
  },
  {
    "id": 17,
    "action": {
      "type": "block"
    },
    "condition": {
      "urlFilter": "||bdaugava.lv/media/uploads/banners/"
    },
    "priority": 1
  },
  {
    "id": 18,
    "action": {
      "type": "block"
    },
    "condition": {
      "urlFilter": "||bigshop.lv/baners/"
    },
    "priority": 1
  },
  {
    "id": 19,
    "action": {
      "type": "block"
    },
    "condition": {
      "urlFilter": "||bilesuserviss.lv/upload/banner/"
    },
    "priority": 1
  },
  {
    "id": 20,
    "action": {
      "type": "block"
    },
    "condition": {
      "urlFilter": "||bm.lv/images/*.swf"
    },
    "priority": 1
  },
  {
    "id": 21,
    "action": {
      "type": "block"
    },
    "condition": {
      "urlFilter": "||bm.lv^*_banner.swf"
    },
    "priority": 1
  },
  {
    "id": 22,
    "action": {
      "type": "block"
    },
    "condition": {
      "urlFilter": "||cdn.balticlivecam.com/flowplayer/ad_clean.css"
    },
    "priority": 1
  },
  {
    "id": 23,
    "action": {
      "type": "block"
    },
    "condition": {
      "urlFilter": "||cenuklubs.lv/assets/images/baneri/"
    },
    "priority": 1
  },
  {
    "id": 24,
    "action": {
      "type": "block"
    },
    "condition": {
      "urlFilter": "||cenuklubs.lv/assets/media/"
    },
    "priority": 1
  },
  {
    "id": 25,
    "action": {
      "type": "block"
    },
    "condition": {
      "urlFilter": "||delfi.lv/ap/edu/g/"
    },
    "priority": 1
  },
  {
    "id": 26,
    "action": {
      "type": "block"
    },
    "condition": {
      "urlFilter": "||delfi.lv/d/h2011/pardotnet/"
    },
    "priority": 1
  },
  {
    "id": 27,
    "action": {
      "type": "block"
    },
    "condition": {
      "urlFilter": "||delfi.lv/d/infoblock/"
    },
    "priority": 1
  },
  {
    "id": 28,
    "action": {
      "type": "block"
    },
    "condition": {
      "urlFilter": "||delfi.lv/fp/i/city24"
    },
    "priority": 1
  },
  {
    "id": 29,
    "action": {
      "type": "block"
    },
    "condition": {
      "urlFilter": "||delfi.lv/jo/g/"
    },
    "priority": 1
  },
  {
    "id": 30,
    "action": {
      "type": "block"
    },
    "condition": {
      "urlFilter": "||delfi.lv/misc/xml_infoblocks/"
    },
    "priority": 1
  },
  {
    "id": 31,
    "action": {
      "type": "block"
    },
    "condition": {
      "urlFilter": "||delfi.lv/tr/g/"
    },
    "priority": 1
  },
  {
    "id": 32,
    "action": {
      "type": "block"
    },
    "condition": {
      "urlFilter": "||delfi.lv/ve/g/"
    },
    "priority": 1
  },
  {
    "id": 33,
    "action": {
      "type": "block"
    },
    "condition": {
      "urlFilter": "||delphi.lv/city24/"
    },
    "priority": 1
  },
  {
    "id": 34,
    "action": {
      "type": "block"
    },
    "condition": {
      "urlFilter": "||delphi.lv/news-blocks/external/inchlv"
    },
    "priority": 1
  },
  {
    "id": 35,
    "action": {
      "type": "block"
    },
    "condition": {
      "urlFilter": "||discover.lv/userfiles/promofotos/"
    },
    "priority": 1
  },
  {
    "id": 36,
    "action": {
      "type": "block"
    },
    "condition": {
      "urlFilter": "||e-pica.lv/mce/uploads/banners/"
    },
    "priority": 1
  },
  {
    "id": 37,
    "action": {
      "type": "block"
    },
    "condition": {
      "urlFilter": "||ecompics.power.oho.lv^"
    },
    "priority": 1
  },
  {
    "id": 38,
    "action": {
      "type": "block"
    },
    "condition": {
      "urlFilter": "||ehalle.lv/grupu_bildes/"
    },
    "priority": 1
  },
  {
    "id": 39,
    "action": {
      "type": "block"
    },
    "condition": {
      "urlFilter": "||elektroenergija.lv/img/atl",
      "resourceTypes": [
        "image"
      ]
    },
    "priority": 101
  },
  {
    "id": 40,
    "action": {
      "type": "block"
    },
    "condition": {
      "urlFilter": "||elittesport.lv/pictures/banneri_gar_malam/"
    },
    "priority": 1
  },
  {
    "id": 41,
    "action": {
      "type": "block"
    },
    "condition": {
      "urlFilter": "||elittesport.lv/pictures/tirgoshanas/"
    },
    "priority": 1
  },
  {
    "id": 42,
    "action": {
      "type": "block"
    },
    "condition": {
      "urlFilter": "||eveselibaspunkts.lv/images/banners/"
    },
    "priority": 1
  },
  {
    "id": 43,
    "action": {
      "type": "block"
    },
    "condition": {
      "urlFilter": "||fotoreceptes.lv/banneris"
    },
    "priority": 1
  },
  {
    "id": 44,
    "action": {
      "type": "block"
    },
    "condition": {
      "urlFilter": "||fotoreceptes.lv/iespeja.gif"
    },
    "priority": 1
  },
  {
    "id": 45,
    "action": {
      "type": "block"
    },
    "condition": {
      "urlFilter": "||gudriem.lv/app_themes/default/banners/"
    },
    "priority": 1
  },
  {
    "id": 46,
    "action": {
      "type": "block"
    },
    "condition": {
      "urlFilter": "||gudrinieks.lv/res/banner/"
    },
    "priority": 1
  },
  {
    "id": 47,
    "action": {
      "type": "block"
    },
    "condition": {
      "urlFilter": "||gudrinieks.lv/res/js/sb_banner.js"
    },
    "priority": 1
  },
  {
    "id": 48,
    "action": {
      "type": "block"
    },
    "condition": {
      "urlFilter": "||hop.lv^*/banneri/"
    },
    "priority": 1
  },
  {
    "id": 49,
    "action": {
      "type": "block"
    },
    "condition": {
      "urlFilter": "||iaptieka.lv/atteli/apmaina/"
    },
    "priority": 1
  },
  {
    "id": 50,
    "action": {
      "type": "block"
    },
    "condition": {
      "urlFilter": "||img.pilseta24.lv/media/768x575^",
      "resourceTypes": [
        "image"
      ]
    },
    "priority": 101
  },
  {
    "id": 51,
    "action": {
      "type": "block"
    },
    "condition": {
      "urlFilter": "||intim.lv/res/banners/"
    },
    "priority": 1
  },
  {
    "id": 52,
    "action": {
      "type": "block"
    },
    "condition": {
      "urlFilter": "||jauns.lv/ad_list/"
    },
    "priority": 1
  },
  {
    "id": 53,
    "action": {
      "type": "block"
    },
    "condition": {
      "urlFilter": "||kurpirkt.lv/ba/"
    },
    "priority": 1
  },
  {
    "id": 54,
    "action": {
      "type": "block"
    },
    "condition": {
      "urlFilter": "||kurpirkt.lv/img/ieskaties2.png"
    },
    "priority": 1
  },
  {
    "id": 55,
    "action": {
      "type": "block"
    },
    "condition": {
      "urlFilter": "||latauto.tvnet.lv/infoblock"
    },
    "priority": 1
  },
  {
    "id": 56,
    "action": {
      "type": "block"
    },
    "condition": {
      "urlFilter": "||leta.lv/img/*/info_banneris_"
    },
    "priority": 1
  },
  {
    "id": 57,
    "action": {
      "type": "block"
    },
    "condition": {
      "urlFilter": "||leta.lv^*/preview_banner"
    },
    "priority": 1
  },
  {
    "id": 58,
    "action": {
      "type": "block"
    },
    "condition": {
      "urlFilter": "||lu.lv/uploads/tx_macinabanners/"
    },
    "priority": 1
  },
  {
    "id": 59,
    "action": {
      "type": "block"
    },
    "condition": {
      "urlFilter": "||lv.lv/bildes/reklaama.png"
    },
    "priority": 1
  },
  {
    "id": 60,
    "action": {
      "type": "block"
    },
    "condition": {
      "urlFilter": "||manstv.lv/js/bannerhandlerv2.js"
    },
    "priority": 1
  },
  {
    "id": 61,
    "action": {
      "type": "block"
    },
    "condition": {
      "urlFilter": "||miljons.com/bnr/"
    },
    "priority": 1
  },
  {
    "id": 62,
    "action": {
      "type": "block"
    },
    "condition": {
      "urlFilter": "||nekrize.lv/nkr300x250_"
    },
    "priority": 1
  },
  {
    "id": 63,
    "action": {
      "type": "block"
    },
    "condition": {
      "urlFilter": "||notepad.lv/adfoter2.png"
    },
    "priority": 1
  },
  {
    "id": 64,
    "action": {
      "type": "block"
    },
    "condition": {
      "urlFilter": "||notepad.lv/images/partneri/"
    },
    "priority": 1
  },
  {
    "id": 65,
    "action": {
      "type": "block"
    },
    "condition": {
      "urlFilter": "||notepad.lv/partneri/"
    },
    "priority": 1
  },
  {
    "id": 66,
    "action": {
      "type": "block"
    },
    "condition": {
      "urlFilter": "||nra.lv/_rekl/"
    },
    "priority": 1
  },
  {
    "id": 67,
    "action": {
      "type": "block"
    },
    "condition": {
      "urlFilter": "||nra.lv/spec/"
    },
    "priority": 1
  },
  {
    "id": 68,
    "action": {
      "type": "block"
    },
    "condition": {
      "urlFilter": "||oga.lv/iebildes/"
    },
    "priority": 1
  },
  {
    "id": 69,
    "action": {
      "type": "block"
    },
    "condition": {
      "urlFilter": "||petits.lv/pics/banners/"
    },
    "priority": 1
  },
  {
    "id": 70,
    "action": {
      "type": "block"
    },
    "condition": {
      "urlFilter": "||player.tvnet.lv/o/*.mp4"
    },
    "priority": 1
  },
  {
    "id": 71,
    "action": {
      "type": "block"
    },
    "condition": {
      "urlFilter": "||player.tvnet.lv^*/stats.json"
    },
    "priority": 1
  },
  {
    "id": 72,
    "action": {
      "type": "block"
    },
    "condition": {
      "urlFilter": "||pv2013.cvk.lv/lmt.jpg"
    },
    "priority": 1
  },
  {
    "id": 73,
    "action": {
      "type": "block"
    },
    "condition": {
      "urlFilter": "||r.inbox.lv^"
    },
    "priority": 1
  },
  {
    "id": 74,
    "action": {
      "type": "block"
    },
    "condition": {
      "urlFilter": "||receptes.lv/images/design/davana_tev.png"
    },
    "priority": 1
  },
  {
    "id": 75,
    "action": {
      "type": "block"
    },
    "condition": {
      "urlFilter": "||reklama.lv/images/picads/users/"
    },
    "priority": 1
  },
  {
    "id": 76,
    "action": {
      "type": "block"
    },
    "condition": {
      "urlFilter": "||reklama.lv/services/ads_count.html"
    },
    "priority": 1
  },
  {
    "id": 77,
    "action": {
      "type": "block"
    },
    "condition": {
      "urlFilter": "||riga.lv/media/misc/"
    },
    "priority": 1
  },
  {
    "id": 78,
    "action": {
      "type": "block"
    },
    "condition": {
      "urlFilter": "||runabildes.lv^*/itro-popup/"
    },
    "priority": 1
  },
  {
    "id": 79,
    "action": {
      "type": "block"
    },
    "condition": {
      "urlFilter": "||runabildes.lv^*/ondo_tapete.jpg"
    },
    "priority": 1
  },
  {
    "id": 80,
    "action": {
      "type": "block"
    },
    "condition": {
      "urlFilter": "||runabildes.lv^*/wpsite-background-takeover/",
      "resourceTypes": [
        "script"
      ]
    },
    "priority": 101
  },
  {
    "id": 81,
    "action": {
      "type": "block"
    },
    "condition": {
      "urlFilter": "||salidzini.lv/*_1200x150",
      "resourceTypes": [
        "sub_frame"
      ]
    },
    "priority": 101
  },
  {
    "id": 82,
    "action": {
      "type": "block"
    },
    "condition": {
      "urlFilter": "||salidzini.lv/*_190x600",
      "resourceTypes": [
        "sub_frame"
      ]
    },
    "priority": 101
  },
  {
    "id": 83,
    "action": {
      "type": "block"
    },
    "condition": {
      "urlFilter": "||salidzini.lv/*_320x120",
      "resourceTypes": [
        "sub_frame"
      ]
    },
    "priority": 101
  },
  {
    "id": 84,
    "action": {
      "type": "block"
    },
    "condition": {
      "urlFilter": "||salidzini.lv^",
      "initiatorDomains": [
        "salidzini.lv"
      ],
      "resourceTypes": [
        "script"
      ]
    },
    "priority": 301
  },
  {
    "id": 85,
    "action": {
      "type": "block"
    },
    "condition": {
      "urlFilter": "||semicom.lv/admin/files/",
      "resourceTypes": [
        "object"
      ]
    },
    "priority": 101
  },
  {
    "id": 86,
    "action": {
      "type": "block"
    },
    "condition": {
      "urlFilter": "||serveris.lv/images/baners/"
    },
    "priority": 1
  },
  {
    "id": 87,
    "action": {
      "type": "block"
    },
    "condition": {
      "urlFilter": "||signe.lv/userfiles/image/main%20page%20banners/"
    },
    "priority": 1
  },
  {
    "id": 88,
    "action": {
      "type": "block"
    },
    "condition": {
      "urlFilter": "||source.pilseta24.lv^",
      "resourceTypes": [
        "image"
      ]
    },
    "priority": 101
  },
  {
    "id": 89,
    "action": {
      "type": "block"
    },
    "condition": {
      "urlFilter": "||sportazinas.com/*/1920x1000"
    },
    "priority": 1
  },
  {
    "id": 90,
    "action": {
      "type": "block"
    },
    "condition": {
      "urlFilter": "||sportazinas.com/wp-content/uploads/*.gif"
    },
    "priority": 1
  },
  {
    "id": 91,
    "action": {
      "type": "block"
    },
    "condition": {
      "urlFilter": "||sudzibas.lv/baneris_"
    },
    "priority": 1
  },
  {
    "id": 92,
    "action": {
      "type": "block"
    },
    "condition": {
      "urlFilter": "||tavacena.lv/images/ltc/"
    },
    "priority": 1
  },
  {
    "id": 93,
    "action": {
      "type": "block"
    },
    "condition": {
      "urlFilter": "||tele2.lv^*_popup_"
    },
    "priority": 1
  },
  {
    "id": 94,
    "action": {
      "type": "block"
    },
    "condition": {
      "urlFilter": "||tours.lv/images/misc/"
    },
    "priority": 1
  },
  {
    "id": 95,
    "action": {
      "type": "block"
    },
    "condition": {
      "urlFilter": "||tvnet.lv/assets/js/vast.js"
    },
    "priority": 1
  },
  {
    "id": 96,
    "action": {
      "type": "block"
    },
    "condition": {
      "urlFilter": "||tvnet.lv/js/ad.js"
    },
    "priority": 1
  },
  {
    "id": 97,
    "action": {
      "type": "block"
    },
    "condition": {
      "urlFilter": "||varianti.lv/static/banners/"
    },
    "priority": 1
  },
  {
    "id": 98,
    "action": {
      "type": "block"
    },
    "condition": {
      "urlFilter": "||vgk.lv/adv/"
    },
    "priority": 1
  },
  {
    "id": 99,
    "action": {
      "type": "block"
    },
    "condition": {
      "urlFilter": "||viastream.viasat.tv/commercials/"
    },
    "priority": 1
  },
  {
    "id": 100,
    "action": {
      "type": "block"
    },
    "condition": {
      "urlFilter": "||xp.lv/res/banners/"
    },
    "priority": 1
  },
  {
    "id": 101,
    "action": {
      "type": "block"
    },
    "condition": {
      "urlFilter": "||zip.lv/kasjauns.swf"
    },
    "priority": 1
  },
  {
    "id": 102,
    "action": {
      "type": "block"
    },
    "condition": {
      "urlFilter": "||1188.lv^",
      "domainType": "thirdParty"
    },
    "priority": 2
  },
  {
    "id": 103,
    "action": {
      "type": "block"
    },
    "condition": {
      "urlFilter": "||1shop.lv/i/ban/"
    },
    "priority": 1
  },
  {
    "id": 104,
    "action": {
      "type": "block"
    },
    "condition": {
      "urlFilter": "||a.alicdn.com^*300x250.",
      "domainType": "thirdParty"
    },
    "priority": 2
  },
  {
    "id": 105,
    "action": {
      "type": "block"
    },
    "condition": {
      "urlFilter": "||a.draugiem.lv^"
    },
    "priority": 1
  },
  {
    "id": 106,
    "action": {
      "type": "block"
    },
    "condition": {
      "urlFilter": "||adbox.lv^",
      "domainType": "thirdParty"
    },
    "priority": 2
  },
  {
    "id": 107,
    "action": {
      "type": "block"
    },
    "condition": {
      "urlFilter": "||adhands.ru^",
      "domainType": "thirdParty"
    },
    "priority": 2
  },
  {
    "id": 108,
    "action": {
      "type": "block"
    },
    "condition": {
      "urlFilter": "||adsplius.lt^",
      "domainType": "thirdParty"
    },
    "priority": 2
  },
  {
    "id": 109,
    "action": {
      "type": "block"
    },
    "condition": {
      "urlFilter": "||agk.lv^",
      "domainType": "thirdParty"
    },
    "priority": 2
  },
  {
    "id": 110,
    "action": {
      "type": "block"
    },
    "condition": {
      "urlFilter": "||airbalticblog.com/shared/",
      "domainType": "thirdParty"
    },
    "priority": 2
  },
  {
    "id": 111,
    "action": {
      "type": "block"
    },
    "condition": {
      "urlFilter": "||alida.lv/upload/banner/"
    },
    "priority": 1
  },
  {
    "id": 112,
    "action": {
      "type": "block"
    },
    "condition": {
      "urlFilter": "||apollo.lv/article/feed/iframe/",
      "domainType": "thirdParty"
    },
    "priority": 2
  },
  {
    "id": 113,
    "action": {
      "type": "block"
    },
    "condition": {
      "urlFilter": "||apollo.lv/upload/city24"
    },
    "priority": 1
  },
  {
    "id": 114,
    "action": {
      "type": "block"
    },
    "condition": {
      "urlFilter": "||apps.lv/timthumb.php?*/uploads/shop_images/"
    },
    "priority": 1
  },
  {
    "id": 115,
    "action": {
      "type": "block"
    },
    "condition": {
      "urlFilter": "||ass.lv/iframe/",
      "domainType": "thirdParty"
    },
    "priority": 2
  },
  {
    "id": 116,
    "action": {
      "type": "block"
    },
    "condition": {
      "urlFilter": "||auto24.lv^",
      "domainType": "thirdParty"
    },
    "priority": 2
  },
  {
    "id": 117,
    "action": {
      "type": "block"
    },
    "condition": {
      "urlFilter": "||b.itvnet.lv^"
    },
    "priority": 1
  },
  {
    "id": 118,
    "action": {
      "type": "block"
    },
    "condition": {
      "urlFilter": "||banneri.lv^",
      "domainType": "thirdParty"
    },
    "priority": 2
  },
  {
    "id": 119,
    "action": {
      "type": "block"
    },
    "condition": {
      "urlFilter": "||beta.lt^*/banners"
    },
    "priority": 1
  },
  {
    "id": 120,
    "action": {
      "type": "block"
    },
    "condition": {
      "urlFilter": "||cetrassezonas.lv/tvnet.php"
    },
    "priority": 1
  },
  {
    "id": 121,
    "action": {
      "type": "block"
    },
    "condition": {
      "urlFilter": "||chaula.tv/lv/output/",
      "domainType": "thirdParty"
    },
    "priority": 2
  },
  {
    "id": 122,
    "action": {
      "type": "block"
    },
    "condition": {
      "urlFilter": "||city24.lv/ibox/",
      "domainType": "thirdParty"
    },
    "priority": 2
  },
  {
    "id": 123,
    "action": {
      "type": "block"
    },
    "condition": {
      "urlFilter": "||cv.lv^*?type=banner"
    },
    "priority": 1
  },
  {
    "id": 124,
    "action": {
      "type": "block"
    },
    "condition": {
      "urlFilter": "||delphi.lv/bizness/techchill/"
    },
    "priority": 1
  },
  {
    "id": 125,
    "action": {
      "type": "block"
    },
    "condition": {
      "urlFilter": "||delphi.lv/fp/i/airbaltic_block_v3_logo.svg"
    },
    "priority": 1
  },
  {
    "id": 126,
    "action": {
      "type": "block"
    },
    "condition": {
      "urlFilter": "||delphi.lv^*/ads/"
    },
    "priority": 1
  },
  {
    "id": 127,
    "action": {
      "type": "block"
    },
    "condition": {
      "urlFilter": "||diena.lv/boxnews.html",
      "domainType": "thirdParty"
    },
    "priority": 2
  },
  {
    "id": 128,
    "action": {
      "type": "block"
    },
    "condition": {
      "urlFilter": "||doaffiliate.net^",
      "domainType": "thirdParty"
    },
    "priority": 2
  },
  {
    "id": 129,
    "action": {
      "type": "block"
    },
    "condition": {
      "urlFilter": "||evolution.lv^",
      "domainType": "thirdParty"
    },
    "priority": 2
  },
  {
    "id": 130,
    "action": {
      "type": "block"
    },
    "condition": {
      "urlFilter": "||freewheel-mtgx-tv.akamaized.net^",
      "initiatorDomains": [
        "skaties.lv"
      ],
      "resourceTypes": [
        "media"
      ]
    },
    "priority": 301
  },
  {
    "id": 131,
    "action": {
      "type": "block"
    },
    "condition": {
      "urlFilter": "||goaff.com^",
      "domainType": "thirdParty"
    },
    "priority": 2
  },
  {
    "id": 132,
    "action": {
      "type": "block"
    },
    "condition": {
      "urlFilter": "||h.itvnet.lv^"
    },
    "priority": 1
  },
  {
    "id": 133,
    "action": {
      "type": "block"
    },
    "condition": {
      "urlFilter": "||ifrype.com/ad_v/"
    },
    "priority": 1
  },
  {
    "id": 134,
    "action": {
      "type": "block"
    },
    "condition": {
      "urlFilter": "||ifrype.com/miniads"
    },
    "priority": 1
  },
  {
    "id": 135,
    "action": {
      "type": "block"
    },
    "condition": {
      "urlFilter": "||ifrype.com^*/ad_v."
    },
    "priority": 1
  },
  {
    "id": 136,
    "action": {
      "type": "block"
    },
    "condition": {
      "urlFilter": "||ifrype.com^*/ads."
    },
    "priority": 1
  },
  {
    "id": 137,
    "action": {
      "type": "block"
    },
    "condition": {
      "urlFilter": "||itvnet.lv/partner/"
    },
    "priority": 1
  },
  {
    "id": 138,
    "action": {
      "type": "block"
    },
    "condition": {
      "urlFilter": "||knc.lv^",
      "domainType": "thirdParty"
    },
    "priority": 2
  },
  {
    "id": 139,
    "action": {
      "type": "block"
    },
    "condition": {
      "urlFilter": "||latloto.lv/banner/"
    },
    "priority": 1
  },
  {
    "id": 140,
    "action": {
      "type": "block"
    },
    "condition": {
      "urlFilter": "||leta.lv/bm/www/images/",
      "domainType": "thirdParty"
    },
    "priority": 2
  },
  {
    "id": 141,
    "action": {
      "type": "block"
    },
    "condition": {
      "urlFilter": "||manasfinanses.lv/apollo-widget",
      "domainType": "thirdParty"
    },
    "priority": 2
  },
  {
    "id": 142,
    "action": {
      "type": "block"
    },
    "condition": {
      "urlFilter": "||maxtraffic.com^",
      "domainType": "thirdParty"
    },
    "priority": 2
  },
  {
    "id": 143,
    "action": {
      "type": "block"
    },
    "condition": {
      "urlFilter": "||media.city24.lv^",
      "domainType": "thirdParty"
    },
    "priority": 2
  },
  {
    "id": 144,
    "action": {
      "type": "block"
    },
    "condition": {
      "urlFilter": "||miljons.com/widget/",
      "domainType": "thirdParty"
    },
    "priority": 2
  },
  {
    "id": 145,
    "action": {
      "type": "block"
    },
    "condition": {
      "urlFilter": "||mtgonline.lv/counter-smscredit/"
    },
    "priority": 1
  },
  {
    "id": 146,
    "action": {
      "type": "block"
    },
    "condition": {
      "urlFilter": "||nagi.ee^",
      "domainType": "thirdParty"
    },
    "priority": 2
  },
  {
    "id": 147,
    "action": {
      "type": "block"
    },
    "condition": {
      "urlFilter": "||nerealitate.lv^",
      "domainType": "thirdParty"
    },
    "priority": 2
  },
  {
    "id": 148,
    "action": {
      "type": "block"
    },
    "condition": {
      "urlFilter": "||next.lv^",
      "domainType": "thirdParty"
    },
    "priority": 2
  },
  {
    "id": 149,
    "action": {
      "type": "block"
    },
    "condition": {
      "urlFilter": "||novonews.lv/ticker/flash/",
      "domainType": "thirdParty"
    },
    "priority": 2
  },
  {
    "id": 150,
    "action": {
      "type": "block"
    },
    "condition": {
      "urlFilter": "||olybet.lv^",
      "domainType": "thirdParty"
    },
    "priority": 2
  },
  {
    "id": 151,
    "action": {
      "type": "block"
    },
    "condition": {
      "urlFilter": "||optibet.lv^",
      "domainType": "thirdParty"
    },
    "priority": 2
  },
  {
    "id": 152,
    "action": {
      "type": "block"
    },
    "condition": {
      "urlFilter": "||otrapuse.lv^",
      "domainType": "thirdParty"
    },
    "priority": 2
  },
  {
    "id": 153,
    "action": {
      "type": "block"
    },
    "condition": {
      "urlFilter": "||partneriem.smscredit.lv^",
      "domainType": "thirdParty"
    },
    "priority": 2
  },
  {
    "id": 154,
    "action": {
      "type": "block"
    },
    "condition": {
      "urlFilter": "||pay4results.ee^",
      "domainType": "thirdParty"
    },
    "priority": 2
  },
  {
    "id": 155,
    "action": {
      "type": "block"
    },
    "condition": {
      "urlFilter": "||perkamkopa.lv^",
      "domainType": "thirdParty"
    },
    "priority": 2
  },
  {
    "id": 156,
    "action": {
      "type": "block"
    },
    "condition": {
      "urlFilter": "||playapi.mtgx.tv^*/banners"
    },
    "priority": 1
  },
  {
    "id": 157,
    "action": {
      "type": "block"
    },
    "condition": {
      "urlFilter": "||prieks.lv^*/banner/"
    },
    "priority": 1
  },
  {
    "id": 158,
    "action": {
      "type": "block"
    },
    "condition": {
      "urlFilter": "||promo.boomtime.lv^"
    },
    "priority": 1
  },
  {
    "id": 159,
    "action": {
      "type": "block"
    },
    "condition": {
      "urlFilter": "||reklama.lv/promotion/"
    },
    "priority": 1
  },
  {
    "id": 160,
    "action": {
      "type": "block"
    },
    "condition": {
      "urlFilter": "||rembi.lv^"
    },
    "priority": 1
  },
  {
    "id": 161,
    "action": {
      "type": "block"
    },
    "condition": {
      "urlFilter": "||saites.eon.lv^",
      "domainType": "thirdParty"
    },
    "priority": 2
  },
  {
    "id": 162,
    "action": {
      "type": "block"
    },
    "condition": {
      "urlFilter": "||salidzini.lv/affiliate/"
    },
    "priority": 1
  },
  {
    "id": 163,
    "action": {
      "type": "block"
    },
    "condition": {
      "urlFilter": "||salidzini.lv/images/120x40.php"
    },
    "priority": 1
  },
  {
    "id": 164,
    "action": {
      "type": "block"
    },
    "condition": {
      "urlFilter": "||salidzini.lv/images/88x31.php"
    },
    "priority": 1
  },
  {
    "id": 165,
    "action": {
      "type": "block"
    },
    "condition": {
      "urlFilter": "||salidzini.lv/images/banner/"
    },
    "priority": 1
  },
  {
    "id": 166,
    "action": {
      "type": "block"
    },
    "condition": {
      "urlFilter": "||serveris.lv/images/affiliate/"
    },
    "priority": 1
  },
  {
    "id": 167,
    "action": {
      "type": "block"
    },
    "condition": {
      "urlFilter": "||sludini.lv^",
      "domainType": "thirdParty"
    },
    "priority": 2
  },
  {
    "id": 168,
    "action": {
      "type": "block"
    },
    "condition": {
      "urlFilter": "||smartad.lv^",
      "domainType": "thirdParty"
    },
    "priority": 2
  },
  {
    "id": 169,
    "action": {
      "type": "block"
    },
    "condition": {
      "urlFilter": "||styleweb.lv^",
      "domainType": "thirdParty"
    },
    "priority": 2
  },
  {
    "id": 170,
    "action": {
      "type": "block"
    },
    "condition": {
      "urlFilter": "||sure.lv^",
      "domainType": "thirdParty"
    },
    "priority": 2
  },
  {
    "id": 171,
    "action": {
      "type": "block"
    },
    "condition": {
      "urlFilter": "||tvnet.lv/export_news/",
      "domainType": "thirdParty"
    },
    "priority": 2
  },
  {
    "id": 172,
    "action": {
      "type": "block"
    },
    "condition": {
      "urlFilter": "||twistoo.co^",
      "domainType": "thirdParty"
    },
    "priority": 2
  },
  {
    "id": 173,
    "action": {
      "type": "block"
    },
    "condition": {
      "urlFilter": "||videoavatars.com^",
      "domainType": "thirdParty"
    },
    "priority": 2
  },
  {
    "id": 174,
    "action": {
      "type": "block"
    },
    "condition": {
      "urlFilter": "||w.ifrype.com^"
    },
    "priority": 1
  },
  {
    "id": 175,
    "action": {
      "type": "block"
    },
    "condition": {
      "urlFilter": "||zizu.lv/bpublic/"
    },
    "priority": 1
  },
  {
    "id": 176,
    "action": {
      "type": "block"
    },
    "condition": {
      "urlFilter": "||zizu.lv/campaigns/",
      "domainType": "thirdParty"
    },
    "priority": 2
  },
  {
    "id": 177,
    "action": {
      "type": "allow"
    },
    "condition": {
      "urlFilter": "||h.itvnet.lv^*/adjs/adjs/ads.js",
      "initiatorDomains": [
        "tvnet.lv"
      ],
      "resourceTypes": [
        "script"
      ]
    },
    "priority": 100301
  },
  {
    "id": 178,
    "action": {
      "type": "allow"
    },
    "condition": {
      "urlFilter": "||lsm.lv/public/scripts/ads.js",
      "domainType": "firstParty",
      "resourceTypes": [
        "script"
      ]
    },
    "priority": 100102
  },
  {
    "id": 179,
    "action": {
      "type": "allow"
    },
    "condition": {
      "urlFilter": "||ltv.lsm.lv/scripts/ads.js",
      "resourceTypes": [
        "script"
      ]
    },
    "priority": 100101
  },
  {
    "id": 180,
    "action": {
      "type": "allow"
    },
    "condition": {
      "urlFilter": "||playapi.mtgx.tv/v3/adinfo",
      "resourceTypes": [
        "xmlhttprequest"
      ]
    },
    "priority": 100101
  },
  {
    "id": 181,
    "action": {
      "type": "allow"
    },
    "condition": {
      "urlFilter": "||varianti.lv/ads/load_ad_images/",
      "domainType": "firstParty",
      "resourceTypes": [
        "xmlhttprequest"
      ]
    },
    "priority": 100102
  },
  {
    "id": 182,
    "action": {
      "type": "allow"
    },
    "condition": {
      "urlFilter": "||visidarbi.lv/advertisements",
      "domainType": "firstParty",
      "resourceTypes": [
        "xmlhttprequest"
      ]
    },
    "priority": 100102
  },
  {
    "id": 183,
    "action": {
      "type": "allow"
    },
    "condition": {
      "urlFilter": "||b.adbox.lv/bxlib/js/emiter.js?",
      "initiatorDomains": [
        "lsm.lv"
      ],
      "resourceTypes": [
        "script"
      ]
    },
    "priority": 100301
  },
  {
    "id": 184,
    "action": {
      "type": "allow"
    },
    "condition": {
      "urlFilter": "||b.adbox.lv/bxlib/js/loader.js?",
      "initiatorDomains": [
        "lsm.lv"
      ],
      "resourceTypes": [
        "script"
      ]
    },
    "priority": 100301
  },
  {
    "id": 185,
    "action": {
      "type": "allow"
    },
    "condition": {
      "urlFilter": "||b.adbox.lv/emiter/bx_placement.js?",
      "initiatorDomains": [
        "lsm.lv"
      ],
      "resourceTypes": [
        "script"
      ]
    },
    "priority": 100301
  },
  {
    "id": 186,
    "action": {
      "type": "allow"
    },
    "condition": {
      "urlFilter": "||emediate.se/eas?*ty=video",
      "initiatorDomains": [
        "apollo.lv"
      ],
      "resourceTypes": [
        "object"
      ]
    },
    "priority": 100301
  },
  {
    "id": 187,
    "action": {
      "type": "allow"
    },
    "condition": {
      "urlFilter": "||fwmrm.net/ad/g/",
      "initiatorDomains": [
        "skaties.lv"
      ],
      "resourceTypes": [
        "xmlhttprequest"
      ]
    },
    "priority": 100301
  },
  {
    "id": 188,
    "action": {
      "type": "allow"
    },
    "condition": {
      "urlFilter": "||fwmrm.net/ad/l/",
      "initiatorDomains": [
        "skaties.lv"
      ],
      "resourceTypes": [
        "xmlhttprequest"
      ]
    },
    "priority": 100301
  },
  {
    "id": 189,
    "action": {
      "type": "allow"
    },
    "condition": {
      "urlFilter": "||keytarget.adnet.lt^",
      "initiatorDomains": [
        "liepajniekiem.lv"
      ],
      "resourceTypes": [
        "script"
      ]
    },
    "priority": 100301
  },
  {
    "id": 190,
    "action": {
      "type": "allow"
    },
    "condition": {
      "urlFilter": "||mssl.fwmrm.net/libs/adm/*/linktag2.js",
      "initiatorDomains": [
        "skaties.lv"
      ]
    },
    "priority": 100201
  },
  {
    "id": 191,
    "action": {
      "type": "allow"
    },
    "condition": {
      "urlFilter": "||tv3play.skaties.lv/static/scripts/trackdb/events.gif",
      "initiatorDomains": [
        "skaties.lv"
      ]
    },
    "priority": 100201
  },
  {
    "id": 192,
    "action": {
      "type": "allow"
    },
    "condition": {
      "urlFilter": "||viastream.viasat.tv^*?affiliate="
    },
    "priority": 100001
  }
]