[
  {
    "id": 1,
    "action": {
      "type": "block"
    },
    "condition": {
      "urlFilter": "||2mdn.net/2629844/"
    },
    "priority": 1
  },
  {
    "id": 2,
    "action": {
      "type": "block"
    },
    "condition": {
      "urlFilter": "||2810.gr/images/2810photo/pelates1/"
    },
    "priority": 1
  },
  {
    "id": 3,
    "action": {
      "type": "block"
    },
    "condition": {
      "urlFilter": "||65.109.238.16/openx-2.4.6/www/delivery/"
    },
    "priority": 1
  },
  {
    "id": 4,
    "action": {
      "type": "block"
    },
    "condition": {
      "urlFilter": "||ads.e-go.gr/gbanner/"
    },
    "priority": 1
  },
  {
    "id": 5,
    "action": {
      "type": "block"
    },
    "condition": {
      "urlFilter": "||agronews.gr/images/banners/"
    },
    "priority": 1
  },
  {
    "id": 6,
    "action": {
      "type": "block"
    },
    "condition": {
      "urlFilter": "||alfavita.gr/sites/default/files/efsyn_4.png"
    },
    "priority": 1
  },
  {
    "id": 7,
    "action": {
      "type": "block"
    },
    "condition": {
      "urlFilter": "||alfavita.gr/sites/www.alfavita.gr/themes/mixon/images/bannernew.swf"
    },
    "priority": 1
  },
  {
    "id": 8,
    "action": {
      "type": "block"
    },
    "condition": {
      "urlFilter": "||alogos.gr/images/banners/"
    },
    "priority": 1
  },
  {
    "id": 9,
    "action": {
      "type": "block"
    },
    "condition": {
      "urlFilter": "||anendotos.gr/ads/"
    },
    "priority": 1
  },
  {
    "id": 10,
    "action": {
      "type": "block"
    },
    "condition": {
      "urlFilter": "||apergia.gr/images/adds/"
    },
    "priority": 1
  },
  {
    "id": 11,
    "action": {
      "type": "block"
    },
    "condition": {
      "urlFilter": "||argiro.gr/images/promotions/"
    },
    "priority": 1
  },
  {
    "id": 12,
    "action": {
      "type": "block"
    },
    "condition": {
      "urlFilter": "||astrack.mediacdn.com/ipquery?siteorigin=sportfm"
    },
    "priority": 1
  },
  {
    "id": 13,
    "action": {
      "type": "block"
    },
    "condition": {
      "urlFilter": "||asxetos.gr/ban/"
    },
    "priority": 1
  },
  {
    "id": 14,
    "action": {
      "type": "block"
    },
    "condition": {
      "urlFilter": "||athensmagazine.gr/files/banners/",
      "resourceTypes": [
        "image"
      ]
    },
    "priority": 101
  },
  {
    "id": 15,
    "action": {
      "type": "block"
    },
    "condition": {
      "urlFilter": "||athensvoice.gr/files/honda/"
    },
    "priority": 1
  },
  {
    "id": 16,
    "action": {
      "type": "block"
    },
    "condition": {
      "urlFilter": "||athensvoice.gr/files/samsung/"
    },
    "priority": 1
  },
  {
    "id": 17,
    "action": {
      "type": "block"
    },
    "condition": {
      "urlFilter": "||athensvoice.gr/files/tezenis/"
    },
    "priority": 1
  },
  {
    "id": 18,
    "action": {
      "type": "block"
    },
    "condition": {
      "urlFilter": "||athinorama.gr/adv/lmnts/"
    },
    "priority": 1
  },
  {
    "id": 19,
    "action": {
      "type": "block"
    },
    "condition": {
      "urlFilter": "||athinorama.gr/lmnts/skins/"
    },
    "priority": 1
  },
  {
    "id": 20,
    "action": {
      "type": "block"
    },
    "condition": {
      "urlFilter": "||avclub.gr/forum/images/banners/"
    },
    "priority": 1
  },
  {
    "id": 21,
    "action": {
      "type": "block"
    },
    "condition": {
      "urlFilter": "||avgi.gr/images/photoarchive/banners/"
    },
    "priority": 1
  },
  {
    "id": 22,
    "action": {
      "type": "block"
    },
    "condition": {
      "urlFilter": "||avopolis.gr/banners/*.swf"
    },
    "priority": 1
  },
  {
    "id": 23,
    "action": {
      "type": "block"
    },
    "condition": {
      "urlFilter": "||avopolis.gr/images/ote*.gif"
    },
    "priority": 1
  },
  {
    "id": 24,
    "action": {
      "type": "block"
    },
    "condition": {
      "urlFilter": "||avopolis.gr/images/backskin5.gif"
    },
    "priority": 1
  },
  {
    "id": 25,
    "action": {
      "type": "block"
    },
    "condition": {
      "urlFilter": "||away.gr/wp-content/themes/carrington_away/images/footer_l.jpg"
    },
    "priority": 1
  },
  {
    "id": 26,
    "action": {
      "type": "block"
    },
    "condition": {
      "urlFilter": "||ax-easy.com/banners/"
    },
    "priority": 1
  },
  {
    "id": 27,
    "action": {
      "type": "block"
    },
    "condition": {
      "urlFilter": "||bankingnews.gr/ad/",
      "resourceTypes": [
        "image"
      ]
    },
    "priority": 101
  },
  {
    "id": 28,
    "action": {
      "type": "block"
    },
    "condition": {
      "urlFilter": "||bankingnews.gr/ad/*/",
      "resourceTypes": [
        "sub_frame"
      ]
    },
    "priority": 101
  },
  {
    "id": 29,
    "action": {
      "type": "block"
    },
    "condition": {
      "urlFilter": "||banners.otenet.gr/banner/all_banners/"
    },
    "priority": 1
  },
  {
    "id": 30,
    "action": {
      "type": "block"
    },
    "condition": {
      "urlFilter": "||bestprice.gr/promos/allshops/"
    },
    "priority": 1
  },
  {
    "id": 31,
    "action": {
      "type": "block"
    },
    "condition": {
      "urlFilter": "||boukouvalas.org/*.gif^"
    },
    "priority": 1
  },
  {
    "id": 32,
    "action": {
      "type": "block"
    },
    "condition": {
      "urlFilter": "||bourdela.com/images/banners/"
    },
    "priority": 1
  },
  {
    "id": 33,
    "action": {
      "type": "block"
    },
    "condition": {
      "urlFilter": "||bourdela.com/studiobanners/"
    },
    "priority": 1
  },
  {
    "id": 34,
    "action": {
      "type": "block"
    },
    "condition": {
      "urlFilter": "||cacheserve.williamhill.com/"
    },
    "priority": 1
  },
  {
    "id": 35,
    "action": {
      "type": "block"
    },
    "condition": {
      "urlFilter": "||cacheserve.williamhillcasino.com/"
    },
    "priority": 1
  },
  {
    "id": 36,
    "action": {
      "type": "block"
    },
    "condition": {
      "urlFilter": "||call.thebutterfly.eu/snippet/"
    },
    "priority": 1
  },
  {
    "id": 37,
    "action": {
      "type": "block"
    },
    "condition": {
      "urlFilter": "||capital.gr/banners/staticbanners/"
    },
    "priority": 1
  },
  {
    "id": 38,
    "action": {
      "type": "block"
    },
    "condition": {
      "urlFilter": "||cdn-gr.sexgr.net/b/",
      "resourceTypes": [
        "image"
      ]
    },
    "priority": 101
  },
  {
    "id": 39,
    "action": {
      "type": "block"
    },
    "condition": {
      "urlFilter": "||cdn.cnngreece.gr/media/com_news/ads/",
      "resourceTypes": [
        "image"
      ]
    },
    "priority": 101
  },
  {
    "id": 40,
    "action": {
      "type": "block"
    },
    "condition": {
      "urlFilter": "||cdn.cnngreece.gr/media/com_news/ads/4/skin_new_cosmote_2.jpg"
    },
    "priority": 1
  },
  {
    "id": 41,
    "action": {
      "type": "block"
    },
    "condition": {
      "urlFilter": "||cdn.cnngreece.gr/templates/kgt_cnn/images/sponsors/videobox_1800x900.png"
    },
    "priority": 1
  },
  {
    "id": 42,
    "action": {
      "type": "block"
    },
    "condition": {
      "urlFilter": "||cdn1.bbend.net/media/com_news/ads/"
    },
    "priority": 1
  },
  {
    "id": 43,
    "action": {
      "type": "block"
    },
    "condition": {
      "urlFilter": "||cdnprojectagora.s3.amazonaws.com/gr/gazzetta.js",
      "initiatorDomains": [
        "gazzetta.gr"
      ],
      "resourceTypes": [
        "script"
      ]
    },
    "priority": 301
  },
  {
    "id": 44,
    "action": {
      "type": "block"
    },
    "condition": {
      "urlFilter": "||cheapis.gr/widget/"
    },
    "priority": 1
  },
  {
    "id": 45,
    "action": {
      "type": "block"
    },
    "condition": {
      "urlFilter": "||clickgr.gr/picture_library/"
    },
    "priority": 1
  },
  {
    "id": 46,
    "action": {
      "type": "block"
    },
    "condition": {
      "urlFilter": "||comedylab.gr/ad/"
    },
    "priority": 1
  },
  {
    "id": 47,
    "action": {
      "type": "block"
    },
    "condition": {
      "urlFilter": "||commission.gr/on/"
    },
    "priority": 1
  },
  {
    "id": 48,
    "action": {
      "type": "block"
    },
    "condition": {
      "urlFilter": "||connextra.com/vistabet/"
    },
    "priority": 1
  },
  {
    "id": 49,
    "action": {
      "type": "block"
    },
    "condition": {
      "urlFilter": "||contra.gr/xml/sponsors/"
    },
    "priority": 1
  },
  {
    "id": 50,
    "action": {
      "type": "block"
    },
    "condition": {
      "urlFilter": "||contra.gr/*/binary/original/adidas*.js"
    },
    "priority": 1
  },
  {
    "id": 51,
    "action": {
      "type": "block"
    },
    "condition": {
      "urlFilter": "||contra.gr/basketball/article1799945.ece/binary/original"
    },
    "priority": 1
  },
  {
    "id": 52,
    "action": {
      "type": "block"
    },
    "condition": {
      "urlFilter": "||contra.gr/columns/paparazzi/article1188372.ece/binary/original"
    },
    "priority": 1
  },
  {
    "id": 53,
    "action": {
      "type": "block"
    },
    "condition": {
      "urlFilter": "||contra.gr/columns/article1348068.ece/binary/original"
    },
    "priority": 1
  },
  {
    "id": 54,
    "action": {
      "type": "block"
    },
    "condition": {
      "urlFilter": "||contra.gr/soccer/article1188569.ece/binary/"
    },
    "priority": 1
  },
  {
    "id": 55,
    "action": {
      "type": "block"
    },
    "condition": {
      "urlFilter": "||contra.gr/soccer/article1188575.ece/binary/"
    },
    "priority": 1
  },
  {
    "id": 56,
    "action": {
      "type": "block"
    },
    "condition": {
      "urlFilter": "||contra.gr/genika/article1698130.ece/binary/original/ts.jpg"
    },
    "priority": 1
  },
  {
    "id": 57,
    "action": {
      "type": "block"
    },
    "condition": {
      "urlFilter": "||contra.gr/genika/article1805738.ece/binary/original/cbg.png"
    },
    "priority": 1
  },
  {
    "id": 58,
    "action": {
      "type": "block"
    },
    "condition": {
      "urlFilter": "||contra.gr/genika/article1938232.ece/binary/original/header.png"
    },
    "priority": 1
  },
  {
    "id": 59,
    "action": {
      "type": "block"
    },
    "condition": {
      "urlFilter": "||contra.gr/genika/article2841960.ece/binary/original/contra-editors-skin.jpg"
    },
    "priority": 1
  },
  {
    "id": 60,
    "action": {
      "type": "block"
    },
    "condition": {
      "urlFilter": "||contra.gr/incoming/article4110736.ece/binary/original/stoiximan_contra.png"
    },
    "priority": 1
  },
  {
    "id": 61,
    "action": {
      "type": "block"
    },
    "condition": {
      "urlFilter": "||contra.gr/latest/article1196807.ece/binary/"
    },
    "priority": 1
  },
  {
    "id": 62,
    "action": {
      "type": "block"
    },
    "condition": {
      "urlFilter": "||contra.gr/livematches/article1559168.ece/binary/original/contra_mc_opel_logo.png"
    },
    "priority": 1
  },
  {
    "id": 63,
    "action": {
      "type": "block"
    },
    "condition": {
      "urlFilter": "||contra.gr/multimedia/article3498428.ece/binary/original/contra-articlepng.png"
    },
    "priority": 1
  },
  {
    "id": 64,
    "action": {
      "type": "block"
    },
    "condition": {
      "urlFilter": "||contra.gr/multimedia/article3498429.ece/binary/original/sport24hp-left.png"
    },
    "priority": 1
  },
  {
    "id": 65,
    "action": {
      "type": "block"
    },
    "condition": {
      "urlFilter": "||contra.gr/multimedia/article3508528.ece/binary/original/stoiximan.png"
    },
    "priority": 1
  },
  {
    "id": 66,
    "action": {
      "type": "block"
    },
    "condition": {
      "urlFilter": "||contra.gr/multimedia/article3679751.ece/binary/original/contra-fasa-hp.png"
    },
    "priority": 1
  },
  {
    "id": 67,
    "action": {
      "type": "block"
    },
    "condition": {
      "urlFilter": "||contra.gr/multimedia/article4122214.ece/binary/original/stoiximan-euro2016.jpg"
    },
    "priority": 1
  },
  {
    "id": 68,
    "action": {
      "type": "block"
    },
    "condition": {
      "urlFilter": "||contra.gr/test/article1194453.ece/binary/original"
    },
    "priority": 1
  },
  {
    "id": 69,
    "action": {
      "type": "block"
    },
    "condition": {
      "urlFilter": "||contra.gr/test/article1315085.ece/binary/"
    },
    "priority": 1
  },
  {
    "id": 70,
    "action": {
      "type": "block"
    },
    "condition": {
      "urlFilter": "||contra.gr/test/article1315517.ece/binary/original"
    },
    "priority": 1
  },
  {
    "id": 71,
    "action": {
      "type": "block"
    },
    "condition": {
      "urlFilter": "||contra.gr/test/article1316979.ece/binary/original"
    },
    "priority": 1
  },
  {
    "id": 72,
    "action": {
      "type": "block"
    },
    "condition": {
      "urlFilter": "||contra.gr/vathmologies/article1589967.ece/binary/original/"
    },
    "priority": 1
  },
  {
    "id": 73,
    "action": {
      "type": "block"
    },
    "condition": {
      "urlFilter": "||corfuland.gr/images/banners/"
    },
    "priority": 1
  },
  {
    "id": 74,
    "action": {
      "type": "block"
    },
    "condition": {
      "urlFilter": "||cosmo.gr/xml/sponsors/"
    },
    "priority": 1
  },
  {
    "id": 75,
    "action": {
      "type": "block"
    },
    "condition": {
      "urlFilter": "||cosmo.gr/incoming/article1337227.ece/binary/"
    },
    "priority": 1
  },
  {
    "id": 76,
    "action": {
      "type": "block"
    },
    "condition": {
      "urlFilter": "||cosmo.gr/latestarticles/article2315555.ece/binary/original"
    },
    "priority": 1
  },
  {
    "id": 77,
    "action": {
      "type": "block"
    },
    "condition": {
      "urlFilter": "||cretalive.gr/flash/full_banner/"
    },
    "priority": 1
  },
  {
    "id": 78,
    "action": {
      "type": "block"
    },
    "condition": {
      "urlFilter": "||cretalive.gr/img/frontend/banners/"
    },
    "priority": 1
  },
  {
    "id": 79,
    "action": {
      "type": "block"
    },
    "condition": {
      "urlFilter": "||cretalive.gr/img/frontend/businesscatalog/"
    },
    "priority": 1
  },
  {
    "id": 80,
    "action": {
      "type": "block"
    },
    "condition": {
      "urlFilter": "||dealin.gr/iframes/5/"
    },
    "priority": 1
  },
  {
    "id": 81,
    "action": {
      "type": "block"
    },
    "condition": {
      "urlFilter": "||defencenet.gr/defence/images/aroma300x250_black.jpg"
    },
    "priority": 1
  },
  {
    "id": 82,
    "action": {
      "type": "block"
    },
    "condition": {
      "urlFilter": "||defencenet.gr/defence/images/banners/"
    },
    "priority": 1
  },
  {
    "id": 83,
    "action": {
      "type": "block"
    },
    "condition": {
      "urlFilter": "||deliver.mediacdn.com/live24/itrofi-wide.jpg",
      "resourceTypes": [
        "image"
      ]
    },
    "priority": 101
  },
  {
    "id": 84,
    "action": {
      "type": "block"
    },
    "condition": {
      "urlFilter": "||dev.realize.gr/temp/away.swf?"
    },
    "priority": 1
  },
  {
    "id": 85,
    "action": {
      "type": "block"
    },
    "condition": {
      "urlFilter": "||dikaiologitika.gr/images/banners/defence1.gif"
    },
    "priority": 1
  },
  {
    "id": 86,
    "action": {
      "type": "block"
    },
    "condition": {
      "urlFilter": "||e-cannibals.gr/blog/wp-content/uploads/kanivaloiad.jpg^"
    },
    "priority": 1
  },
  {
    "id": 87,
    "action": {
      "type": "block"
    },
    "condition": {
      "urlFilter": "||e-cannibals.gr/blog/wp-content/uploads/sm_kanivaloiad.jpg^"
    },
    "priority": 1
  },
  {
    "id": 88,
    "action": {
      "type": "block"
    },
    "condition": {
      "urlFilter": "||e-cannibals.gr/blog/wp-content/uploads/somafusion_adsb.jpg^"
    },
    "priority": 1
  },
  {
    "id": 89,
    "action": {
      "type": "block"
    },
    "condition": {
      "urlFilter": "||e-ptolemeos.gr/*.gif",
      "resourceTypes": [
        "image"
      ]
    },
    "priority": 101
  },
  {
    "id": 90,
    "action": {
      "type": "block"
    },
    "condition": {
      "urlFilter": "||e-ptolemeos.gr/*banner",
      "resourceTypes": [
        "image"
      ]
    },
    "priority": 101
  },
  {
    "id": 91,
    "action": {
      "type": "block"
    },
    "condition": {
      "urlFilter": "||e-ptolemeos.gr/wp-content/uploads/2017/05/roi-eid-ban.jpg"
    },
    "priority": 1
  },
  {
    "id": 92,
    "action": {
      "type": "block"
    },
    "condition": {
      "urlFilter": "||e-shop.gr/banners/spamet.swf^"
    },
    "priority": 1
  },
  {
    "id": 93,
    "action": {
      "type": "block"
    },
    "condition": {
      "urlFilter": "||ebusiness-interactive.forthnet.gr/portalsites/livescores/"
    },
    "priority": 1
  },
  {
    "id": 94,
    "action": {
      "type": "block"
    },
    "condition": {
      "urlFilter": "||edu4u.gr/portals/0/banners/"
    },
    "priority": 1
  },
  {
    "id": 95,
    "action": {
      "type": "block"
    },
    "condition": {
      "urlFilter": "||efsyn.gr/ads/"
    },
    "priority": 1
  },
  {
    "id": 96,
    "action": {
      "type": "block"
    },
    "condition": {
      "urlFilter": "||efsyn.gr/wp-content/uploads/2013/10/banner"
    },
    "priority": 1
  },
  {
    "id": 97,
    "action": {
      "type": "block"
    },
    "condition": {
      "urlFilter": "||efsyn.gr/wp-content/uploads/2014/05/housebanner300x250d.jpg"
    },
    "priority": 1
  },
  {
    "id": 98,
    "action": {
      "type": "block"
    },
    "condition": {
      "urlFilter": "||egnatiapost.gr/images/banners/"
    },
    "priority": 1
  },
  {
    "id": 99,
    "action": {
      "type": "block"
    },
    "condition": {
      "urlFilter": "||egob2.feed.gr/filesystem/images/20130927/low/"
    },
    "priority": 1
  },
  {
    "id": 100,
    "action": {
      "type": "block"
    },
    "condition": {
      "urlFilter": "||eleftheria.gr/images/banners^"
    },
    "priority": 1
  },
  {
    "id": 101,
    "action": {
      "type": "block"
    },
    "condition": {
      "urlFilter": "||emea.gr/banner.php"
    },
    "priority": 1
  },
  {
    "id": 102,
    "action": {
      "type": "block"
    },
    "condition": {
      "urlFilter": "||emea.gr/ftp_files/"
    },
    "priority": 1
  },
  {
    "id": 103,
    "action": {
      "type": "block"
    },
    "condition": {
      "urlFilter": "||enikos.gr/banners/bg/"
    },
    "priority": 1
  },
  {
    "id": 104,
    "action": {
      "type": "block"
    },
    "condition": {
      "urlFilter": "||entertv.gr/sites/default/files/entertv_skin"
    },
    "priority": 1
  },
  {
    "id": 105,
    "action": {
      "type": "block"
    },
    "condition": {
      "urlFilter": "||epiruspost.gr/images/banners/"
    },
    "priority": 1
  },
  {
    "id": 106,
    "action": {
      "type": "block"
    },
    "condition": {
      "urlFilter": "||files.capital.gr/adserver/"
    },
    "priority": 1
  },
  {
    "id": 107,
    "action": {
      "type": "block"
    },
    "condition": {
      "urlFilter": "||files.capital.gr/banners/"
    },
    "priority": 1
  },
  {
    "id": 108,
    "action": {
      "type": "block"
    },
    "condition": {
      "urlFilter": "||files.capital.gr/images/dowjones/dowjones_home_logo_small.jpg"
    },
    "priority": 1
  },
  {
    "id": 109,
    "action": {
      "type": "block"
    },
    "condition": {
      "urlFilter": "||flights.gr/tromaktikos/"
    },
    "priority": 1
  },
  {
    "id": 110,
    "action": {
      "type": "block"
    },
    "condition": {
      "urlFilter": "||flix.gr/skins/"
    },
    "priority": 1
  },
  {
    "id": 111,
    "action": {
      "type": "block"
    },
    "condition": {
      "urlFilter": "||flix.gr/static/skins/"
    },
    "priority": 1
  },
  {
    "id": 112,
    "action": {
      "type": "block"
    },
    "condition": {
      "urlFilter": "||focuswebtv.gr/images/banners/",
      "resourceTypes": [
        "image"
      ]
    },
    "priority": 101
  },
  {
    "id": 113,
    "action": {
      "type": "block"
    },
    "condition": {
      "urlFilter": "||fonitisparou.gr/*/banners/",
      "resourceTypes": [
        "image"
      ]
    },
    "priority": 101
  },
  {
    "id": 114,
    "action": {
      "type": "block"
    },
    "condition": {
      "urlFilter": "||forthnet.gr/media/banners/driveme/"
    },
    "priority": 1
  },
  {
    "id": 115,
    "action": {
      "type": "block"
    },
    "condition": {
      "urlFilter": "||forthnet.gr/media/banners/geodata/"
    },
    "priority": 1
  },
  {
    "id": 116,
    "action": {
      "type": "block"
    },
    "condition": {
      "urlFilter": "||fvcreatives.s3.amazonaws.com/perrier/20131115/banners/img/"
    },
    "priority": 1
  },
  {
    "id": 117,
    "action": {
      "type": "block"
    },
    "condition": {
      "urlFilter": "||gameover.gr/images/promotion/fifa12/"
    },
    "priority": 1
  },
  {
    "id": 118,
    "action": {
      "type": "block"
    },
    "condition": {
      "urlFilter": "||gazzetta.gr/images/banners/"
    },
    "priority": 1
  },
  {
    "id": 119,
    "action": {
      "type": "block"
    },
    "condition": {
      "urlFilter": "||gazzetta.gr/sites/all/themes/basic/images/banners/pokerstar*.jpg"
    },
    "priority": 1
  },
  {
    "id": 120,
    "action": {
      "type": "block"
    },
    "condition": {
      "urlFilter": "||gazzetta.gr/sites/default/files/anytime*.jpg"
    },
    "priority": 1
  },
  {
    "id": 121,
    "action": {
      "type": "block"
    },
    "condition": {
      "urlFilter": "||geoloc12.geovisite.com:82/private/geocounter.js"
    },
    "priority": 1
  },
  {
    "id": 122,
    "action": {
      "type": "block"
    },
    "condition": {
      "urlFilter": "||goodnet.gr/files/goodnet/banners/*.jpg",
      "resourceTypes": [
        "image"
      ]
    },
    "priority": 101
  },
  {
    "id": 123,
    "action": {
      "type": "block"
    },
    "condition": {
      "urlFilter": "||goodnet.gr/files/goodnet/banners/*.gif",
      "resourceTypes": [
        "image"
      ]
    },
    "priority": 101
  },
  {
    "id": 124,
    "action": {
      "type": "block"
    },
    "condition": {
      "urlFilter": "||gossip-tv.gr/images/banner"
    },
    "priority": 1
  },
  {
    "id": 125,
    "action": {
      "type": "block"
    },
    "condition": {
      "urlFilter": "||gossip-tv.gr/media/com_news/ads/",
      "resourceTypes": [
        "image"
      ]
    },
    "priority": 101
  },
  {
    "id": 126,
    "action": {
      "type": "block"
    },
    "condition": {
      "urlFilter": "||gossip-tv.gr/media/com_skins/skins/"
    },
    "priority": 1
  },
  {
    "id": 127,
    "action": {
      "type": "block"
    },
    "condition": {
      "urlFilter": "||gpoint.com.gr/*.swf^"
    },
    "priority": 1
  },
  {
    "id": 128,
    "action": {
      "type": "block"
    },
    "condition": {
      "urlFilter": "||greek-movies.com/icon/banner"
    },
    "priority": 1
  },
  {
    "id": 129,
    "action": {
      "type": "block"
    },
    "condition": {
      "urlFilter": "||greeklug.gr/images/banners/"
    },
    "priority": 1
  },
  {
    "id": 130,
    "action": {
      "type": "block"
    },
    "condition": {
      "urlFilter": "||greektube.org/images/banners/"
    },
    "priority": 1
  },
  {
    "id": 131,
    "action": {
      "type": "block"
    },
    "condition": {
      "urlFilter": "||hiphop.gr/ads/"
    },
    "priority": 1
  },
  {
    "id": 132,
    "action": {
      "type": "block"
    },
    "condition": {
      "urlFilter": "||i-kyr.gr/wp-content/uploads/2016/03/banner",
      "resourceTypes": [
        "image"
      ]
    },
    "priority": 101
  },
  {
    "id": 133,
    "action": {
      "type": "block"
    },
    "condition": {
      "urlFilter": "||i-kyr.gr/wp-content/uploads/2018/05/alpha",
      "resourceTypes": [
        "image"
      ]
    },
    "priority": 101
  },
  {
    "id": 134,
    "action": {
      "type": "block"
    },
    "condition": {
      "urlFilter": "||idrones.gr/images/banners/",
      "resourceTypes": [
        "image"
      ]
    },
    "priority": 101
  },
  {
    "id": 135,
    "action": {
      "type": "block"
    },
    "condition": {
      "urlFilter": "||iefimerida.gr/sites/all/themes/base/images/*chivas"
    },
    "priority": 1
  },
  {
    "id": 136,
    "action": {
      "type": "block"
    },
    "condition": {
      "urlFilter": "||imagehosting.gr/images/"
    },
    "priority": 1
  },
  {
    "id": 137,
    "action": {
      "type": "block"
    },
    "condition": {
      "urlFilter": "||imageshack.gr/banners/"
    },
    "priority": 1
  },
  {
    "id": 138,
    "action": {
      "type": "block"
    },
    "condition": {
      "urlFilter": "||imagine897.gr/dat/"
    },
    "priority": 1
  },
  {
    "id": 139,
    "action": {
      "type": "block"
    },
    "condition": {
      "urlFilter": "||imerisia.gr/slidingpen/"
    },
    "priority": 1
  },
  {
    "id": 140,
    "action": {
      "type": "block"
    },
    "condition": {
      "urlFilter": "||imerisia.gr/images/top_stories_xorhgia2.gif"
    },
    "priority": 1
  },
  {
    "id": 141,
    "action": {
      "type": "block"
    },
    "condition": {
      "urlFilter": "||imerodromos.gr/wp-content/uploads/2017/02/podium-2.gif",
      "resourceTypes": [
        "image"
      ]
    },
    "priority": 101
  },
  {
    "id": 142,
    "action": {
      "type": "block"
    },
    "condition": {
      "urlFilter": "||imerodromos.gr/wp-content/uploads/2017/06/collectives1-20.jpg",
      "resourceTypes": [
        "image"
      ]
    },
    "priority": 101
  },
  {
    "id": 143,
    "action": {
      "type": "block"
    },
    "condition": {
      "urlFilter": "||imerodromos.gr/wp-content/uploads/2018/04/baner_asfalistiko_300x249.jpg",
      "resourceTypes": [
        "image"
      ]
    },
    "priority": 101
  },
  {
    "id": 144,
    "action": {
      "type": "block"
    },
    "condition": {
      "urlFilter": "||imerodromos.gr/wp-content/uploads/2018/05/screen-shot-2018-05-07-at-20.41.56.png",
      "resourceTypes": [
        "image"
      ]
    },
    "priority": 101
  },
  {
    "id": 145,
    "action": {
      "type": "block"
    },
    "condition": {
      "urlFilter": "||imerodromos.gr/wp-content/uploads/2018/05/tiniakosgr.gif",
      "resourceTypes": [
        "image"
      ]
    },
    "priority": 101
  },
  {
    "id": 146,
    "action": {
      "type": "block"
    },
    "condition": {
      "urlFilter": "||imerodromos.gr/wp-content/uploads/2018/07/boukovibanner-500x417.jpg",
      "resourceTypes": [
        "image"
      ]
    },
    "priority": 101
  },
  {
    "id": 147,
    "action": {
      "type": "block"
    },
    "condition": {
      "urlFilter": "||imerodromos.gr/wp-content/uploads/2018/11/500x417_columbia.jpg",
      "resourceTypes": [
        "image"
      ]
    },
    "priority": 101
  },
  {
    "id": 148,
    "action": {
      "type": "block"
    },
    "condition": {
      "urlFilter": "||imerodromos.gr/wp-content/uploads/2018/11/500x417_marcos.jpg",
      "resourceTypes": [
        "image"
      ]
    },
    "priority": 101
  },
  {
    "id": 149,
    "action": {
      "type": "block"
    },
    "condition": {
      "urlFilter": "||imerodromos.gr/wp-content/uploads/2018/11/500x417_marx.jpg",
      "resourceTypes": [
        "image"
      ]
    },
    "priority": 101
  },
  {
    "id": 150,
    "action": {
      "type": "block"
    },
    "condition": {
      "urlFilter": "||imerodromos.gr/wp-content/uploads/2018/12/megalh-istoria-ths-elladas-1.jpg",
      "resourceTypes": [
        "image"
      ]
    },
    "priority": 101
  },
  {
    "id": 151,
    "action": {
      "type": "block"
    },
    "condition": {
      "urlFilter": "||imerodromos.gr/wp-content/uploads/2018/12/megalh-istoria-ths-elladas-2.jpg",
      "resourceTypes": [
        "image"
      ]
    },
    "priority": 101
  },
  {
    "id": 152,
    "action": {
      "type": "block"
    },
    "condition": {
      "urlFilter": "||imerodromos.gr/wp-content/uploads/2018/12/na_ntysoume_tous_gymnous_500x417pix-2-1.gif",
      "resourceTypes": [
        "image"
      ]
    },
    "priority": 101
  },
  {
    "id": 153,
    "action": {
      "type": "block"
    },
    "condition": {
      "urlFilter": "||in.gr/banners/"
    },
    "priority": 1
  },
  {
    "id": 154,
    "action": {
      "type": "block"
    },
    "condition": {
      "urlFilter": "||in.gr/files/1/2010/ingr-ovinokia.gif"
    },
    "priority": 1
  },
  {
    "id": 155,
    "action": {
      "type": "block"
    },
    "condition": {
      "urlFilter": "||in.gr/files/1/sponsors/"
    },
    "priority": 1
  },
  {
    "id": 156,
    "action": {
      "type": "block"
    },
    "condition": {
      "urlFilter": "||in.gr/googleadscode/"
    },
    "priority": 1
  },
  {
    "id": 157,
    "action": {
      "type": "block"
    },
    "condition": {
      "urlFilter": "||in.gr/themes/1/default/media/adsl_in-gr_logo.jpg"
    },
    "priority": 1
  },
  {
    "id": 158,
    "action": {
      "type": "block"
    },
    "condition": {
      "urlFilter": "||in.gr/themes/1/default/media/ub_180x18.gif"
    },
    "priority": 1
  },
  {
    "id": 159,
    "action": {
      "type": "block"
    },
    "condition": {
      "urlFilter": "||in.gr/themes/1/default/media/woman/marie-claire-stamp.png"
    },
    "priority": 1
  },
  {
    "id": 160,
    "action": {
      "type": "block"
    },
    "condition": {
      "urlFilter": "||in.gr/themes/1/default/media/chivas.gif"
    },
    "priority": 1
  },
  {
    "id": 161,
    "action": {
      "type": "block"
    },
    "condition": {
      "urlFilter": "||in.gr/themes/1/default/media/havana180x18.jpg"
    },
    "priority": 1
  },
  {
    "id": 162,
    "action": {
      "type": "block"
    },
    "condition": {
      "urlFilter": "||in.gr/themes/1/default/media/imommy.png"
    },
    "priority": 1
  },
  {
    "id": 163,
    "action": {
      "type": "block"
    },
    "condition": {
      "urlFilter": "||in.gr/themes/1/default/media/logo-bp-ingr-95x20.gif"
    },
    "priority": 1
  },
  {
    "id": 164,
    "action": {
      "type": "block"
    },
    "condition": {
      "urlFilter": "||in.gr/themes/1/default/media/logotravelplan_180x18.jpg"
    },
    "priority": 1
  },
  {
    "id": 165,
    "action": {
      "type": "block"
    },
    "condition": {
      "urlFilter": "||in.gr/themes/1/default/media/logo_vb_1.jpg"
    },
    "priority": 1
  },
  {
    "id": 166,
    "action": {
      "type": "block"
    },
    "condition": {
      "urlFilter": "||in.gr/themes/1/default/media/senso_pro"
    },
    "priority": 1
  },
  {
    "id": 167,
    "action": {
      "type": "block"
    },
    "condition": {
      "urlFilter": "||in.gr/themes/1/default/media/sensodyne-logo.png"
    },
    "priority": 1
  },
  {
    "id": 168,
    "action": {
      "type": "block"
    },
    "condition": {
      "urlFilter": "||in.gr/themes/1/default/media/vb-logo-in.gif"
    },
    "priority": 1
  },
  {
    "id": 169,
    "action": {
      "type": "block"
    },
    "condition": {
      "urlFilter": "||in.gr/files/1/2011/banner/ofi365_370x60.jpg"
    },
    "priority": 1
  },
  {
    "id": 170,
    "action": {
      "type": "block"
    },
    "condition": {
      "urlFilter": "||in.gr/files/1/2012/01/09/office365_37060.jpg"
    },
    "priority": 1
  },
  {
    "id": 171,
    "action": {
      "type": "block"
    },
    "condition": {
      "urlFilter": "||insider.gr/sites/default/files/2019-02/eurobank%20rgb_1.png",
      "resourceTypes": [
        "image"
      ]
    },
    "priority": 101
  },
  {
    "id": 172,
    "action": {
      "type": "block"
    },
    "condition": {
      "urlFilter": "||insomnia.gr/templates/insomnia/images/battleleft.jpg^"
    },
    "priority": 1
  },
  {
    "id": 173,
    "action": {
      "type": "block"
    },
    "condition": {
      "urlFilter": "||insomnia.gr/templates/insomnia/images/cartoonbattle.jpg^"
    },
    "priority": 1
  },
  {
    "id": 174,
    "action": {
      "type": "block"
    },
    "condition": {
      "urlFilter": "||insurer.gr/widgets/calc/insucalc.html?"
    },
    "priority": 1
  },
  {
    "id": 175,
    "action": {
      "type": "block"
    },
    "condition": {
      "urlFilter": "||interactive.forthnet.gr/banner"
    },
    "priority": 1
  },
  {
    "id": 176,
    "action": {
      "type": "block"
    },
    "condition": {
      "urlFilter": "||ioannina24.gr//images/banners/"
    },
    "priority": 1
  },
  {
    "id": 177,
    "action": {
      "type": "block"
    },
    "condition": {
      "urlFilter": "||ioannina24.gr/images/banners/"
    },
    "priority": 1
  },
  {
    "id": 178,
    "action": {
      "type": "block"
    },
    "condition": {
      "urlFilter": "||irafina.gr/wp-content/uploads/*banner*.jpg",
      "resourceTypes": [
        "image"
      ]
    },
    "priority": 101
  },
  {
    "id": 179,
    "action": {
      "type": "block"
    },
    "condition": {
      "urlFilter": "||irafina.gr/wp-content/uploads/*banner*.gif",
      "resourceTypes": [
        "image"
      ]
    },
    "priority": 101
  },
  {
    "id": 180,
    "action": {
      "type": "block"
    },
    "condition": {
      "urlFilter": "||irafina.gr/wp-content/uploads/*banner*.jpeg",
      "resourceTypes": [
        "image"
      ]
    },
    "priority": 101
  },
  {
    "id": 181,
    "action": {
      "type": "block"
    },
    "condition": {
      "urlFilter": "||irafina.gr/wp-content/uploads/*baner*.jpg",
      "resourceTypes": [
        "image"
      ]
    },
    "priority": 101
  },
  {
    "id": 182,
    "action": {
      "type": "block"
    },
    "condition": {
      "urlFilter": "||irafina.gr/wp-content/uploads/2024/11/mezedopoleio_neo_leon*.webp",
      "resourceTypes": [
        "image"
      ]
    },
    "priority": 101
  },
  {
    "id": 183,
    "action": {
      "type": "block"
    },
    "condition": {
      "urlFilter": "||irafina.gr/wp-content/uploads/2022/07/xeimona-kalokairi*.jpg",
      "resourceTypes": [
        "image"
      ]
    },
    "priority": 101
  },
  {
    "id": 184,
    "action": {
      "type": "block"
    },
    "condition": {
      "urlFilter": "||irafina.gr/wp-content/uploads/2022/07/laf-lab-23_tetr.jpg",
      "resourceTypes": [
        "image"
      ]
    },
    "priority": 101
  },
  {
    "id": 185,
    "action": {
      "type": "block"
    },
    "condition": {
      "urlFilter": "||irafina.gr/wp-content/uploads/2022/07/platanos*.jpg",
      "resourceTypes": [
        "image"
      ]
    },
    "priority": 101
  },
  {
    "id": 186,
    "action": {
      "type": "block"
    },
    "condition": {
      "urlFilter": "||irafina.gr/wp-content/uploads/2022/07/zampas-1.jpg",
      "resourceTypes": [
        "image"
      ]
    },
    "priority": 101
  },
  {
    "id": 187,
    "action": {
      "type": "block"
    },
    "condition": {
      "urlFilter": "||irafina.gr/wp-content/uploads/2023/04/deli_wine*.jpg",
      "resourceTypes": [
        "image"
      ]
    },
    "priority": 101
  },
  {
    "id": 188,
    "action": {
      "type": "block"
    },
    "condition": {
      "urlFilter": "||irafina.gr/wp-content/uploads/*banner*.webp",
      "resourceTypes": [
        "image"
      ]
    },
    "priority": 101
  },
  {
    "id": 189,
    "action": {
      "type": "block"
    },
    "condition": {
      "urlFilter": "||irafina.gr/wp-content/uploads/2022/07/electrical_gk.jpeg",
      "resourceTypes": [
        "image"
      ]
    },
    "priority": 101
  },
  {
    "id": 190,
    "action": {
      "type": "block"
    },
    "condition": {
      "urlFilter": "||irafina.gr/wp-content/uploads/2022/07/kapsanakis.jpg",
      "resourceTypes": [
        "image"
      ]
    },
    "priority": 101
  },
  {
    "id": 191,
    "action": {
      "type": "block"
    },
    "condition": {
      "urlFilter": "||irafina.gr/wp-content/uploads/2022/07/yellow_t_shirt.jpg",
      "resourceTypes": [
        "image"
      ]
    },
    "priority": 101
  },
  {
    "id": 192,
    "action": {
      "type": "block"
    },
    "condition": {
      "urlFilter": "||irafina.gr/wp-content/uploads/2022/07/iliaxt-23_tetr.jpg",
      "resourceTypes": [
        "image"
      ]
    },
    "priority": 101
  },
  {
    "id": 193,
    "action": {
      "type": "block"
    },
    "condition": {
      "urlFilter": "||irafina.gr/wp-content/uploads/2022/07/limani_rafinas*.jpg",
      "resourceTypes": [
        "image"
      ]
    },
    "priority": 101
  },
  {
    "id": 194,
    "action": {
      "type": "block"
    },
    "condition": {
      "urlFilter": "||irafina.gr/wp-content/uploads/2024/04/solar_star*.jpg",
      "resourceTypes": [
        "image"
      ]
    },
    "priority": 101
  },
  {
    "id": 195,
    "action": {
      "type": "block"
    },
    "condition": {
      "urlFilter": "||ishow.gr/images/*skin.jpg"
    },
    "priority": 1
  },
  {
    "id": 196,
    "action": {
      "type": "block"
    },
    "condition": {
      "urlFilter": "||jobfind.gr/clientfiles/banner2025/"
    },
    "priority": 1
  },
  {
    "id": 197,
    "action": {
      "type": "block"
    },
    "condition": {
      "urlFilter": "||kathimerini.com.cy/assets/modules/kat/banners/"
    },
    "priority": 1
  },
  {
    "id": 198,
    "action": {
      "type": "block"
    },
    "condition": {
      "urlFilter": "||kathimerini.gr/webadmin/ellada/bca/"
    },
    "priority": 1
  },
  {
    "id": 199,
    "action": {
      "type": "block"
    },
    "condition": {
      "urlFilter": "||kathimerini.gr/webadmin/glife/chartis/"
    },
    "priority": 1
  },
  {
    "id": 200,
    "action": {
      "type": "block"
    },
    "condition": {
      "urlFilter": "||kathimerini.gr/webadmin/techno/connx/"
    },
    "priority": 1
  },
  {
    "id": 201,
    "action": {
      "type": "block"
    },
    "condition": {
      "urlFilter": "||kathimerini.gr/kath/adv/"
    },
    "priority": 1
  },
  {
    "id": 202,
    "action": {
      "type": "block"
    },
    "condition": {
      "urlFilter": "||kathimerini.gr/webadmin/home/xor/"
    },
    "priority": 1
  },
  {
    "id": 203,
    "action": {
      "type": "block"
    },
    "condition": {
      "urlFilter": "||kavalanews.gr/sites/all/modules/copyprevention/copyprevention.js^",
      "domainType": "firstParty",
      "resourceTypes": [
        "script"
      ]
    },
    "priority": 102
  },
  {
    "id": 204,
    "action": {
      "type": "block"
    },
    "condition": {
      "urlFilter": "||kavalapoint.gr/wp-content/uploads/2023/11/ezgif.com",
      "resourceTypes": [
        "image"
      ]
    },
    "priority": 101
  },
  {
    "id": 205,
    "action": {
      "type": "block"
    },
    "condition": {
      "urlFilter": "||koutipandoras.gr/img/adds/"
    },
    "priority": 1
  },
  {
    "id": 206,
    "action": {
      "type": "block"
    },
    "condition": {
      "urlFilter": "||koutipandoras.gr/sites/default/files/*banner*.swf"
    },
    "priority": 1
  },
  {
    "id": 207,
    "action": {
      "type": "block"
    },
    "condition": {
      "urlFilter": "||koutipandoras.gr/skins/koutipandoras.gr_skin.jpg"
    },
    "priority": 1
  },
  {
    "id": 208,
    "action": {
      "type": "block"
    },
    "condition": {
      "urlFilter": "||lifo.gr/adsimg/"
    },
    "priority": 1
  },
  {
    "id": 209,
    "action": {
      "type": "block"
    },
    "condition": {
      "urlFilter": "||lifo.gr/icache/300/600/1/989673_wind_mila.jpg"
    },
    "priority": 1
  },
  {
    "id": 210,
    "action": {
      "type": "block"
    },
    "condition": {
      "urlFilter": "||lifo.gr/icache/940/337/1/983904_got_970.jpg"
    },
    "priority": 1
  },
  {
    "id": 211,
    "action": {
      "type": "block"
    },
    "condition": {
      "urlFilter": "||livikos.gr/adserver/"
    },
    "priority": 1
  },
  {
    "id": 212,
    "action": {
      "type": "block"
    },
    "condition": {
      "urlFilter": "||luben.tv/wp-content/uploads/2014/11/output_cvzg2g.gif"
    },
    "priority": 1
  },
  {
    "id": 213,
    "action": {
      "type": "block"
    },
    "condition": {
      "urlFilter": "||luben.tv/wp-content/uploads/2015/07/corona-sunsets_a-1.jpg"
    },
    "priority": 1
  },
  {
    "id": 214,
    "action": {
      "type": "block"
    },
    "condition": {
      "urlFilter": "||luben.tv/wp-content/uploads/2015/09/unnamed.png"
    },
    "priority": 1
  },
  {
    "id": 215,
    "action": {
      "type": "block"
    },
    "condition": {
      "urlFilter": "||luben.tv/wp-content/uploads/2016/01/luben-skin-stoli-2-x480x780-new2.png"
    },
    "priority": 1
  },
  {
    "id": 216,
    "action": {
      "type": "block"
    },
    "condition": {
      "urlFilter": "||luben.tv/wp-content/uploads/2017/01/voyager.jpg"
    },
    "priority": 1
  },
  {
    "id": 217,
    "action": {
      "type": "block"
    },
    "condition": {
      "urlFilter": "||madinad-data.s3.amazonaws.com^",
      "resourceTypes": [
        "sub_frame"
      ]
    },
    "priority": 101
  },
  {
    "id": 218,
    "action": {
      "type": "block"
    },
    "condition": {
      "urlFilter": "||makeleio.gr/wp-content/uploads/2014/11/klamin-300x250.jpg"
    },
    "priority": 1
  },
  {
    "id": 219,
    "action": {
      "type": "block"
    },
    "condition": {
      "urlFilter": "||makeleio.gr/wp-content/uploads/2014/11/netra_bannernew.jpg"
    },
    "priority": 1
  },
  {
    "id": 220,
    "action": {
      "type": "block"
    },
    "condition": {
      "urlFilter": "||makeleio.gr/wp-content/uploads/2015/09/hyaluron-250x250-zampidis-2.jpg"
    },
    "priority": 1
  },
  {
    "id": 221,
    "action": {
      "type": "block"
    },
    "condition": {
      "urlFilter": "||makthes.gr/filestore/banners/"
    },
    "priority": 1
  },
  {
    "id": 222,
    "action": {
      "type": "block"
    },
    "condition": {
      "urlFilter": "||marketnews.gr/banners/groupama_970x250.gif"
    },
    "priority": 1
  },
  {
    "id": 223,
    "action": {
      "type": "block"
    },
    "condition": {
      "urlFilter": "||marketnews.gr/banners/ipos.jpg"
    },
    "priority": 1
  },
  {
    "id": 224,
    "action": {
      "type": "block"
    },
    "condition": {
      "urlFilter": "||media.adslgr.com/www/images/1a31027deca376bfb2a140554a29a047.jpg^"
    },
    "priority": 1
  },
  {
    "id": 225,
    "action": {
      "type": "block"
    },
    "condition": {
      "urlFilter": "||media.adslgr.com/www/images/8d9b102aab0f8990eeeef58b57ed2c49.gif^"
    },
    "priority": 1
  },
  {
    "id": 226,
    "action": {
      "type": "block"
    },
    "condition": {
      "urlFilter": "||media.adslgr.com/www/images/934adc119cb74c815df8b1697cae4c98.png^"
    },
    "priority": 1
  },
  {
    "id": 227,
    "action": {
      "type": "block"
    },
    "condition": {
      "urlFilter": "||media.adslgr.com/www/images/0a7c90d00978af65bd2089862535b7e6.jpg"
    },
    "priority": 1
  },
  {
    "id": 228,
    "action": {
      "type": "block"
    },
    "condition": {
      "urlFilter": "||media.adslgr.com/www/images/727fbd95261492dbd269bccbc7fffbb3.jpg"
    },
    "priority": 1
  },
  {
    "id": 229,
    "action": {
      "type": "block"
    },
    "condition": {
      "urlFilter": "||media.adslgr.com/www/images/80ffb536c4617d7afe7c8be553b1c37d.jpg"
    },
    "priority": 1
  },
  {
    "id": 230,
    "action": {
      "type": "block"
    },
    "condition": {
      "urlFilter": "||media.adslgr.com/www/images/c1259c4e50e39b2fc908400addb29c96.jpg"
    },
    "priority": 1
  },
  {
    "id": 231,
    "action": {
      "type": "block"
    },
    "condition": {
      "urlFilter": "||media.adslgr.com/www/images/e3026593eee92619a864ff0841906cd0.gif"
    },
    "priority": 1
  },
  {
    "id": 232,
    "action": {
      "type": "block"
    },
    "condition": {
      "urlFilter": "||media2.feed.gr/filesystem/images/20090810/low/"
    },
    "priority": 1
  },
  {
    "id": 233,
    "action": {
      "type": "block"
    },
    "condition": {
      "urlFilter": "||media2.feed.gr/pegasus/multimedia/swf/"
    },
    "priority": 1
  },
  {
    "id": 234,
    "action": {
      "type": "block"
    },
    "condition": {
      "urlFilter": "||medlook.net/banners/"
    },
    "priority": 1
  },
  {
    "id": 235,
    "action": {
      "type": "block"
    },
    "condition": {
      "urlFilter": "||megatv.com/webtv/newsbeast.asp?"
    },
    "priority": 1
  },
  {
    "id": 236,
    "action": {
      "type": "block"
    },
    "condition": {
      "urlFilter": "||meteo.gr/addscust/"
    },
    "priority": 1
  },
  {
    "id": 237,
    "action": {
      "type": "block"
    },
    "condition": {
      "urlFilter": "||meteo.gr/absolutebmxe/banners/"
    },
    "priority": 1
  },
  {
    "id": 238,
    "action": {
      "type": "block"
    },
    "condition": {
      "urlFilter": "||meteo.gr/graphics/ads/",
      "resourceTypes": [
        "image"
      ]
    },
    "priority": 101
  },
  {
    "id": 239,
    "action": {
      "type": "block"
    },
    "condition": {
      "urlFilter": "||michanikos.gr/images/banner/"
    },
    "priority": 1
  },
  {
    "id": 240,
    "action": {
      "type": "block"
    },
    "condition": {
      "urlFilter": "||mignatiou.com/wp-content/uploads/2014/09/300x250_piraeus_stametrasou_final.jpg"
    },
    "priority": 1
  },
  {
    "id": 241,
    "action": {
      "type": "block"
    },
    "condition": {
      "urlFilter": "||milaraki.com/banner/"
    },
    "priority": 1
  },
  {
    "id": 242,
    "action": {
      "type": "block"
    },
    "condition": {
      "urlFilter": "||missbloom.gr/images/*skin"
    },
    "priority": 1
  },
  {
    "id": 243,
    "action": {
      "type": "block"
    },
    "condition": {
      "urlFilter": "||missbloom.gr/media/vidspics/*-skin.jpg"
    },
    "priority": 1
  },
  {
    "id": 244,
    "action": {
      "type": "block"
    },
    "condition": {
      "urlFilter": "||moneybookers.com/images/banners/gr/"
    },
    "priority": 1
  },
  {
    "id": 245,
    "action": {
      "type": "block"
    },
    "condition": {
      "urlFilter": "||mothersblog.gr/media/com_skins/skins/79/"
    },
    "priority": 1
  },
  {
    "id": 246,
    "action": {
      "type": "block"
    },
    "condition": {
      "urlFilter": "||mydirect.gr/calculatorbanner.aspx?"
    },
    "priority": 1
  },
  {
    "id": 247,
    "action": {
      "type": "block"
    },
    "condition": {
      "urlFilter": "||myshopper.gr/ads/"
    },
    "priority": 1
  },
  {
    "id": 248,
    "action": {
      "type": "block"
    },
    "condition": {
      "urlFilter": "||naxospress.gr/wp-content/uploads/313/152/public/assets/js/912/411.js"
    },
    "priority": 1
  },
  {
    "id": 249,
    "action": {
      "type": "block"
    },
    "condition": {
      "urlFilter": "||neo.gr/images/banners/"
    },
    "priority": 1
  },
  {
    "id": 250,
    "action": {
      "type": "block"
    },
    "condition": {
      "urlFilter": "||neo.gr/website/ebuy-shops/"
    },
    "priority": 1
  },
  {
    "id": 251,
    "action": {
      "type": "block"
    },
    "condition": {
      "urlFilter": "||news.in.gr/themes/1/default/media/image-ads-sponsor.jpg"
    },
    "priority": 1
  },
  {
    "id": 252,
    "action": {
      "type": "block"
    },
    "condition": {
      "urlFilter": "||newsbeast.gr/files/1/banners/animal/animal.jpg"
    },
    "priority": 1
  },
  {
    "id": 253,
    "action": {
      "type": "block"
    },
    "condition": {
      "urlFilter": "||newsbeast.gr/files/1/banners/axatextadimg.png"
    },
    "priority": 1
  },
  {
    "id": 254,
    "action": {
      "type": "block"
    },
    "condition": {
      "urlFilter": "||newsbeast.gr/files/1/top100europe/airfasttickets.png"
    },
    "priority": 1
  },
  {
    "id": 255,
    "action": {
      "type": "block"
    },
    "condition": {
      "urlFilter": "||newsbomb.gr/ads/"
    },
    "priority": 1
  },
  {
    "id": 256,
    "action": {
      "type": "block"
    },
    "condition": {
      "urlFilter": "||newsbomb.gr/media/com_skins/"
    },
    "priority": 1
  },
  {
    "id": 257,
    "action": {
      "type": "block"
    },
    "condition": {
      "urlFilter": "||newsit.gr/flash/banners/2015/06/caremarket_banner300x250_29_6.gif"
    },
    "priority": 1
  },
  {
    "id": 258,
    "action": {
      "type": "block"
    },
    "condition": {
      "urlFilter": "||newsit.gr/flash/categories/category_xorhgia_blank_pixel.gif"
    },
    "priority": 1
  },
  {
    "id": 259,
    "action": {
      "type": "block"
    },
    "condition": {
      "urlFilter": "||newsit.gr/templates/default/images/newsit-11888-search.png"
    },
    "priority": 1
  },
  {
    "id": 260,
    "action": {
      "type": "block"
    },
    "condition": {
      "urlFilter": "||oneman.gr/antikeimena/article1635665.ece/binary/oneman.jpg"
    },
    "priority": 1
  },
  {
    "id": 261,
    "action": {
      "type": "block"
    },
    "condition": {
      "urlFilter": "||oneman.gr/antikeimena/article1635795.ece/binary/original/oneman_fasa.png"
    },
    "priority": 1
  },
  {
    "id": 262,
    "action": {
      "type": "block"
    },
    "condition": {
      "urlFilter": "||oneman.gr/incoming/article1517780.ece/binary/original/skin_onemansony.jpg"
    },
    "priority": 1
  },
  {
    "id": 263,
    "action": {
      "type": "block"
    },
    "condition": {
      "urlFilter": "||oneman.gr/keimena/style/article1659136.ece/binary/oneman.jpg"
    },
    "priority": 1
  },
  {
    "id": 264,
    "action": {
      "type": "block"
    },
    "condition": {
      "urlFilter": "||onlarissa.gr/wp-content/uploads/2016/09/icbsnew1200small.gif",
      "resourceTypes": [
        "image"
      ]
    },
    "priority": 101
  },
  {
    "id": 265,
    "action": {
      "type": "block"
    },
    "condition": {
      "urlFilter": "||onlarissa.gr/wp-content/uploads/2018/09/chefs-feb19-300x250.gif"
    },
    "priority": 1
  },
  {
    "id": 266,
    "action": {
      "type": "block"
    },
    "condition": {
      "urlFilter": "||onlarissa.gr/wp-content/uploads/2018/09/eda-thess.png",
      "resourceTypes": [
        "image"
      ]
    },
    "priority": 101
  },
  {
    "id": 267,
    "action": {
      "type": "block"
    },
    "condition": {
      "urlFilter": "||onlarissa.gr/wp-content/uploads/2018/09/europroodos.gif",
      "resourceTypes": [
        "image"
      ]
    },
    "priority": 101
  },
  {
    "id": 268,
    "action": {
      "type": "block"
    },
    "condition": {
      "urlFilter": "||onlarissa.gr/wp-content/uploads/2018/09/fashion-city.gif",
      "resourceTypes": [
        "image"
      ]
    },
    "priority": 101
  },
  {
    "id": 269,
    "action": {
      "type": "block"
    },
    "condition": {
      "urlFilter": "||onlarissa.gr/wp-content/uploads/2018/09/kazanas_xeimerines_ekptwseis_2019.gif",
      "resourceTypes": [
        "image"
      ]
    },
    "priority": 101
  },
  {
    "id": 270,
    "action": {
      "type": "block"
    },
    "condition": {
      "urlFilter": "||onlarissa.gr/wp-content/uploads/2018/09/larisa-300x250.gif",
      "resourceTypes": [
        "image"
      ]
    },
    "priority": 101
  },
  {
    "id": 271,
    "action": {
      "type": "block"
    },
    "condition": {
      "urlFilter": "||onlarissa.gr/wp-content/uploads/2018/09/nona-rossa.gif",
      "resourceTypes": [
        "image"
      ]
    },
    "priority": 101
  },
  {
    "id": 272,
    "action": {
      "type": "block"
    },
    "condition": {
      "urlFilter": "||onlarissa.gr/wp-content/uploads/2018/09/snoopy-1.gif",
      "resourceTypes": [
        "image"
      ]
    },
    "priority": 101
  },
  {
    "id": 273,
    "action": {
      "type": "block"
    },
    "condition": {
      "urlFilter": "||onlarissa.gr/wp-content/uploads/2018/09/snoopy.gif",
      "resourceTypes": [
        "image"
      ]
    },
    "priority": 101
  },
  {
    "id": 274,
    "action": {
      "type": "block"
    },
    "condition": {
      "urlFilter": "||onlarissa.gr/wp-content/uploads/2018/11/webp.net-gifmaker-1.gif",
      "resourceTypes": [
        "image"
      ]
    },
    "priority": 101
  },
  {
    "id": 275,
    "action": {
      "type": "block"
    },
    "condition": {
      "urlFilter": "||onlarissa.gr/wp-content/uploads/2018/11/victoria-10.gif",
      "resourceTypes": [
        "image"
      ]
    },
    "priority": 101
  },
  {
    "id": 276,
    "action": {
      "type": "block"
    },
    "condition": {
      "urlFilter": "||onlarissa.gr/wp-content/uploads/2018/12/benneton.jpg",
      "resourceTypes": [
        "image"
      ]
    },
    "priority": 101
  },
  {
    "id": 277,
    "action": {
      "type": "block"
    },
    "condition": {
      "urlFilter": "||onlarissa.gr/wp-content/uploads/2018/12/giannakos-christmas.gif",
      "resourceTypes": [
        "image"
      ]
    },
    "priority": 101
  },
  {
    "id": 278,
    "action": {
      "type": "block"
    },
    "condition": {
      "urlFilter": "||onlarissa.gr/wp-content/uploads/2018/12/giannakos-miltos.gif",
      "resourceTypes": [
        "image"
      ]
    },
    "priority": 101
  },
  {
    "id": 279,
    "action": {
      "type": "block"
    },
    "condition": {
      "urlFilter": "||onlarissa.gr/wp-content/uploads/2018/12/karla-final.gif",
      "resourceTypes": [
        "image"
      ]
    },
    "priority": 101
  },
  {
    "id": 280,
    "action": {
      "type": "block"
    },
    "condition": {
      "urlFilter": "||onlarissa.gr/wp-content/uploads/2018/12/ktimatografisi.jpg",
      "resourceTypes": [
        "image"
      ]
    },
    "priority": 101
  },
  {
    "id": 281,
    "action": {
      "type": "block"
    },
    "condition": {
      "urlFilter": "||onlarissa.gr/wp-content/uploads/2019/01/leroy.gif",
      "resourceTypes": [
        "image"
      ]
    },
    "priority": 101
  },
  {
    "id": 282,
    "action": {
      "type": "block"
    },
    "condition": {
      "urlFilter": "||onlinedelivery.gr/banners/"
    },
    "priority": 1
  },
  {
    "id": 283,
    "action": {
      "type": "block"
    },
    "condition": {
      "urlFilter": "||onsports.gr/media/com_skins/"
    },
    "priority": 1
  },
  {
    "id": 284,
    "action": {
      "type": "block"
    },
    "condition": {
      "urlFilter": "||ough.gr/uploads/skins/skin_ough_gapyear-01.jpg"
    },
    "priority": 1
  },
  {
    "id": 285,
    "action": {
      "type": "block"
    },
    "condition": {
      "urlFilter": "||paokmania.gr/images/banner_"
    },
    "priority": 1
  },
  {
    "id": 286,
    "action": {
      "type": "block"
    },
    "condition": {
      "urlFilter": "||paokmania.gr/images/banners/"
    },
    "priority": 1
  },
  {
    "id": 287,
    "action": {
      "type": "block"
    },
    "condition": {
      "urlFilter": "||paokmania.gr/images/stories/"
    },
    "priority": 1
  },
  {
    "id": 288,
    "action": {
      "type": "block"
    },
    "condition": {
      "urlFilter": "||paparazzigr.tv/diafimistika/"
    },
    "priority": 1
  },
  {
    "id": 289,
    "action": {
      "type": "block"
    },
    "condition": {
      "urlFilter": "||parallaximag.gr/wp-content/uploads/bebarkitcen.jpg"
    },
    "priority": 1
  },
  {
    "id": 290,
    "action": {
      "type": "block"
    },
    "condition": {
      "urlFilter": "||parapolitika.gr/portals/0/banners/"
    },
    "priority": 1
  },
  {
    "id": 291,
    "action": {
      "type": "block"
    },
    "condition": {
      "urlFilter": "||parianostypos.gr/images/banners/",
      "resourceTypes": [
        "image"
      ]
    },
    "priority": 101
  },
  {
    "id": 292,
    "action": {
      "type": "block"
    },
    "condition": {
      "urlFilter": "||parianostypos.gr/*/diafimissi/",
      "resourceTypes": [
        "image"
      ]
    },
    "priority": 101
  },
  {
    "id": 293,
    "action": {
      "type": "block"
    },
    "condition": {
      "urlFilter": "||partypartners.com/images/marketing-materials/partycasino/greek/"
    },
    "priority": 1
  },
  {
    "id": 294,
    "action": {
      "type": "block"
    },
    "condition": {
      "urlFilter": "||plaisio.gr/bannerimages/0910/"
    },
    "priority": 1
  },
  {
    "id": 295,
    "action": {
      "type": "block"
    },
    "condition": {
      "urlFilter": "||politis-news.com/banners/"
    },
    "priority": 1
  },
  {
    "id": 296,
    "action": {
      "type": "block"
    },
    "condition": {
      "urlFilter": "||prasini.gr/images/stories/banners/"
    },
    "priority": 1
  },
  {
    "id": 297,
    "action": {
      "type": "block"
    },
    "condition": {
      "urlFilter": "||prismanews.gr/images/banners/"
    },
    "priority": 1
  },
  {
    "id": 298,
    "action": {
      "type": "block"
    },
    "condition": {
      "urlFilter": "||protagon.gr/resources/campaigns/"
    },
    "priority": 1
  },
  {
    "id": 299,
    "action": {
      "type": "block"
    },
    "condition": {
      "urlFilter": "||protagon.gr/wp-content/uploads/2018/11/opap-new_generic_3_174px-protagon-1.jpg",
      "resourceTypes": [
        "image"
      ]
    },
    "priority": 101
  },
  {
    "id": 300,
    "action": {
      "type": "block"
    },
    "condition": {
      "urlFilter": "||protothema.gr/hyperads/"
    },
    "priority": 1
  },
  {
    "id": 301,
    "action": {
      "type": "block"
    },
    "condition": {
      "urlFilter": "||protothema.gr/files/1/*/skin"
    },
    "priority": 1
  },
  {
    "id": 302,
    "action": {
      "type": "block"
    },
    "condition": {
      "urlFilter": "||protothema.gr/files/1/2012/11/12/anytime"
    },
    "priority": 1
  },
  {
    "id": 303,
    "action": {
      "type": "block"
    },
    "condition": {
      "urlFilter": "||protothema.gr/files/1/2013/08/09/"
    },
    "priority": 1
  },
  {
    "id": 304,
    "action": {
      "type": "block"
    },
    "condition": {
      "urlFilter": "||protothema.gr/files/1/bg-banners/"
    },
    "priority": 1
  },
  {
    "id": 305,
    "action": {
      "type": "block"
    },
    "condition": {
      "urlFilter": "||queen.gr/media/com_news/ads/",
      "resourceTypes": [
        "image"
      ]
    },
    "priority": 101
  },
  {
    "id": 306,
    "action": {
      "type": "block"
    },
    "condition": {
      "urlFilter": "||queen.gr/media/com_skins/skins/"
    },
    "priority": 1
  },
  {
    "id": 307,
    "action": {
      "type": "block"
    },
    "condition": {
      "urlFilter": "||real.gr/files/advbanners/"
    },
    "priority": 1
  },
  {
    "id": 308,
    "action": {
      "type": "block"
    },
    "condition": {
      "urlFilter": "||real.gr/bannersexternal.aspx"
    },
    "priority": 1
  },
  {
    "id": 309,
    "action": {
      "type": "block"
    },
    "condition": {
      "urlFilter": "||real.gr/files/skins/"
    },
    "priority": 1
  },
  {
    "id": 310,
    "action": {
      "type": "block"
    },
    "condition": {
      "urlFilter": "||real.gr/files/banners/"
    },
    "priority": 1
  },
  {
    "id": 311,
    "action": {
      "type": "block"
    },
    "condition": {
      "urlFilter": "||realestatenews.gr/images/stories/1theloakinita5.gif",
      "resourceTypes": [
        "image"
      ]
    },
    "priority": 101
  },
  {
    "id": 312,
    "action": {
      "type": "block"
    },
    "condition": {
      "urlFilter": "||realestatenews.gr/images/stories/250px.gif",
      "resourceTypes": [
        "image"
      ]
    },
    "priority": 101
  },
  {
    "id": 313,
    "action": {
      "type": "block"
    },
    "condition": {
      "urlFilter": "||realestatenews.gr/images/stories/banner-red.swf",
      "resourceTypes": [
        "object"
      ]
    },
    "priority": 101
  },
  {
    "id": 314,
    "action": {
      "type": "block"
    },
    "condition": {
      "urlFilter": "||realestatenews.gr/images/stories/baner-pontiki.gif",
      "resourceTypes": [
        "image"
      ]
    },
    "priority": 101
  },
  {
    "id": 315,
    "action": {
      "type": "block"
    },
    "condition": {
      "urlFilter": "||realestatenews.gr/images/stories/img-trap.jpg",
      "resourceTypes": [
        "image"
      ]
    },
    "priority": 101
  },
  {
    "id": 316,
    "action": {
      "type": "block"
    },
    "condition": {
      "urlFilter": "||realestatenews.gr/images/stories/logo-sygkatoikos-ren-a.gif",
      "resourceTypes": [
        "image"
      ]
    },
    "priority": 101
  },
  {
    "id": 317,
    "action": {
      "type": "block"
    },
    "condition": {
      "urlFilter": "||realestatenews.gr/images/stories/nomisma_140x60.gif",
      "resourceTypes": [
        "image"
      ]
    },
    "priority": 101
  },
  {
    "id": 318,
    "action": {
      "type": "block"
    },
    "condition": {
      "urlFilter": "||realestatenews.gr/images/stories/para_250x300.gif",
      "resourceTypes": [
        "image"
      ]
    },
    "priority": 101
  },
  {
    "id": 319,
    "action": {
      "type": "block"
    },
    "condition": {
      "urlFilter": "||realestatenews.gr/images/stories/pomidaani.gif",
      "resourceTypes": [
        "image"
      ]
    },
    "priority": 101
  },
  {
    "id": 320,
    "action": {
      "type": "block"
    },
    "condition": {
      "urlFilter": "||resources.sport-fm.gr/sportfm/banners/"
    },
    "priority": 1
  },
  {
    "id": 321,
    "action": {
      "type": "block"
    },
    "condition": {
      "urlFilter": "||resources.sport-fm.gr/supersportfm/images/layout/campaigns/"
    },
    "priority": 1
  },
  {
    "id": 322,
    "action": {
      "type": "block"
    },
    "condition": {
      "urlFilter": "||roumlouki.gr/images/banners/"
    },
    "priority": 1
  },
  {
    "id": 323,
    "action": {
      "type": "block"
    },
    "condition": {
      "urlFilter": "||roumlouki.gr/images/roumlouki_banners/"
    },
    "priority": 1
  },
  {
    "id": 324,
    "action": {
      "type": "block"
    },
    "condition": {
      "urlFilter": "||runningnews.gr/bimages/"
    },
    "priority": 1
  },
  {
    "id": 325,
    "action": {
      "type": "block"
    },
    "condition": {
      "urlFilter": "||s3.amazonaws.com/bulkimages/2011/skins/newsit-11888-bg.jpg"
    },
    "priority": 1
  },
  {
    "id": 326,
    "action": {
      "type": "block"
    },
    "condition": {
      "urlFilter": "||s3.amazonaws.com/bulkimages/2012/newsit/opap_skin_newsit.jpg"
    },
    "priority": 1
  },
  {
    "id": 327,
    "action": {
      "type": "block"
    },
    "condition": {
      "urlFilter": "||scdn.gr/images/helmet/promo_material/"
    },
    "priority": 1
  },
  {
    "id": 328,
    "action": {
      "type": "block"
    },
    "condition": {
      "urlFilter": "||scdn.gr/images/yogurt/dressings/forthnet/"
    },
    "priority": 1
  },
  {
    "id": 329,
    "action": {
      "type": "block"
    },
    "condition": {
      "urlFilter": "||secnews.gr/wp-content/uploads/2014/11/digitalbrains.png"
    },
    "priority": 1
  },
  {
    "id": 330,
    "action": {
      "type": "block"
    },
    "condition": {
      "urlFilter": "||secnews.gr/wp-content/uploads/2014/11/isoqar.png"
    },
    "priority": 1
  },
  {
    "id": 331,
    "action": {
      "type": "block"
    },
    "condition": {
      "urlFilter": "||secnews.gr/wp-content/uploads/2015/05/cyberkid1.jpg"
    },
    "priority": 1
  },
  {
    "id": 332,
    "action": {
      "type": "block"
    },
    "condition": {
      "urlFilter": "||secnews.gr/wp-content/uploads/2015/05/host1plusbanner2.jpg"
    },
    "priority": 1
  },
  {
    "id": 333,
    "action": {
      "type": "block"
    },
    "condition": {
      "urlFilter": "||secnews.gr/wp-content/uploads/2015/05/papei1.png"
    },
    "priority": 1
  },
  {
    "id": 334,
    "action": {
      "type": "block"
    },
    "condition": {
      "urlFilter": "||seleo.gr/images/stories/diafimisi/"
    },
    "priority": 1
  },
  {
    "id": 335,
    "action": {
      "type": "block"
    },
    "condition": {
      "urlFilter": "||seleo.gr/images/stories/mast/"
    },
    "priority": 1
  },
  {
    "id": 336,
    "action": {
      "type": "block"
    },
    "condition": {
      "urlFilter": "||seri.gr/sites/default/iframes/"
    },
    "priority": 1
  },
  {
    "id": 337,
    "action": {
      "type": "block"
    },
    "condition": {
      "urlFilter": "||skai.gr/themes/1/default/media/layout_renault/"
    },
    "priority": 1
  },
  {
    "id": 338,
    "action": {
      "type": "block"
    },
    "condition": {
      "urlFilter": "||skai.gr/themes/1/default/media/skins/ethiniki-trapeza"
    },
    "priority": 1
  },
  {
    "id": 339,
    "action": {
      "type": "block"
    },
    "condition": {
      "urlFilter": "||skai.gr/themes/1/default/media/skins/kri-kri"
    },
    "priority": 1
  },
  {
    "id": 340,
    "action": {
      "type": "block"
    },
    "condition": {
      "urlFilter": "||skai.gr/themes/1/default/media/skins/samsung"
    },
    "priority": 1
  },
  {
    "id": 341,
    "action": {
      "type": "block"
    },
    "condition": {
      "urlFilter": "||skai.gr/wp-content/themes/vantage/images/*skin"
    },
    "priority": 1
  },
  {
    "id": 342,
    "action": {
      "type": "block"
    },
    "condition": {
      "urlFilter": "||skroutz.gr/images/helmet/promo/"
    },
    "priority": 1
  },
  {
    "id": 343,
    "action": {
      "type": "block"
    },
    "condition": {
      "urlFilter": "||skroutz.gr/images/yogurt/dressings/wind/"
    },
    "priority": 1
  },
  {
    "id": 344,
    "action": {
      "type": "block"
    },
    "condition": {
      "urlFilter": "||smart-ads.gr/adtextlinks"
    },
    "priority": 1
  },
  {
    "id": 345,
    "action": {
      "type": "block"
    },
    "condition": {
      "urlFilter": "||sofokleousin.gr/files/banners/*.jpg"
    },
    "priority": 1
  },
  {
    "id": 346,
    "action": {
      "type": "block"
    },
    "condition": {
      "urlFilter": "||sport-fm.gr/resrc/images/layout/campaigns/eshop/"
    },
    "priority": 1
  },
  {
    "id": 347,
    "action": {
      "type": "block"
    },
    "condition": {
      "urlFilter": "||sport-fm.gr/resrc/images/layout/campaigns/europa/"
    },
    "priority": 1
  },
  {
    "id": 348,
    "action": {
      "type": "block"
    },
    "condition": {
      "urlFilter": "||sport-fm.gr/resrc/campaigns/windone/"
    },
    "priority": 1
  },
  {
    "id": 349,
    "action": {
      "type": "block"
    },
    "condition": {
      "urlFilter": "||sport-fm.gr/resrc/campaigns_v2/"
    },
    "priority": 1
  },
  {
    "id": 350,
    "action": {
      "type": "block"
    },
    "condition": {
      "urlFilter": "||sport-fm.gr/resrc/images/custombanners/novi_438x75_paysafe.jpg"
    },
    "priority": 1
  },
  {
    "id": 351,
    "action": {
      "type": "block"
    },
    "condition": {
      "urlFilter": "||sport103.gr/images/banners/"
    },
    "priority": 1
  },
  {
    "id": 352,
    "action": {
      "type": "block"
    },
    "condition": {
      "urlFilter": "||sport24.gr/ast/ads/fil/"
    },
    "priority": 1
  },
  {
    "id": 353,
    "action": {
      "type": "block"
    },
    "condition": {
      "urlFilter": "||sport24.gr/genika/article1951216.ece/binary/original/mc_tab.png"
    },
    "priority": 1
  },
  {
    "id": 354,
    "action": {
      "type": "block"
    },
    "condition": {
      "urlFilter": "||sport24.gr/incoming/article778267.ece/binary/"
    },
    "priority": 1
  },
  {
    "id": 355,
    "action": {
      "type": "block"
    },
    "condition": {
      "urlFilter": "||sport24.gr/incoming/article854008.ece/binary/original"
    },
    "priority": 1
  },
  {
    "id": 356,
    "action": {
      "type": "block"
    },
    "condition": {
      "urlFilter": "||sport24.gr/multimedia/*/stoiximan*.jpg"
    },
    "priority": 1
  },
  {
    "id": 357,
    "action": {
      "type": "block"
    },
    "condition": {
      "urlFilter": "||sport24.gr/multimedia/*/stoiximan*.png"
    },
    "priority": 1
  },
  {
    "id": 358,
    "action": {
      "type": "block"
    },
    "condition": {
      "urlFilter": "||sport24.gr/img/app/9018330/0/o/0/0/matchcenter_stoiximan_desk.png",
      "resourceTypes": [
        "image"
      ]
    },
    "priority": 101
  },
  {
    "id": 359,
    "action": {
      "type": "block"
    },
    "condition": {
      "urlFilter": "||sportsioannina.gr/images/stories/ads/"
    },
    "priority": 1
  },
  {
    "id": 360,
    "action": {
      "type": "block"
    },
    "condition": {
      "urlFilter": "||sportygossip.com/sites/all/themes/athensbars/images/bg/"
    },
    "priority": 1
  },
  {
    "id": 361,
    "action": {
      "type": "block"
    },
    "condition": {
      "urlFilter": "||star-tv.gr/assets/media/swf/"
    },
    "priority": 1
  },
  {
    "id": 362,
    "action": {
      "type": "block"
    },
    "condition": {
      "urlFilter": "||static.24media.gr/dealin/"
    },
    "priority": 1
  },
  {
    "id": 363,
    "action": {
      "type": "block"
    },
    "condition": {
      "urlFilter": "||static.24media.gr/interstitials/betoto/"
    },
    "priority": 1
  },
  {
    "id": 364,
    "action": {
      "type": "block"
    },
    "condition": {
      "urlFilter": "||static.24media.gr/push_down/bwin/"
    },
    "priority": 1
  },
  {
    "id": 365,
    "action": {
      "type": "block"
    },
    "condition": {
      "urlFilter": "||static.crete2day.com/files/banners/*/*.gif",
      "resourceTypes": [
        "image"
      ]
    },
    "priority": 101
  },
  {
    "id": 366,
    "action": {
      "type": "block"
    },
    "condition": {
      "urlFilter": "||static.crete2day.com/files/banners/*.jpg",
      "resourceTypes": [
        "image"
      ]
    },
    "priority": 101
  },
  {
    "id": 367,
    "action": {
      "type": "block"
    },
    "condition": {
      "urlFilter": "||static.reembed.com/data/logos/"
    },
    "priority": 1
  },
  {
    "id": 368,
    "action": {
      "type": "block"
    },
    "condition": {
      "urlFilter": "||static.scar.gr/ads/"
    },
    "priority": 1
  },
  {
    "id": 369,
    "action": {
      "type": "block"
    },
    "condition": {
      "urlFilter": "||static01.aek365.gr/ads/"
    },
    "priority": 1
  },
  {
    "id": 370,
    "action": {
      "type": "block"
    },
    "condition": {
      "urlFilter": "||stercinemas.gr/stercinemas/sterimageslive/banners/right%20banners/emporiki"
    },
    "priority": 1
  },
  {
    "id": 371,
    "action": {
      "type": "block"
    },
    "condition": {
      "urlFilter": "||stercinemas.gr/stercinemas/sterimageslive/nescafe"
    },
    "priority": 1
  },
  {
    "id": 372,
    "action": {
      "type": "block"
    },
    "condition": {
      "urlFilter": "||stokokkino.gr/photos/gsk.jpg"
    },
    "priority": 1
  },
  {
    "id": 373,
    "action": {
      "type": "block"
    },
    "condition": {
      "urlFilter": "||subs4free.com/js/wh4_s4f_p2.js"
    },
    "priority": 1
  },
  {
    "id": 374,
    "action": {
      "type": "block"
    },
    "condition": {
      "urlFilter": "||tech.in.gr/themes/1/default/media/technology/skin/htc_left.jpg^"
    },
    "priority": 1
  },
  {
    "id": 375,
    "action": {
      "type": "block"
    },
    "condition": {
      "urlFilter": "||tech.in.gr/themes/1/default/media/technology/skin/htc_right.jpg^"
    },
    "priority": 1
  },
  {
    "id": 376,
    "action": {
      "type": "block"
    },
    "condition": {
      "urlFilter": "||tech.in.gr/themes/1/default/media/technology/htc-1280grey.jpg^"
    },
    "priority": 1
  },
  {
    "id": 377,
    "action": {
      "type": "block"
    },
    "condition": {
      "urlFilter": "||thepressproject.gr/ad/"
    },
    "priority": 1
  },
  {
    "id": 378,
    "action": {
      "type": "block"
    },
    "condition": {
      "urlFilter": "||tlife.gr/flash/banners/"
    },
    "priority": 1
  },
  {
    "id": 379,
    "action": {
      "type": "block"
    },
    "condition": {
      "urlFilter": "||tovima.gr/themes/1/default/media/home/pireos.jpg"
    },
    "priority": 1
  },
  {
    "id": 380,
    "action": {
      "type": "block"
    },
    "condition": {
      "urlFilter": "||travelstyle.gr/portal/files/banners/",
      "resourceTypes": [
        "image"
      ]
    },
    "priority": 101
  },
  {
    "id": 381,
    "action": {
      "type": "block"
    },
    "condition": {
      "urlFilter": "||tuned.gr/images/stories/leo/vlas_toolbar.jpg"
    },
    "priority": 1
  },
  {
    "id": 382,
    "action": {
      "type": "block"
    },
    "condition": {
      "urlFilter": "||tvcreta.gr/upload_images/banners/"
    },
    "priority": 1
  },
  {
    "id": 383,
    "action": {
      "type": "block"
    },
    "condition": {
      "urlFilter": "||unboxholics.com/images/banners/egalaxy/e-galaxynew.jpg"
    },
    "priority": 1
  },
  {
    "id": 384,
    "action": {
      "type": "block"
    },
    "condition": {
      "urlFilter": "||unboxholics.com/images/banners/inspot/inspot_banner.jpg"
    },
    "priority": 1
  },
  {
    "id": 385,
    "action": {
      "type": "block"
    },
    "condition": {
      "urlFilter": "||unibet-cdn.com^",
      "initiatorDomains": [
        "contra.gr"
      ]
    },
    "priority": 201
  },
  {
    "id": 386,
    "action": {
      "type": "block"
    },
    "condition": {
      "urlFilter": "||usay.gr/hyperads/"
    },
    "priority": 1
  },
  {
    "id": 387,
    "action": {
      "type": "block"
    },
    "condition": {
      "urlFilter": "||vidata.gr/files/plugins/longtailvideo/v5a/r6/vidads.swf"
    },
    "priority": 1
  },
  {
    "id": 388,
    "action": {
      "type": "block"
    },
    "condition": {
      "urlFilter": "||videos.stifora.gr/banners/"
    },
    "priority": 1
  },
  {
    "id": 389,
    "action": {
      "type": "block"
    },
    "condition": {
      "urlFilter": "||villagecinemas.gr/media/banners/"
    },
    "priority": 1
  },
  {
    "id": 390,
    "action": {
      "type": "block"
    },
    "condition": {
      "urlFilter": "||vrisko.gr/logos/public/tromaktiko/3-300x250.swf^"
    },
    "priority": 1
  },
  {
    "id": 391,
    "action": {
      "type": "block"
    },
    "condition": {
      "urlFilter": "||wagershare.com/affiliate_media/flashbanners/"
    },
    "priority": 1
  },
  {
    "id": 392,
    "action": {
      "type": "block"
    },
    "condition": {
      "urlFilter": "||widgets.nova.gr/nownext_compact/el/"
    },
    "priority": 1
  },
  {
    "id": 393,
    "action": {
      "type": "block"
    },
    "condition": {
      "urlFilter": "||wigetmedia.com/tags/"
    },
    "priority": 1
  },
  {
    "id": 394,
    "action": {
      "type": "block"
    },
    "condition": {
      "urlFilter": "||wk.kathimerini.gr/webadmin/woman/gifsxor/"
    },
    "priority": 1
  },
  {
    "id": 395,
    "action": {
      "type": "block"
    },
    "condition": {
      "urlFilter": "||www.anew.gr/admin/baners/"
    },
    "priority": 1
  },
  {
    "id": 396,
    "action": {
      "type": "block"
    },
    "condition": {
      "urlFilter": "||www.candiadoc.gr/banners/"
    },
    "priority": 1
  },
  {
    "id": 397,
    "action": {
      "type": "block"
    },
    "condition": {
      "urlFilter": "||www.creteplus.gr/assets/bnrs/"
    },
    "priority": 1
  },
  {
    "id": 398,
    "action": {
      "type": "block"
    },
    "condition": {
      "urlFilter": "||www.diaforetiko.gr/wp-content/uploads/2015/03/droidbanner3.gif"
    },
    "priority": 1
  },
  {
    "id": 399,
    "action": {
      "type": "block"
    },
    "condition": {
      "urlFilter": "||www.e-evros.gr/banners/*.gif",
      "resourceTypes": [
        "image"
      ]
    },
    "priority": 101
  },
  {
    "id": 400,
    "action": {
      "type": "block"
    },
    "condition": {
      "urlFilter": "||www.e-food.gr/site-assets/img/coca/",
      "resourceTypes": [
        "image"
      ]
    },
    "priority": 101
  },
  {
    "id": 401,
    "action": {
      "type": "block"
    },
    "condition": {
      "urlFilter": "||www.neakriti.gr/bannersexternal.aspx?bid="
    },
    "priority": 1
  },
  {
    "id": 402,
    "action": {
      "type": "block"
    },
    "condition": {
      "urlFilter": "||www.sportkit.gr/widget.aspx"
    },
    "priority": 1
  },
  {
    "id": 403,
    "action": {
      "type": "block"
    },
    "condition": {
      "urlFilter": "||www.taxheaven.gr/public/banners/",
      "resourceTypes": [
        "image"
      ]
    },
    "priority": 101
  },
  {
    "id": 404,
    "action": {
      "type": "block"
    },
    "condition": {
      "urlFilter": "||www.taxheaven.gr/public/banners/",
      "resourceTypes": [
        "object"
      ]
    },
    "priority": 101
  },
  {
    "id": 405,
    "action": {
      "type": "block"
    },
    "condition": {
      "urlFilter": "||www.thelosouvlakia.gr/cms/uploads/ad/"
    },
    "priority": 1
  },
  {
    "id": 406,
    "action": {
      "type": "block"
    },
    "condition": {
      "urlFilter": "||www.triakilakodika.gr/images/teamworkpm650.png"
    },
    "priority": 1
  },
  {
    "id": 407,
    "action": {
      "type": "block"
    },
    "condition": {
      "urlFilter": "||www.trinews.gr/runimg/2016_04_saucony.gif",
      "resourceTypes": [
        "image"
      ]
    },
    "priority": 101
  },
  {
    "id": 408,
    "action": {
      "type": "block"
    },
    "condition": {
      "urlFilter": "||www.trinews.gr/runimg/2016_05_ethicsports_150x300.gif",
      "resourceTypes": [
        "image"
      ]
    },
    "priority": 101
  },
  {
    "id": 409,
    "action": {
      "type": "block"
    },
    "condition": {
      "urlFilter": "||www.trinews.gr/runimg/2016_07_intersport-summersales_150x300.gif",
      "resourceTypes": [
        "image"
      ]
    },
    "priority": 101
  },
  {
    "id": 410,
    "action": {
      "type": "block"
    },
    "condition": {
      "urlFilter": "||xe.gr/professionalservices/banners/"
    },
    "priority": 1
  },
  {
    "id": 411,
    "action": {
      "type": "block"
    },
    "condition": {
      "urlFilter": "||yupiii.gr/banners/bg/"
    },
    "priority": 1
  },
  {
    "id": 412,
    "action": {
      "type": "block"
    },
    "condition": {
      "urlFilter": "||zougla.gr/hyperads/"
    },
    "priority": 1
  },
  {
    "id": 413,
    "action": {
      "type": "block"
    },
    "condition": {
      "urlFilter": "||zougla.gr/uploads/thomas/travel_city_banner"
    },
    "priority": 1
  },
  {
    "id": 414,
    "action": {
      "type": "block"
    },
    "condition": {
      "urlFilter": "||zougla.gr/uploads/banners/"
    },
    "priority": 1
  },
  {
    "id": 415,
    "action": {
      "type": "block"
    },
    "condition": {
      "urlFilter": "||ad.gr.doubleclick.net^"
    },
    "priority": 1
  },
  {
    "id": 416,
    "action": {
      "type": "block"
    },
    "condition": {
      "urlFilter": "||ad2.linkwise.gr^"
    },
    "priority": 1
  },
  {
    "id": 417,
    "action": {
      "type": "block"
    },
    "condition": {
      "urlFilter": "||adman.kathimerini.gr^"
    },
    "priority": 1
  },
  {
    "id": 418,
    "action": {
      "type": "block"
    },
    "condition": {
      "urlFilter": "||adman.otenet.gr^"
    },
    "priority": 1
  },
  {
    "id": 419,
    "action": {
      "type": "block"
    },
    "condition": {
      "urlFilter": "||ads.24media.gr^"
    },
    "priority": 1
  },
  {
    "id": 420,
    "action": {
      "type": "block"
    },
    "condition": {
      "urlFilter": "||ads.naftemporiki.gr^"
    },
    "priority": 1
  },
  {
    "id": 421,
    "action": {
      "type": "block"
    },
    "condition": {
      "urlFilter": "||adserver.linkwise.gr^"
    },
    "priority": 1
  },
  {
    "id": 422,
    "action": {
      "type": "block"
    },
    "condition": {
      "urlFilter": "||adstorebluebird.cy^",
      "domainType": "thirdParty"
    },
    "priority": 2
  },
  {
    "id": 423,
    "action": {
      "type": "block"
    },
    "condition": {
      "urlFilter": "||adwebone.com^",
      "domainType": "thirdParty"
    },
    "priority": 2
  },
  {
    "id": 424,
    "action": {
      "type": "block"
    },
    "condition": {
      "urlFilter": "||affiliate.linkwise.gr^"
    },
    "priority": 1
  },
  {
    "id": 425,
    "action": {
      "type": "block"
    },
    "condition": {
      "urlFilter": "||banners.dol.gr^"
    },
    "priority": 1
  },
  {
    "id": 426,
    "action": {
      "type": "block"
    },
    "condition": {
      "urlFilter": "||bold.adman.gr^"
    },
    "priority": 1
  },
  {
    "id": 427,
    "action": {
      "type": "block"
    },
    "condition": {
      "urlFilter": "||cdn.orangeclickmedia.com^"
    },
    "priority": 1
  },
  {
    "id": 428,
    "action": {
      "type": "block"
    },
    "condition": {
      "urlFilter": "||clickbanner.gr^"
    },
    "priority": 1
  },
  {
    "id": 429,
    "action": {
      "type": "block"
    },
    "condition": {
      "urlFilter": "||d.agkn.com^"
    },
    "priority": 1
  },
  {
    "id": 430,
    "action": {
      "type": "block"
    },
    "condition": {
      "urlFilter": "||el.williamhillcasino.com^"
    },
    "priority": 1
  },
  {
    "id": 431,
    "action": {
      "type": "block"
    },
    "condition": {
      "urlFilter": "||gazzetta.adman.gr^"
    },
    "priority": 1
  },
  {
    "id": 432,
    "action": {
      "type": "block"
    },
    "condition": {
      "urlFilter": "||gpoint.gpoint.com.gr^"
    },
    "priority": 1
  },
  {
    "id": 433,
    "action": {
      "type": "block"
    },
    "condition": {
      "urlFilter": "||gr.partypoker.com^"
    },
    "priority": 1
  },
  {
    "id": 434,
    "action": {
      "type": "block"
    },
    "condition": {
      "urlFilter": "||madinad.com^",
      "domainType": "thirdParty"
    },
    "priority": 2
  },
  {
    "id": 435,
    "action": {
      "type": "block"
    },
    "condition": {
      "urlFilter": "||media.mybet.com^"
    },
    "priority": 1
  },
  {
    "id": 436,
    "action": {
      "type": "block"
    },
    "condition": {
      "urlFilter": "||obj.adman.gr^"
    },
    "priority": 1
  },
  {
    "id": 437,
    "action": {
      "type": "block"
    },
    "condition": {
      "urlFilter": "||phaistos-ssp.adman.gr^"
    },
    "priority": 1
  },
  {
    "id": 438,
    "action": {
      "type": "block"
    },
    "condition": {
      "urlFilter": "||scripts.bestprice.gr^"
    },
    "priority": 1
  },
  {
    "id": 439,
    "action": {
      "type": "block"
    },
    "condition": {
      "urlFilter": "||serve.ads.gr^"
    },
    "priority": 1
  },
  {
    "id": 440,
    "action": {
      "type": "block"
    },
    "condition": {
      "urlFilter": "||smartadserver.com^"
    },
    "priority": 1
  },
  {
    "id": 441,
    "action": {
      "type": "block"
    },
    "condition": {
      "urlFilter": "||static.adman.gr^"
    },
    "priority": 1
  },
  {
    "id": 442,
    "action": {
      "type": "block"
    },
    "condition": {
      "urlFilter": "||vidads.gr^",
      "domainType": "thirdParty"
    },
    "priority": 2
  },
  {
    "id": 443,
    "action": {
      "type": "block"
    },
    "condition": {
      "urlFilter": "goldenconcept.ir^",
      "resourceTypes": [
        "main_frame"
      ]
    },
    "priority": 101
  },
  {
    "id": 444,
    "action": {
      "type": "block"
    },
    "condition": {
      "urlFilter": "indusviva.com^",
      "resourceTypes": [
        "main_frame"
      ]
    },
    "priority": 101
  },
  {
    "id": 445,
    "action": {
      "type": "allow"
    },
    "condition": {
      "urlFilter": "||politis-news.com/banners/entheta/"
    },
    "priority": 100001
  },
  {
    "id": 446,
    "action": {
      "type": "allow"
    },
    "condition": {
      "urlFilter": "||resources.sport-fm.gr/sportfm/newspapers/"
    },
    "priority": 100001
  },
  {
    "id": 447,
    "action": {
      "type": "allow"
    },
    "condition": {
      "urlFilter": "||sport-fm.gr/resrc/images/layout/campaigns/mb2010/bg-bck-block.jpg"
    },
    "priority": 100001
  },
  {
    "id": 448,
    "action": {
      "type": "allow"
    },
    "condition": {
      "urlFilter": "||sport-fm.gr/resrc/images/layout/campaigns/mb2010/bg-fp-block-mb2010.jpg"
    },
    "priority": 100001
  },
  {
    "id": 449,
    "action": {
      "type": "allow"
    },
    "condition": {
      "urlFilter": "||sport-fm.gr/resrc/images/layout/campaigns/mb2010/bg-fp-block__v3.jpg"
    },
    "priority": 100001
  },
  {
    "id": 450,
    "action": {
      "type": "allow"
    },
    "condition": {
      "urlFilter": "||ads.patris.gr/_banners/1421748421.gif"
    },
    "priority": 100001
  },
  {
    "id": 451,
    "action": {
      "type": "allow"
    },
    "condition": {
      "urlFilter": "||athinorama.gr/adv/lmnts/blank.gif"
    },
    "priority": 100001
  },
  {
    "id": 452,
    "action": {
      "type": "allow"
    },
    "condition": {
      "urlFilter": "||athinorama.gr/adv/lmnts/disimata/"
    },
    "priority": 100001
  },
  {
    "id": 453,
    "action": {
      "type": "allow"
    },
    "condition": {
      "urlFilter": "||athinorama.gr/adv/lmnts/earth/*.swf"
    },
    "priority": 100001
  },
  {
    "id": 454,
    "action": {
      "type": "allow"
    },
    "condition": {
      "urlFilter": "||athinorama.gr/adv/lmnts/stegi/*.swf"
    },
    "priority": 100001
  },
  {
    "id": 455,
    "action": {
      "type": "allow"
    },
    "condition": {
      "urlFilter": "||contra.gr/xml/sponsors/pokergr/ilika/"
    },
    "priority": 100001
  },
  {
    "id": 456,
    "action": {
      "type": "allow"
    },
    "condition": {
      "urlFilter": "||megatv.com/*/xml/jw/adverts.asp?"
    },
    "priority": 100001
  },
  {
    "id": 457,
    "action": {
      "type": "allow"
    },
    "condition": {
      "urlFilter": "||skaihd-f.akamaihd.net/z/advert/"
    },
    "priority": 100001
  },
  {
    "id": 458,
    "action": {
      "type": "allow"
    },
    "condition": {
      "urlFilter": "||www.antenna.gr/js/adman-video*.js",
      "initiatorDomains": [
        "www.antenna.gr"
      ],
      "resourceTypes": [
        "script"
      ]
    },
    "priority": 100301
  },
  {
    "id": 459,
    "action": {
      "type": "allow"
    },
    "condition": {
      "urlFilter": "||xe.gr/property/recent_ads?"
    },
    "priority": 100001
  }
]