[
  {
    "id": 1,
    "action": {
      "type": "block"
    },
    "condition": {
      "urlFilter": "/ads/anuncio."
    },
    "priority": 1
  },
  {
    "id": 2,
    "action": {
      "type": "block"
    },
    "condition": {
      "urlFilter": "/ane-conteudo-exclusivo.js"
    },
    "priority": 1
  },
  {
    "id": 3,
    "action": {
      "type": "block"
    },
    "condition": {
      "urlFilter": "-publicidade."
    },
    "priority": 1
  },
  {
    "id": 4,
    "action": {
      "type": "block"
    },
    "condition": {
      "urlFilter": "/publicidade-"
    },
    "priority": 1
  },
  {
    "id": 5,
    "action": {
      "type": "block"
    },
    "condition": {
      "urlFilter": "/publicidade_"
    },
    "priority": 1
  },
  {
    "id": 6,
    "action": {
      "type": "block"
    },
    "condition": {
      "urlFilter": "_publicidade_"
    },
    "priority": 1
  },
  {
    "id": 7,
    "action": {
      "type": "block"
    },
    "condition": {
      "urlFilter": "||adsmaster.dev^"
    },
    "priority": 1
  },
  {
    "id": 8,
    "action": {
      "type": "block"
    },
    "condition": {
      "urlFilter": "||adspublicidades.agency^"
    },
    "priority": 1
  },
  {
    "id": 9,
    "action": {
      "type": "block"
    },
    "condition": {
      "urlFilter": "||igoal-ads.com.br^"
    },
    "priority": 1
  },
  {
    "id": 10,
    "action": {
      "type": "block"
    },
    "condition": {
      "urlFilter": "||lzrikate.com^"
    },
    "priority": 1
  },
  {
    "id": 11,
    "action": {
      "type": "block"
    },
    "condition": {
      "urlFilter": "||n10.xyz^"
    },
    "priority": 1
  },
  {
    "id": 12,
    "action": {
      "type": "block"
    },
    "condition": {
      "urlFilter": "||nsmedia-advertising.com^"
    },
    "priority": 1
  },
  {
    "id": 13,
    "action": {
      "type": "block"
    },
    "condition": {
      "urlFilter": "||nsn-azert.xyz^"
    },
    "priority": 1
  },
  {
    "id": 14,
    "action": {
      "type": "block"
    },
    "condition": {
      "urlFilter": "||nsn-server.xyz^"
    },
    "priority": 1
  },
  {
    "id": 15,
    "action": {
      "type": "block"
    },
    "condition": {
      "urlFilter": "||solution-solutions.com^"
    },
    "priority": 1
  },
  {
    "id": 16,
    "action": {
      "type": "block"
    },
    "condition": {
      "urlFilter": "||tech-solution-blog.com^"
    },
    "priority": 1
  },
  {
    "id": 17,
    "action": {
      "type": "block"
    },
    "condition": {
      "urlFilter": "||tradertimerz.media^"
    },
    "priority": 1
  },
  {
    "id": 18,
    "action": {
      "type": "block"
    },
    "condition": {
      "urlFilter": "||admasters.media^",
      "domainType": "thirdParty"
    },
    "priority": 2
  },
  {
    "id": 19,
    "action": {
      "type": "block"
    },
    "condition": {
      "urlFilter": "||adsblue.net^",
      "domainType": "thirdParty"
    },
    "priority": 2
  },
  {
    "id": 20,
    "action": {
      "type": "block"
    },
    "condition": {
      "urlFilter": "||adseleto.com^",
      "domainType": "thirdParty"
    },
    "priority": 2
  },
  {
    "id": 21,
    "action": {
      "type": "block"
    },
    "condition": {
      "urlFilter": "||adzep.com.br^",
      "domainType": "thirdParty"
    },
    "priority": 2
  },
  {
    "id": 22,
    "action": {
      "type": "block"
    },
    "condition": {
      "urlFilter": "||cazamba.com^",
      "domainType": "thirdParty"
    },
    "priority": 2
  },
  {
    "id": 23,
    "action": {
      "type": "block"
    },
    "condition": {
      "urlFilter": "||cuponei.xyz^",
      "domainType": "thirdParty"
    },
    "priority": 2
  },
  {
    "id": 24,
    "action": {
      "type": "block"
    },
    "condition": {
      "urlFilter": "||denakop.com^",
      "domainType": "thirdParty"
    },
    "priority": 2
  },
  {
    "id": 25,
    "action": {
      "type": "block"
    },
    "condition": {
      "urlFilter": "||grumft.com^",
      "domainType": "thirdParty"
    },
    "priority": 2
  },
  {
    "id": 26,
    "action": {
      "type": "block"
    },
    "condition": {
      "urlFilter": "||igaming-service.io^",
      "domainType": "thirdParty"
    },
    "priority": 2
  },
  {
    "id": 27,
    "action": {
      "type": "block"
    },
    "condition": {
      "urlFilter": "||joinads.me^",
      "domainType": "thirdParty"
    },
    "priority": 2
  },
  {
    "id": 28,
    "action": {
      "type": "block"
    },
    "condition": {
      "urlFilter": "||juicebarads.com^",
      "domainType": "thirdParty"
    },
    "priority": 2
  },
  {
    "id": 29,
    "action": {
      "type": "block"
    },
    "condition": {
      "urlFilter": "||nobeta.com.br^",
      "domainType": "thirdParty"
    },
    "priority": 2
  },
  {
    "id": 30,
    "action": {
      "type": "block"
    },
    "condition": {
      "urlFilter": "||premiumads.com.br^",
      "domainType": "thirdParty"
    },
    "priority": 2
  },
  {
    "id": 31,
    "action": {
      "type": "block"
    },
    "condition": {
      "urlFilter": "||r4you.co^",
      "domainType": "thirdParty"
    },
    "priority": 2
  },
  {
    "id": 32,
    "action": {
      "type": "block"
    },
    "condition": {
      "urlFilter": "||simpleads.com.br^",
      "domainType": "thirdParty"
    },
    "priority": 2
  },
  {
    "id": 33,
    "action": {
      "type": "block"
    },
    "condition": {
      "urlFilter": "||solution.coupons^",
      "domainType": "thirdParty"
    },
    "priority": 2
  },
  {
    "id": 34,
    "action": {
      "type": "block"
    },
    "condition": {
      "urlFilter": "||upeex.com.br^",
      "domainType": "thirdParty"
    },
    "priority": 2
  },
  {
    "id": 35,
    "action": {
      "type": "block"
    },
    "condition": {
      "urlFilter": "||anunciad.com.br^",
      "domainType": "thirdParty"
    },
    "priority": 2
  },
  {
    "id": 36,
    "action": {
      "type": "block"
    },
    "condition": {
      "urlFilter": "||busktraffic.com^",
      "domainType": "thirdParty"
    },
    "priority": 2
  },
  {
    "id": 37,
    "action": {
      "type": "block"
    },
    "condition": {
      "urlFilter": "||clickadsxxx.com^",
      "domainType": "thirdParty"
    },
    "priority": 2
  },
  {
    "id": 38,
    "action": {
      "type": "block"
    },
    "condition": {
      "urlFilter": "||dopub.site^"
    },
    "priority": 1
  },
  {
    "id": 39,
    "action": {
      "type": "block"
    },
    "condition": {
      "urlFilter": "||eutesalvo.com^",
      "domainType": "thirdParty"
    },
    "priority": 2
  },
  {
    "id": 40,
    "action": {
      "type": "block"
    },
    "condition": {
      "urlFilter": "||geralinks.com.br^",
      "domainType": "thirdParty"
    },
    "priority": 2
  },
  {
    "id": 41,
    "action": {
      "type": "block"
    },
    "condition": {
      "urlFilter": "||grupoxxx.com^",
      "domainType": "thirdParty"
    },
    "priority": 2
  },
  {
    "id": 42,
    "action": {
      "type": "block"
    },
    "condition": {
      "urlFilter": "||kyotraffic.com^",
      "domainType": "thirdParty"
    },
    "priority": 2
  },
  {
    "id": 43,
    "action": {
      "type": "block"
    },
    "condition": {
      "urlFilter": "||linkgp.com.br^",
      "domainType": "thirdParty"
    },
    "priority": 2
  },
  {
    "id": 44,
    "action": {
      "type": "block"
    },
    "condition": {
      "urlFilter": "||maxfullad.com^",
      "domainType": "thirdParty"
    },
    "priority": 2
  },
  {
    "id": 45,
    "action": {
      "type": "block"
    },
    "condition": {
      "urlFilter": "||webpsts.com^"
    },
    "priority": 1
  },
  {
    "id": 46,
    "action": {
      "type": "block"
    },
    "condition": {
      "urlFilter": "||xpowergel.com^",
      "domainType": "thirdParty"
    },
    "priority": 2
  },
  {
    "id": 47,
    "action": {
      "type": "block"
    },
    "condition": {
      "urlFilter": "||xtraffix.com^",
      "domainType": "thirdParty"
    },
    "priority": 2
  },
  {
    "id": 48,
    "action": {
      "type": "block"
    },
    "condition": {
      "urlFilter": "||ad.lomadee.com^",
      "domainType": "thirdParty"
    },
    "priority": 2
  },
  {
    "id": 49,
    "action": {
      "type": "block"
    },
    "condition": {
      "urlFilter": "||ads-query.luizalabs.com^"
    },
    "priority": 1
  },
  {
    "id": 50,
    "action": {
      "type": "block"
    },
    "condition": {
      "urlFilter": "||azioncdn.net/ads_videos/",
      "initiatorDomains": [
        "letras.mus.br"
      ]
    },
    "priority": 201
  },
  {
    "id": 51,
    "action": {
      "type": "block"
    },
    "condition": {
      "urlFilter": "||aziume.com.br/banner/"
    },
    "priority": 1
  },
  {
    "id": 52,
    "action": {
      "type": "block"
    },
    "condition": {
      "urlFilter": "||cworks.cloud/fileadmin/scripts/r7adcontrol.js",
      "initiatorDomains": [
        "tnh1.com.br"
      ]
    },
    "priority": 201
  },
  {
    "id": 53,
    "action": {
      "type": "block"
    },
    "condition": {
      "urlFilter": "||cworks.cloud/fileadmin/scripts/r7publidesktop.js",
      "initiatorDomains": [
        "tnh1.com.br"
      ]
    },
    "priority": 201
  },
  {
    "id": 54,
    "action": {
      "type": "block"
    },
    "condition": {
      "urlFilter": "||dino.com.br/widget/",
      "domainType": "thirdParty"
    },
    "priority": 2
  },
  {
    "id": 55,
    "action": {
      "type": "block"
    },
    "condition": {
      "urlFilter": "||formulanegocioonline.digital/marca-trafego/",
      "domainType": "thirdParty"
    },
    "priority": 2
  },
  {
    "id": 56,
    "action": {
      "type": "block"
    },
    "condition": {
      "urlFilter": "||go.hotmart.com^",
      "domainType": "thirdParty"
    },
    "priority": 2
  },
  {
    "id": 57,
    "action": {
      "type": "block"
    },
    "condition": {
      "urlFilter": "||iili.io^",
      "initiatorDomains": [
        "politicosdosuldabahia.com.br"
      ]
    },
    "priority": 201
  },
  {
    "id": 58,
    "action": {
      "type": "block"
    },
    "condition": {
      "urlFilter": "||imgur.com^",
      "initiatorDomains": [
        "politicosdosuldabahia.com.br",
        "zonadoguaxinim.com.br"
      ]
    },
    "priority": 151
  },
  {
    "id": 59,
    "action": {
      "type": "block"
    },
    "condition": {
      "urlFilter": "||juniortavares.com/banners/"
    },
    "priority": 1
  },
  {
    "id": 60,
    "action": {
      "type": "block"
    },
    "condition": {
      "urlFilter": "||ljii.github.io^",
      "domainType": "thirdParty"
    },
    "priority": 2
  },
  {
    "id": 61,
    "action": {
      "type": "block"
    },
    "condition": {
      "urlFilter": "||melhorplano.net/plugin-search-broadband-plans?",
      "initiatorDomains": [
        "minhaconexao.com.br"
      ]
    },
    "priority": 201
  },
  {
    "id": 62,
    "action": {
      "type": "block"
    },
    "condition": {
      "urlFilter": "||outbrain.com^",
      "initiatorDomains": [
        "visortmo.com"
      ]
    },
    "priority": 201
  },
  {
    "id": 63,
    "action": {
      "type": "block"
    },
    "condition": {
      "urlFilter": "||piscapisca.pt/i/",
      "domainType": "thirdParty"
    },
    "priority": 2
  },
  {
    "id": 64,
    "action": {
      "type": "block"
    },
    "condition": {
      "urlFilter": "||postimg.cc^",
      "initiatorDomains": [
        "barbacenamais.com.br"
      ]
    },
    "priority": 201
  },
  {
    "id": 65,
    "action": {
      "type": "block"
    },
    "condition": {
      "urlFilter": "||publyads.jstag.space^"
    },
    "priority": 1
  },
  {
    "id": 66,
    "action": {
      "type": "block"
    },
    "condition": {
      "urlFilter": "||pubs.xl.pt^"
    },
    "priority": 1
  },
  {
    "id": 67,
    "action": {
      "type": "block"
    },
    "condition": {
      "urlFilter": "||storehosting.com.br/banner/"
    },
    "priority": 1
  },
  {
    "id": 68,
    "action": {
      "type": "block"
    },
    "condition": {
      "urlFilter": "||sunoresearch.com.br/ads-manager/",
      "domainType": "thirdParty"
    },
    "priority": 2
  },
  {
    "id": 69,
    "action": {
      "type": "block"
    },
    "condition": {
      "urlFilter": "||supercasa.pt/mrec",
      "domainType": "thirdParty"
    },
    "priority": 2
  },
  {
    "id": 70,
    "action": {
      "type": "block"
    },
    "condition": {
      "urlFilter": "||t.co^",
      "initiatorDomains": [
        "souapenasumsitenormal.com"
      ]
    },
    "priority": 201
  },
  {
    "id": 71,
    "action": {
      "type": "block"
    },
    "condition": {
      "urlFilter": "||tediado.com.br/banner/"
    },
    "priority": 1
  },
  {
    "id": 72,
    "action": {
      "type": "block"
    },
    "condition": {
      "urlFilter": "||telco-api.melhorplano.net/api/search/get-recommended-plans/",
      "initiatorDomains": [
        "minhaconexao.com.br"
      ]
    },
    "priority": 201
  },
  {
    "id": 73,
    "action": {
      "type": "block"
    },
    "condition": {
      "urlFilter": "||thingle.io/iframe-content.php",
      "domainType": "thirdParty"
    },
    "priority": 2
  },
  {
    "id": 74,
    "action": {
      "type": "block"
    },
    "condition": {
      "urlFilter": "||upee.online/adsupee.js",
      "domainType": "thirdParty"
    },
    "priority": 2
  },
  {
    "id": 75,
    "action": {
      "type": "block"
    },
    "condition": {
      "urlFilter": "||x2n.com.br/media/",
      "domainType": "thirdParty"
    },
    "priority": 2
  },
  {
    "id": 76,
    "action": {
      "type": "block"
    },
    "condition": {
      "urlFilter": "||cameraprive.com^",
      "domainType": "thirdParty",
      "resourceTypes": [
        "sub_frame"
      ]
    },
    "priority": 102
  },
  {
    "id": 77,
    "action": {
      "type": "block"
    },
    "condition": {
      "urlFilter": "||externo.x-power-gel.com^",
      "domainType": "thirdParty"
    },
    "priority": 2
  },
  {
    "id": 78,
    "action": {
      "type": "block"
    },
    "condition": {
      "urlFilter": "||hqporno.com.br/delivery/"
    },
    "priority": 1
  },
  {
    "id": 79,
    "action": {
      "type": "block"
    },
    "condition": {
      "urlFilter": "||integracao.gofans.com.br^",
      "domainType": "thirdParty"
    },
    "priority": 2
  },
  {
    "id": 80,
    "action": {
      "type": "block"
    },
    "condition": {
      "urlFilter": "||mangayaoi.net/banner/"
    },
    "priority": 1
  },
  {
    "id": 81,
    "action": {
      "type": "block"
    },
    "condition": {
      "urlFilter": "||mundomais.com.br/frames?",
      "domainType": "thirdParty"
    },
    "priority": 2
  },
  {
    "id": 82,
    "action": {
      "type": "block"
    },
    "condition": {
      "urlFilter": "||photoacompanhantes.com/embedfeed/",
      "domainType": "thirdParty"
    },
    "priority": 2
  },
  {
    "id": 83,
    "action": {
      "type": "block"
    },
    "condition": {
      "urlFilter": "||safadacaseira.xyz/ads/"
    },
    "priority": 1
  },
  {
    "id": 84,
    "action": {
      "type": "block"
    },
    "condition": {
      "urlFilter": "||sexshopboys.com/idevaffiliate/",
      "domainType": "thirdParty"
    },
    "priority": 2
  },
  {
    "id": 85,
    "action": {
      "type": "block"
    },
    "condition": {
      "urlFilter": "||xis-videos.blogspot.com^",
      "domainType": "thirdParty"
    },
    "priority": 2
  },
  {
    "id": 86,
    "action": {
      "type": "block"
    },
    "condition": {
      "urlFilter": "||xtubehentai.com/pophqe/"
    },
    "priority": 1
  },
  {
    "id": 87,
    "action": {
      "type": "block"
    },
    "condition": {
      "urlFilter": "||xvideossexo.net/ads/pop.php?"
    },
    "priority": 1
  },
  {
    "id": 88,
    "action": {
      "type": "block"
    },
    "condition": {
      "urlFilter": "||advertising.sexlog.com^",
      "domainType": "thirdParty"
    },
    "priority": 2
  },
  {
    "id": 89,
    "action": {
      "type": "block"
    },
    "condition": {
      "urlFilter": "||avantajadas.com.br/bnr/"
    },
    "priority": 1
  },
  {
    "id": 90,
    "action": {
      "type": "block"
    },
    "condition": {
      "urlFilter": "||camcaps.io/v2/a/na/"
    },
    "priority": 1
  },
  {
    "id": 91,
    "action": {
      "type": "block"
    },
    "condition": {
      "urlFilter": "||camcaps.io/v3/a/pop/"
    },
    "priority": 1
  },
  {
    "id": 92,
    "action": {
      "type": "block"
    },
    "condition": {
      "urlFilter": "||cameracaseira.com/bnrs/"
    },
    "priority": 1
  },
  {
    "id": 93,
    "action": {
      "type": "block"
    },
    "condition": {
      "urlFilter": "||hentaiyaoi.net/nhentaipop/"
    },
    "priority": 1
  },
  {
    "id": 94,
    "action": {
      "type": "block"
    },
    "condition": {
      "urlFilter": "||porno-cdn.com/preroll.js"
    },
    "priority": 1
  },
  {
    "id": 95,
    "action": {
      "type": "block"
    },
    "condition": {
      "urlFilter": "||testedefudelidade.com/bnr_"
    },
    "priority": 1
  },
  {
    "id": 96,
    "action": {
      "type": "block"
    },
    "condition": {
      "urlFilter": "||97news.com.br/hd-imagens/banners/"
    },
    "priority": 1
  },
  {
    "id": 97,
    "action": {
      "type": "block"
    },
    "condition": {
      "urlFilter": "||acheisudoeste.com.br/hd-imagens/banners/"
    },
    "priority": 1
  },
  {
    "id": 98,
    "action": {
      "type": "block"
    },
    "condition": {
      "urlFilter": "||ad.clicrbs.com.br^"
    },
    "priority": 1
  },
  {
    "id": 99,
    "action": {
      "type": "block"
    },
    "condition": {
      "urlFilter": "||adrenaline.com.br/uploads/personalizacao/"
    },
    "priority": 1
  },
  {
    "id": 100,
    "action": {
      "type": "block"
    },
    "condition": {
      "urlFilter": "||adv.r7.com^"
    },
    "priority": 1
  },
  {
    "id": 101,
    "action": {
      "type": "block"
    },
    "condition": {
      "urlFilter": "||advfn.com/sales/br_advfn/"
    },
    "priority": 1
  },
  {
    "id": 102,
    "action": {
      "type": "block"
    },
    "condition": {
      "urlFilter": "||agorasudoeste.com.br/hd-imagens/banners/"
    },
    "priority": 1
  },
  {
    "id": 103,
    "action": {
      "type": "block"
    },
    "condition": {
      "urlFilter": "||aniclube.app/noping/"
    },
    "priority": 1
  },
  {
    "id": 104,
    "action": {
      "type": "block"
    },
    "condition": {
      "urlFilter": "||animeslog.com/noping/"
    },
    "priority": 1
  },
  {
    "id": 105,
    "action": {
      "type": "block"
    },
    "condition": {
      "urlFilter": "||animesonlinebr.net/noping/"
    },
    "priority": 1
  },
  {
    "id": 106,
    "action": {
      "type": "block"
    },
    "condition": {
      "urlFilter": "||animesonlinep.com/noping/"
    },
    "priority": 1
  },
  {
    "id": 107,
    "action": {
      "type": "block"
    },
    "condition": {
      "urlFilter": "||blogbraga.com.br/imagememory/advertisement/"
    },
    "priority": 1
  },
  {
    "id": 108,
    "action": {
      "type": "block"
    },
    "condition": {
      "urlFilter": "||brumadourgente.com.br/hd-imagens/banners/"
    },
    "priority": 1
  },
  {
    "id": 109,
    "action": {
      "type": "block"
    },
    "condition": {
      "urlFilter": "||correiodolago.com.br/site/up/banners/"
    },
    "priority": 1
  },
  {
    "id": 110,
    "action": {
      "type": "block"
    },
    "condition": {
      "urlFilter": "||correiodolago.com.br/site/up/popup/"
    },
    "priority": 1
  },
  {
    "id": 111,
    "action": {
      "type": "block"
    },
    "condition": {
      "urlFilter": "||criptoya.com/banner/"
    },
    "priority": 1
  },
  {
    "id": 112,
    "action": {
      "type": "block"
    },
    "condition": {
      "urlFilter": "||diarioaveiro.pt/api/assets/download/publicities/"
    },
    "priority": 1
  },
  {
    "id": 113,
    "action": {
      "type": "block"
    },
    "condition": {
      "urlFilter": "||diarioaveiro.pt/files/publicity/"
    },
    "priority": 1
  },
  {
    "id": 114,
    "action": {
      "type": "block"
    },
    "condition": {
      "urlFilter": "||diariocoimbra.pt/api/assets/download/publicities/"
    },
    "priority": 1
  },
  {
    "id": 115,
    "action": {
      "type": "block"
    },
    "condition": {
      "urlFilter": "||diariocoimbra.pt/files/publicity/"
    },
    "priority": 1
  },
  {
    "id": 116,
    "action": {
      "type": "block"
    },
    "condition": {
      "urlFilter": "||diarioleiria.pt/api/assets/download/publicities/"
    },
    "priority": 1
  },
  {
    "id": 117,
    "action": {
      "type": "block"
    },
    "condition": {
      "urlFilter": "||diarioleiria.pt/files/publicity/"
    },
    "priority": 1
  },
  {
    "id": 118,
    "action": {
      "type": "block"
    },
    "condition": {
      "urlFilter": "||diarioviseu.pt/api/assets/download/publicities/"
    },
    "priority": 1
  },
  {
    "id": 119,
    "action": {
      "type": "block"
    },
    "condition": {
      "urlFilter": "||diarioviseu.pt/files/publicity/"
    },
    "priority": 1
  },
  {
    "id": 120,
    "action": {
      "type": "block"
    },
    "condition": {
      "urlFilter": "||engeplus.com.br/anuncios/"
    },
    "priority": 1
  },
  {
    "id": 121,
    "action": {
      "type": "block"
    },
    "condition": {
      "urlFilter": "||feiradorolodeconquista.com/banners/"
    },
    "priority": 1
  },
  {
    "id": 122,
    "action": {
      "type": "block"
    },
    "condition": {
      "urlFilter": "||geekpopnews.com.br/mkt/"
    },
    "priority": 1
  },
  {
    "id": 123,
    "action": {
      "type": "block"
    },
    "condition": {
      "urlFilter": "||geralinks.com.br^*/ads/"
    },
    "priority": 1
  },
  {
    "id": 124,
    "action": {
      "type": "block"
    },
    "condition": {
      "urlFilter": "||gp1.com.br/dfp/"
    },
    "priority": 1
  },
  {
    "id": 125,
    "action": {
      "type": "block"
    },
    "condition": {
      "urlFilter": "||guiaoilegas.com.br/sistema/banners/"
    },
    "priority": 1
  },
  {
    "id": 126,
    "action": {
      "type": "block"
    },
    "condition": {
      "urlFilter": "||hojeemdia.com.br/scripts/clever_ads.js"
    },
    "priority": 1
  },
  {
    "id": 127,
    "action": {
      "type": "block"
    },
    "condition": {
      "urlFilter": "||jornaldocomercio.com/imagens/banners/"
    },
    "priority": 1
  },
  {
    "id": 128,
    "action": {
      "type": "block"
    },
    "condition": {
      "urlFilter": "||jornalopoder.com.br/public/storage/arqconteudo/arqsitebanners/"
    },
    "priority": 1
  },
  {
    "id": 129,
    "action": {
      "type": "block"
    },
    "condition": {
      "urlFilter": "||jornalrazao.com/storage/images/ads/"
    },
    "priority": 1
  },
  {
    "id": 130,
    "action": {
      "type": "block"
    },
    "condition": {
      "urlFilter": "||magazineluiza.com.br/sponsored-products-sdk/"
    },
    "priority": 1
  },
  {
    "id": 131,
    "action": {
      "type": "block"
    },
    "condition": {
      "urlFilter": "||megacidade.com/images/anuncios/"
    },
    "priority": 1
  },
  {
    "id": 132,
    "action": {
      "type": "block"
    },
    "condition": {
      "urlFilter": "||naointendo.com.br/banners/"
    },
    "priority": 1
  },
  {
    "id": 133,
    "action": {
      "type": "block"
    },
    "condition": {
      "urlFilter": "||netshoes.com.br/sponsored-products-sdk/"
    },
    "priority": 1
  },
  {
    "id": 134,
    "action": {
      "type": "block"
    },
    "condition": {
      "urlFilter": "||ogol.com.br/img/logos/bookmakers/"
    },
    "priority": 1
  },
  {
    "id": 135,
    "action": {
      "type": "block"
    },
    "condition": {
      "urlFilter": "||ojogo.pt/common/mrec_"
    },
    "priority": 1
  },
  {
    "id": 136,
    "action": {
      "type": "block"
    },
    "condition": {
      "urlFilter": "||portaldoholanda.com.br^*/banners/"
    },
    "priority": 1
  },
  {
    "id": 137,
    "action": {
      "type": "block"
    },
    "condition": {
      "urlFilter": "||portalmorada.com.br/assets/uploads/ads_"
    },
    "priority": 1
  },
  {
    "id": 138,
    "action": {
      "type": "block"
    },
    "condition": {
      "urlFilter": "||portalnacional.com.pt/images/banners/"
    },
    "priority": 1
  },
  {
    "id": 139,
    "action": {
      "type": "block"
    },
    "condition": {
      "urlFilter": "||portuguesecorrector.com/cnc/"
    },
    "priority": 1
  },
  {
    "id": 140,
    "action": {
      "type": "block"
    },
    "condition": {
      "urlFilter": "||redegn.com.br/images/banners/"
    },
    "priority": 1
  },
  {
    "id": 141,
    "action": {
      "type": "block"
    },
    "condition": {
      "urlFilter": "||revive.portosenavios.com.br^"
    },
    "priority": 1
  },
  {
    "id": 142,
    "action": {
      "type": "block"
    },
    "condition": {
      "urlFilter": "||s.mangalivre.net^"
    },
    "priority": 1
  },
  {
    "id": 143,
    "action": {
      "type": "block"
    },
    "condition": {
      "urlFilter": "||sapo.pt/pub/"
    },
    "priority": 1
  },
  {
    "id": 144,
    "action": {
      "type": "block"
    },
    "condition": {
      "urlFilter": "||sinucasinuca.com.br/template/imagens/ads/"
    },
    "priority": 1
  },
  {
    "id": 145,
    "action": {
      "type": "block"
    },
    "condition": {
      "urlFilter": "||statusinvest.com.br/marketing/"
    },
    "priority": 1
  },
  {
    "id": 146,
    "action": {
      "type": "block"
    },
    "condition": {
      "urlFilter": "||superhentai.online/noping/"
    },
    "priority": 1
  },
  {
    "id": 147,
    "action": {
      "type": "block"
    },
    "condition": {
      "urlFilter": "||timnews.com.br/api/v3/ad_unit/"
    },
    "priority": 1
  },
  {
    "id": 148,
    "action": {
      "type": "block"
    },
    "condition": {
      "urlFilter": "||tvhotnews.com.br/img/patrocinadores/"
    },
    "priority": 1
  },
  {
    "id": 149,
    "action": {
      "type": "block"
    },
    "condition": {
      "urlFilter": "||vibemundialfm.com.br/wp-content/uploads/*/anuncio-"
    },
    "priority": 1
  },
  {
    "id": 150,
    "action": {
      "type": "block"
    },
    "condition": {
      "urlFilter": "||visaonoticias.com/images/banner/"
    },
    "priority": 1
  },
  {
    "id": 151,
    "action": {
      "type": "block"
    },
    "condition": {
      "urlFilter": "||xad.dnoticias.pt^"
    },
    "priority": 1
  },
  {
    "id": 152,
    "action": {
      "type": "block"
    },
    "condition": {
      "urlFilter": "||zcp.zwame.pt^"
    },
    "priority": 1
  },
  {
    "id": 153,
    "action": {
      "type": "block"
    },
    "condition": {
      "urlFilter": "||zerozero.pt/images/takeover/"
    },
    "priority": 1
  },
  {
    "id": 154,
    "action": {
      "type": "block"
    },
    "condition": {
      "urlFilter": "||zwame.pt/comparador/"
    },
    "priority": 1
  },
  {
    "id": 155,
    "action": {
      "type": "block"
    },
    "condition": {
      "urlFilter": "||acientistaagricola.pt/wp-content/uploads/*/*banner"
    },
    "priority": 1
  },
  {
    "id": 156,
    "action": {
      "type": "block"
    },
    "condition": {
      "urlFilter": "||acientistaagricola.pt/wp-content/uploads/*/areaagricola-1.png"
    },
    "priority": 1
  },
  {
    "id": 157,
    "action": {
      "type": "block"
    },
    "condition": {
      "urlFilter": "||agoravale.com.br/gcwav/banners/"
    },
    "priority": 1
  },
  {
    "id": 158,
    "action": {
      "type": "block"
    },
    "condition": {
      "urlFilter": "||angonoticias.com/site/assets/uploads/media_pub/"
    },
    "priority": 1
  },
  {
    "id": 159,
    "action": {
      "type": "block"
    },
    "condition": {
      "urlFilter": "||aquiacontece.com.br/_banner/"
    },
    "priority": 1
  },
  {
    "id": 160,
    "action": {
      "type": "block"
    },
    "condition": {
      "urlFilter": "||atelevisao.com/wp-content/themes/*_100x50.gif"
    },
    "priority": 1
  },
  {
    "id": 161,
    "action": {
      "type": "block"
    },
    "condition": {
      "urlFilter": "||atenislisboa.pt/wp-content/uploads/*/bannerfonteviva.gif"
    },
    "priority": 1
  },
  {
    "id": 162,
    "action": {
      "type": "block"
    },
    "condition": {
      "urlFilter": "||baboo.com.br/mkt/"
    },
    "priority": 1
  },
  {
    "id": 163,
    "action": {
      "type": "block"
    },
    "condition": {
      "urlFilter": "||clicrdc.com.br/*/modal-window",
      "resourceTypes": [
        "script"
      ]
    },
    "priority": 101
  },
  {
    "id": 164,
    "action": {
      "type": "block"
    },
    "condition": {
      "urlFilter": "||conjugacao-de-verbos.com/img/mosalingua/"
    },
    "priority": 1
  },
  {
    "id": 165,
    "action": {
      "type": "block"
    },
    "condition": {
      "urlFilter": "||conjur.com.br/parceiros/iframe"
    },
    "priority": 1
  },
  {
    "id": 166,
    "action": {
      "type": "block"
    },
    "condition": {
      "urlFilter": "||criativaonline.com.br/wp-content/uploads/pum/pum-site-scripts.js^"
    },
    "priority": 1
  },
  {
    "id": 167,
    "action": {
      "type": "block"
    },
    "condition": {
      "urlFilter": "||dnoticias.pt/www-assets.dnoticias.pt/frontoffice/pub/",
      "resourceTypes": [
        "image"
      ]
    },
    "priority": 101
  },
  {
    "id": 168,
    "action": {
      "type": "block"
    },
    "condition": {
      "urlFilter": "||ecoregional.com.br/wp-content/plugins/icegram/"
    },
    "priority": 1
  },
  {
    "id": 169,
    "action": {
      "type": "block"
    },
    "condition": {
      "urlFilter": "||ecoregional.com.br/wp-content/uploads/*/bannersiteeco-sicredi-novo.jpg"
    },
    "priority": 1
  },
  {
    "id": 170,
    "action": {
      "type": "block"
    },
    "condition": {
      "urlFilter": "||ecoregional.com.br/wp-content/uploads/*/jardim-pq-*.jpg"
    },
    "priority": 1
  },
  {
    "id": 171,
    "action": {
      "type": "block"
    },
    "condition": {
      "urlFilter": "||expressomt.com.br/public/banners"
    },
    "priority": 1
  },
  {
    "id": 172,
    "action": {
      "type": "block"
    },
    "condition": {
      "urlFilter": "||filmesonlinehdgratis.com.br/_imagens/1xbet-link.gif"
    },
    "priority": 1
  },
  {
    "id": 173,
    "action": {
      "type": "block"
    },
    "condition": {
      "urlFilter": "||flashscore.*/res/data/",
      "resourceTypes": [
        "image"
      ]
    },
    "priority": 101
  },
  {
    "id": 174,
    "action": {
      "type": "block"
    },
    "condition": {
      "urlFilter": "||folhademaputo.co.mz/banners/"
    },
    "priority": 1
  },
  {
    "id": 175,
    "action": {
      "type": "block"
    },
    "condition": {
      "urlFilter": "||fstatic.com/static/telecineplay/",
      "initiatorDomains": [
        "filmow.com"
      ],
      "resourceTypes": [
        "image"
      ]
    },
    "priority": 301
  },
  {
    "id": 176,
    "action": {
      "type": "block"
    },
    "condition": {
      "urlFilter": "||globalnoticias.com.br/arquivos/banners/",
      "resourceTypes": [
        "image"
      ]
    },
    "priority": 101
  },
  {
    "id": 177,
    "action": {
      "type": "block"
    },
    "condition": {
      "urlFilter": "||hojemais.com.br/images/banners/"
    },
    "priority": 1
  },
  {
    "id": 178,
    "action": {
      "type": "block"
    },
    "condition": {
      "urlFilter": "||i1.wp.com/www.cenariomt.com.br/wp-content/uploads/*/provincia-at.png"
    },
    "priority": 1
  },
  {
    "id": 179,
    "action": {
      "type": "block"
    },
    "condition": {
      "urlFilter": "||iol.pt/iolnegocios/iol-frame/"
    },
    "priority": 1
  },
  {
    "id": 180,
    "action": {
      "type": "block"
    },
    "condition": {
      "urlFilter": "||jornaldeangola.ao/fotos/frontend_1/banner^"
    },
    "priority": 1
  },
  {
    "id": 181,
    "action": {
      "type": "block"
    },
    "condition": {
      "urlFilter": "||jornalnopintcha.gw/wp-content/uploads/*/fagoral.png^"
    },
    "priority": 1
  },
  {
    "id": 182,
    "action": {
      "type": "block"
    },
    "condition": {
      "urlFilter": "||jornalnopintcha.gw/wp-content/uploads/*/orange-money-jornal-o-democrata-*.jpg^"
    },
    "priority": 1
  },
  {
    "id": 183,
    "action": {
      "type": "block"
    },
    "condition": {
      "urlFilter": "||jornalnoticias.co.mz/images/dstv*.gif^"
    },
    "priority": 1
  },
  {
    "id": 184,
    "action": {
      "type": "block"
    },
    "condition": {
      "urlFilter": "||jornaltransparencia.st/banner_top."
    },
    "priority": 1
  },
  {
    "id": 185,
    "action": {
      "type": "block"
    },
    "condition": {
      "urlFilter": "||jornaltropical.st/lenft.jpg^"
    },
    "priority": 1
  },
  {
    "id": 186,
    "action": {
      "type": "block"
    },
    "condition": {
      "urlFilter": "||jornaltropical.st/rosema_*.gif^"
    },
    "priority": 1
  },
  {
    "id": 187,
    "action": {
      "type": "block"
    },
    "condition": {
      "urlFilter": "||metropoles.com/cupom/rtg/iframe/pill^",
      "resourceTypes": [
        "sub_frame"
      ]
    },
    "priority": 101
  },
  {
    "id": 188,
    "action": {
      "type": "block"
    },
    "condition": {
      "urlFilter": "||migalhas.com.br/imgsrc/www.migalhas.com.br*s=publicidade"
    },
    "priority": 1
  },
  {
    "id": 189,
    "action": {
      "type": "block"
    },
    "condition": {
      "urlFilter": "||minhaconexao.com.br/_mini/static/images/mp-banner-300x250.gif"
    },
    "priority": 1
  },
  {
    "id": 190,
    "action": {
      "type": "block"
    },
    "condition": {
      "urlFilter": "||minhaconexao.com.br/alternative/",
      "resourceTypes": [
        "sub_frame"
      ]
    },
    "priority": 101
  },
  {
    "id": 191,
    "action": {
      "type": "block"
    },
    "condition": {
      "urlFilter": "||mmorpgbr.com.br/wp-content/uploads/2021/05/banner-skin_",
      "resourceTypes": [
        "image"
      ]
    },
    "priority": 101
  },
  {
    "id": 192,
    "action": {
      "type": "block"
    },
    "condition": {
      "urlFilter": "||net-empregos.com/images/banners/"
    },
    "priority": 1
  },
  {
    "id": 193,
    "action": {
      "type": "block"
    },
    "condition": {
      "urlFilter": "||nossanoite.com.br/assets/img/bannerpublic/"
    },
    "priority": 1
  },
  {
    "id": 194,
    "action": {
      "type": "block"
    },
    "condition": {
      "urlFilter": "||nossanoite.com.br/assets/img/bannertopo/"
    },
    "priority": 1
  },
  {
    "id": 195,
    "action": {
      "type": "block"
    },
    "condition": {
      "urlFilter": "||novojornal.co.ao/common/pub/banner^"
    },
    "priority": 1
  },
  {
    "id": 196,
    "action": {
      "type": "block"
    },
    "condition": {
      "urlFilter": "||observatoriodatv.uol.com.br/assets/banners/",
      "domainType": "thirdParty",
      "resourceTypes": [
        "sub_frame"
      ]
    },
    "priority": 102
  },
  {
    "id": 197,
    "action": {
      "type": "block"
    },
    "condition": {
      "urlFilter": "||odemocratagb.com/wp-content/uploads/*-banner-",
      "resourceTypes": [
        "image"
      ]
    },
    "priority": 101
  },
  {
    "id": 198,
    "action": {
      "type": "block"
    },
    "condition": {
      "urlFilter": "||odemocratagb.com/wp-content/uploads/*/30b09956-c93c-4043-b09b-e13a87b07e80.jpeg^"
    },
    "priority": 1
  },
  {
    "id": 199,
    "action": {
      "type": "block"
    },
    "condition": {
      "urlFilter": "||odemocratagb.com/wp-content/uploads/*/mtn.jpg^"
    },
    "priority": 1
  },
  {
    "id": 200,
    "action": {
      "type": "block"
    },
    "condition": {
      "urlFilter": "||olhardireto.com.br/imgsite/banners/"
    },
    "priority": 1
  },
  {
    "id": 201,
    "action": {
      "type": "block"
    },
    "condition": {
      "urlFilter": "||olhardireto.com.br/imgsite/popups/"
    },
    "priority": 1
  },
  {
    "id": 202,
    "action": {
      "type": "block"
    },
    "condition": {
      "urlFilter": "||opais.co.ao/wp-content/banners^"
    },
    "priority": 1
  },
  {
    "id": 203,
    "action": {
      "type": "block"
    },
    "condition": {
      "urlFilter": "||opais.co.ao/wp-content/uploads/*-600x850."
    },
    "priority": 1
  },
  {
    "id": 204,
    "action": {
      "type": "block"
    },
    "condition": {
      "urlFilter": "||opais.co.ao/wp-content/uploads/*325x280px."
    },
    "priority": 1
  },
  {
    "id": 205,
    "action": {
      "type": "block"
    },
    "condition": {
      "urlFilter": "||opais.co.ao/wp-content/uploads/*_1251x210."
    },
    "priority": 1
  },
  {
    "id": 206,
    "action": {
      "type": "block"
    },
    "condition": {
      "urlFilter": "||otempo.com.br/image/contentid/*/banner-hotel.jpeg"
    },
    "priority": 1
  },
  {
    "id": 207,
    "action": {
      "type": "block"
    },
    "condition": {
      "urlFilter": "||otpokemon.com/local/banner/"
    },
    "priority": 1
  },
  {
    "id": 208,
    "action": {
      "type": "block"
    },
    "condition": {
      "urlFilter": "||paranaportal.uol.com.br/wp-content/*/tenuta",
      "resourceTypes": [
        "image"
      ]
    },
    "priority": 101
  },
  {
    "id": 209,
    "action": {
      "type": "block"
    },
    "condition": {
      "urlFilter": "||pplware.sapo.pt/parceiros/",
      "resourceTypes": [
        "image"
      ]
    },
    "priority": 101
  },
  {
    "id": 210,
    "action": {
      "type": "block"
    },
    "condition": {
      "urlFilter": "||record.pt/i/pub/"
    },
    "priority": 1
  },
  {
    "id": 211,
    "action": {
      "type": "block"
    },
    "condition": {
      "urlFilter": "||reportermt.nyc3.digitaloceanspaces.com/*/original",
      "resourceTypes": [
        "image"
      ]
    },
    "priority": 101
  },
  {
    "id": 212,
    "action": {
      "type": "block"
    },
    "condition": {
      "urlFilter": "||reportermt.nyc3.digitaloceanspaces.com/storage/webdisco/*/outros/",
      "resourceTypes": [
        "image"
      ]
    },
    "priority": 101
  },
  {
    "id": 213,
    "action": {
      "type": "block"
    },
    "condition": {
      "urlFilter": "||rostos.pt/imagens/pub/"
    },
    "priority": 1
  },
  {
    "id": 214,
    "action": {
      "type": "block"
    },
    "condition": {
      "urlFilter": "||santiagomagazine.cv/content/img/banner_"
    },
    "priority": 1
  },
  {
    "id": 215,
    "action": {
      "type": "block"
    },
    "condition": {
      "urlFilter": "||shrtfly.com/referral/",
      "resourceTypes": [
        "image"
      ]
    },
    "priority": 101
  },
  {
    "id": 216,
    "action": {
      "type": "block"
    },
    "condition": {
      "urlFilter": "||static.expressodasilhas.cv/media/pub^"
    },
    "priority": 1
  },
  {
    "id": 217,
    "action": {
      "type": "block"
    },
    "condition": {
      "urlFilter": "||tenhomaisdiscosqueamigos.com/wp-content/uploads/*-bg.jpg"
    },
    "priority": 1
  },
  {
    "id": 218,
    "action": {
      "type": "block"
    },
    "condition": {
      "urlFilter": "||terraempresas.com.br/backup/promo/"
    },
    "priority": 1
  },
  {
    "id": 219,
    "action": {
      "type": "block"
    },
    "condition": {
      "urlFilter": "||vivaolinux.com.br/imagens/banners/",
      "resourceTypes": [
        "image"
      ]
    },
    "priority": 101
  },
  {
    "id": 220,
    "action": {
      "type": "block"
    },
    "condition": {
      "urlFilter": "||wikimetal.com.br/wp-content/uploads/*/left_right-side.png"
    },
    "priority": 1
  },
  {
    "id": 221,
    "action": {
      "type": "block"
    },
    "condition": {
      "urlFilter": "||wixstatic.com/media/*/jiu%20jitsu.webp^",
      "initiatorDomains": [
        "ouroverdefm.com.br"
      ]
    },
    "priority": 201
  },
  {
    "id": 222,
    "action": {
      "type": "block"
    },
    "condition": {
      "urlFilter": "||wook.pt/accounts/default1/banners/",
      "initiatorDomains": [
        "obichinhodosaber.com"
      ]
    },
    "priority": 201
  },
  {
    "id": 223,
    "action": {
      "type": "block"
    },
    "condition": {
      "urlFilter": "||xat.com/content/web/*/apps/ad/ad.html^"
    },
    "priority": 1
  },
  {
    "id": 224,
    "action": {
      "type": "block"
    },
    "condition": {
      "urlFilter": "||xl.pt/i/pub.gif"
    },
    "priority": 1
  },
  {
    "id": 225,
    "action": {
      "type": "block"
    },
    "condition": {
      "urlFilter": "||buceta.blog/pop.js"
    },
    "priority": 1
  },
  {
    "id": 226,
    "action": {
      "type": "block"
    },
    "condition": {
      "urlFilter": "||buceteiro.com/wp-content/plugins/popup?"
    },
    "priority": 1
  },
  {
    "id": 227,
    "action": {
      "type": "block"
    },
    "condition": {
      "urlFilter": "||classificadosxbr.com/images/banners/"
    },
    "priority": 1
  },
  {
    "id": 228,
    "action": {
      "type": "block"
    },
    "condition": {
      "urlFilter": "||cnnamador.com/pop/"
    },
    "priority": 1
  },
  {
    "id": 229,
    "action": {
      "type": "block"
    },
    "condition": {
      "urlFilter": "||contosadultos.club/pop.js"
    },
    "priority": 1
  },
  {
    "id": 230,
    "action": {
      "type": "block"
    },
    "condition": {
      "urlFilter": "||eliteacompanhantes.com.br/capitalsexy/"
    },
    "priority": 1
  },
  {
    "id": 231,
    "action": {
      "type": "block"
    },
    "condition": {
      "urlFilter": "||eliteacompanhantes.com.br/pabr_"
    },
    "priority": 1
  },
  {
    "id": 232,
    "action": {
      "type": "block"
    },
    "condition": {
      "urlFilter": "||gparena.net/uploads/banners/"
    },
    "priority": 1
  },
  {
    "id": 233,
    "action": {
      "type": "block"
    },
    "condition": {
      "urlFilter": "||hentaifoda.com/pub/"
    },
    "priority": 1
  },
  {
    "id": 234,
    "action": {
      "type": "block"
    },
    "condition": {
      "urlFilter": "||hentaihome.net/hentaihomepop.js"
    },
    "priority": 1
  },
  {
    "id": 235,
    "action": {
      "type": "block"
    },
    "condition": {
      "urlFilter": "||hentaistube.com/cdn/videojs-preroll.js"
    },
    "priority": 1
  },
  {
    "id": 236,
    "action": {
      "type": "block"
    },
    "condition": {
      "urlFilter": "||hentaitokyo.net/banner/"
    },
    "priority": 1
  },
  {
    "id": 237,
    "action": {
      "type": "block"
    },
    "condition": {
      "urlFilter": "||hentaitokyo.net/hentaitokyomobilepop.js"
    },
    "priority": 1
  },
  {
    "id": 238,
    "action": {
      "type": "block"
    },
    "condition": {
      "urlFilter": "||hentaiyaoi.net/pop6/"
    },
    "priority": 1
  },
  {
    "id": 239,
    "action": {
      "type": "block"
    },
    "condition": {
      "urlFilter": "||horahentai.net/open.js"
    },
    "priority": 1
  },
  {
    "id": 240,
    "action": {
      "type": "block"
    },
    "condition": {
      "urlFilter": "||hqdesexo.com/anuncio?"
    },
    "priority": 1
  },
  {
    "id": 241,
    "action": {
      "type": "block"
    },
    "condition": {
      "urlFilter": "||hqerotico.com/url-open.js"
    },
    "priority": 1
  },
  {
    "id": 242,
    "action": {
      "type": "block"
    },
    "condition": {
      "urlFilter": "||hqporno.net^*/hqpornopop2.js"
    },
    "priority": 1
  },
  {
    "id": 243,
    "action": {
      "type": "block"
    },
    "condition": {
      "urlFilter": "||mulheresafoder.com/wp-content/themes/maf_child/partners/"
    },
    "priority": 1
  },
  {
    "id": 244,
    "action": {
      "type": "block"
    },
    "condition": {
      "urlFilter": "||mundohentaioficial.com/banner/"
    },
    "priority": 1
  },
  {
    "id": 245,
    "action": {
      "type": "block"
    },
    "condition": {
      "urlFilter": "||mundohentaioficial.com/opopen.js"
    },
    "priority": 1
  },
  {
    "id": 246,
    "action": {
      "type": "block"
    },
    "condition": {
      "urlFilter": "||nhentaibr.com/popfh/"
    },
    "priority": 1
  },
  {
    "id": 247,
    "action": {
      "type": "block"
    },
    "condition": {
      "urlFilter": "||plx.boafoda.com^"
    },
    "priority": 1
  },
  {
    "id": 248,
    "action": {
      "type": "block"
    },
    "condition": {
      "urlFilter": "||plx.mrvideosdesexo.xxx^"
    },
    "priority": 1
  },
  {
    "id": 249,
    "action": {
      "type": "block"
    },
    "condition": {
      "urlFilter": "||pontogay.com/frontend/theme/assets/js/publi/openq-xxxyaoi.js"
    },
    "priority": 1
  },
  {
    "id": 250,
    "action": {
      "type": "block"
    },
    "condition": {
      "urlFilter": "||porno18.blog.br/back.js"
    },
    "priority": 1
  },
  {
    "id": 251,
    "action": {
      "type": "block"
    },
    "condition": {
      "urlFilter": "||pornobrasileiro.com.br/gocat.js"
    },
    "priority": 1
  },
  {
    "id": 252,
    "action": {
      "type": "block"
    },
    "condition": {
      "urlFilter": "||pornohd.blog.br/300x"
    },
    "priority": 1
  },
  {
    "id": 253,
    "action": {
      "type": "block"
    },
    "condition": {
      "urlFilter": "||pornopremium.com.br/downloads/js/popads.js"
    },
    "priority": 1
  },
  {
    "id": 254,
    "action": {
      "type": "block"
    },
    "condition": {
      "urlFilter": "||sexprime.xxx/pub/"
    },
    "priority": 1
  },
  {
    "id": 255,
    "action": {
      "type": "block"
    },
    "condition": {
      "urlFilter": "||socaseiras.com.br/banners.php?"
    },
    "priority": 1
  },
  {
    "id": 256,
    "action": {
      "type": "block"
    },
    "condition": {
      "urlFilter": "||superhq.net/pop/"
    },
    "priority": 1
  },
  {
    "id": 257,
    "action": {
      "type": "block"
    },
    "condition": {
      "urlFilter": "||travestisvip.com.br/bnr/"
    },
    "priority": 1
  },
  {
    "id": 258,
    "action": {
      "type": "block"
    },
    "condition": {
      "urlFilter": "||xtubehentai.com/fh/"
    },
    "priority": 1
  },
  {
    "id": 259,
    "action": {
      "type": "block"
    },
    "condition": {
      "urlFilter": "||xvideos.blog.br/wp-json/webhook/vast-xml?"
    },
    "priority": 1
  },
  {
    "id": 260,
    "action": {
      "type": "block"
    },
    "condition": {
      "urlFilter": "||xvideos5.com.br/preroll/"
    },
    "priority": 1
  },
  {
    "id": 261,
    "action": {
      "type": "block"
    },
    "condition": {
      "urlFilter": "||xvideosbr.blog/pop.js"
    },
    "priority": 1
  },
  {
    "id": 262,
    "action": {
      "type": "block"
    },
    "condition": {
      "urlFilter": "||xvideosnovinhas.com/wp-content/plugins/ane-preroll-xvideosnovinhas/preroll.js"
    },
    "priority": 1
  },
  {
    "id": 263,
    "action": {
      "type": "block"
    },
    "condition": {
      "urlFilter": "||xvideospornor.com/300x"
    },
    "priority": 1
  },
  {
    "id": 264,
    "action": {
      "type": "block"
    },
    "condition": {
      "domainType": "thirdParty",
      "initiatorDomains": [
        "curto.win"
      ],
      "resourceTypes": [
        "sub_frame"
      ]
    },
    "priority": 302
  },
  {
    "id": 265,
    "action": {
      "type": "block"
    },
    "condition": {
      "urlFilter": "/url-open.js",
      "initiatorDomains": [
        "hentaiputa.com",
        "terceiroz.com"
      ]
    },
    "priority": 151
  },
  {
    "id": 266,
    "action": {
      "type": "block"
    },
    "condition": {
      "urlFilter": "||bserver.gp-guia.net^",
      "resourceTypes": [
        "sub_frame"
      ]
    },
    "priority": 101
  },
  {
    "id": 267,
    "action": {
      "type": "block"
    },
    "condition": {
      "urlFilter": "||contoerotico.com/adscod/"
    },
    "priority": 1
  },
  {
    "id": 268,
    "action": {
      "type": "block"
    },
    "condition": {
      "urlFilter": "||gp-pt.net/forum/banners/",
      "resourceTypes": [
        "image"
      ]
    },
    "priority": 101
  },
  {
    "id": 269,
    "action": {
      "type": "block"
    },
    "condition": {
      "urlFilter": "||hqporno.net/wp-content/cache/min/1/pw/",
      "resourceTypes": [
        "script"
      ]
    },
    "priority": 101
  },
  {
    "id": 270,
    "action": {
      "type": "block"
    },
    "condition": {
      "urlFilter": "||pornhits.com/magic^",
      "resourceTypes": [
        "script"
      ]
    },
    "priority": 101
  },
  {
    "id": 271,
    "action": {
      "type": "block"
    },
    "condition": {
      "urlFilter": "||pornobrasileiro.tv/*/filmes-porno_banner"
    },
    "priority": 1
  },
  {
    "id": 272,
    "action": {
      "type": "block"
    },
    "condition": {
      "urlFilter": "||pornolandia.xxx/static/ref/"
    },
    "priority": 1
  },
  {
    "id": 273,
    "action": {
      "type": "block"
    },
    "condition": {
      "urlFilter": "||sexoquente.blog/lucky-cloud-66dc/"
    },
    "priority": 1
  },
  {
    "id": 274,
    "action": {
      "type": "block"
    },
    "condition": {
      "urlFilter": "||statics.letfap.com/assets/love/index.php"
    },
    "priority": 1
  },
  {
    "id": 275,
    "action": {
      "type": "block"
    },
    "condition": {
      "urlFilter": "||vainovinha.net/js/colmeia"
    },
    "priority": 1
  },
  {
    "id": 276,
    "action": {
      "type": "allow"
    },
    "condition": {
      "urlFilter": "||amazon-adsystem.com/aax2/apstag.js",
      "initiatorDomains": [
        "abola.pt",
        "terra.com.br"
      ],
      "resourceTypes": [
        "script"
      ]
    },
    "priority": 100251
  },
  {
    "id": 277,
    "action": {
      "type": "allow"
    },
    "condition": {
      "urlFilter": "||custojusto.pt/user/myads/",
      "domainType": "firstParty"
    },
    "priority": 100002
  },
  {
    "id": 278,
    "action": {
      "type": "allow"
    },
    "condition": {
      "urlFilter": "||fatimalife.com.br/api/v1/ad/",
      "domainType": "firstParty"
    },
    "priority": 100002
  },
  {
    "id": 279,
    "action": {
      "type": "allow"
    },
    "condition": {
      "urlFilter": "||g.doubleclick.net/gampad/ads?",
      "initiatorDomains": [
        "drogasil.com.br"
      ],
      "resourceTypes": [
        "xmlhttprequest"
      ]
    },
    "priority": 100301
  },
  {
    "id": 280,
    "action": {
      "type": "allow"
    },
    "condition": {
      "urlFilter": "||g.doubleclick.net/gampad/adx?",
      "initiatorDomains": [
        "magazineluiza.com.br"
      ],
      "resourceTypes": [
        "xmlhttprequest"
      ]
    },
    "priority": 100301
  },
  {
    "id": 281,
    "action": {
      "type": "allow"
    },
    "condition": {
      "urlFilter": "||g.doubleclick.net/pagead/managed/js/gpt/*/pubads_impl.js?",
      "initiatorDomains": [
        "drogasil.com.br",
        "jn.pt"
      ],
      "resourceTypes": [
        "script"
      ]
    },
    "priority": 100251
  },
  {
    "id": 282,
    "action": {
      "type": "allow"
    },
    "condition": {
      "urlFilter": "||g.doubleclick.net/tag/js/gpt.js",
      "initiatorDomains": [
        "drogasil.com.br",
        "jn.pt"
      ],
      "resourceTypes": [
        "script"
      ]
    },
    "priority": 100251
  },
  {
    "id": 283,
    "action": {
      "type": "allow"
    },
    "condition": {
      "urlFilter": "||google.com/adsense/search/async-ads.js",
      "initiatorDomains": [
        "geniol.com.br"
      ]
    },
    "priority": 100201
  },
  {
    "id": 284,
    "action": {
      "type": "allow"
    },
    "condition": {
      "urlFilter": "||googleads.github.io/videojs-ima/node_modules/video.js/dist/video-js.min.css",
      "initiatorDomains": [
        "cultura.uol.com.br"
      ]
    },
    "priority": 100201
  },
  {
    "id": 285,
    "action": {
      "type": "allow"
    },
    "condition": {
      "urlFilter": "||googleads.github.io/videojs-ima/node_modules/video.js/dist/video.min.js",
      "initiatorDomains": [
        "cultura.uol.com.br"
      ]
    },
    "priority": 100201
  },
  {
    "id": 286,
    "action": {
      "type": "allow"
    },
    "condition": {
      "urlFilter": "||imasdk.googleapis.com/js/sdkloader/ima3.js",
      "initiatorDomains": [
        "cnnbrasil.com.br",
        "jogos360.com.br",
        "r7.com",
        "rfm.pt",
        "rr.pt",
        "terra.com.br",
        "timnews.com.br",
        "tupi.fm"
      ]
    },
    "priority": 100114
  },
  {
    "id": 287,
    "action": {
      "type": "allow"
    },
    "condition": {
      "urlFilter": "||imasdk.googleapis.com/js/sdkloader/ima3_debug.js",
      "initiatorDomains": [
        "mais.sbt.com.br"
      ]
    },
    "priority": 100201
  },
  {
    "id": 288,
    "action": {
      "type": "allow"
    },
    "condition": {
      "urlFilter": "||img.vagalume.fm/ads/hotspot/",
      "domainType": "firstParty",
      "resourceTypes": [
        "image"
      ]
    },
    "priority": 100102
  },
  {
    "id": 289,
    "action": {
      "type": "allow"
    },
    "condition": {
      "urlFilter": "||live.primis.tech/live/",
      "initiatorDomains": [
        "antenadosnofutebol.com.br",
        "bolavip.com",
        "somosfanaticos.fans"
      ],
      "resourceTypes": [
        "script"
      ]
    },
    "priority": 100235
  },
  {
    "id": 290,
    "action": {
      "type": "allow"
    },
    "condition": {
      "urlFilter": "||lms.ev.org.br/mpls/webads/",
      "domainType": "firstParty"
    },
    "priority": 100002
  },
  {
    "id": 291,
    "action": {
      "type": "allow"
    },
    "condition": {
      "urlFilter": "||pagead2.googlesyndication.com/pagead/js/adsbygoogle.js?",
      "initiatorDomains": [
        "jn.pt"
      ],
      "resourceTypes": [
        "script"
      ]
    },
    "priority": 100301
  },
  {
    "id": 292,
    "action": {
      "type": "allow"
    },
    "condition": {
      "urlFilter": "||pubads.g.doubleclick.net/gampad/",
      "initiatorDomains": [
        "rainha.com.br",
        "topper.com.br"
      ],
      "resourceTypes": [
        "image"
      ]
    },
    "priority": 100251
  },
  {
    "id": 293,
    "action": {
      "type": "allow"
    },
    "condition": {
      "urlFilter": "||tm.jsuol.com.br/modules/external/admanager/clickjogos_ads.js",
      "initiatorDomains": [
        "clickjogos.com.br"
      ],
      "resourceTypes": [
        "script"
      ]
    },
    "priority": 100301
  },
  {
    "id": 294,
    "action": {
      "type": "allow"
    },
    "condition": {
      "urlFilter": "||tm.jsuol.com.br/modules/external/admanager/noticias_ads.js",
      "initiatorDomains": [
        "noticias.uol.com.br"
      ],
      "resourceTypes": [
        "script"
      ]
    },
    "priority": 100301
  },
  {
    "id": 295,
    "action": {
      "type": "allow"
    },
    "condition": {
      "urlFilter": "||tpc.googlesyndication.com/simgad/",
      "initiatorDomains": [
        "drogasil.com.br",
        "rainha.com.br",
        "topper.com.br"
      ],
      "resourceTypes": [
        "image"
      ]
    },
    "priority": 100235
  },
  {
    "id": 296,
    "action": {
      "type": "allow"
    },
    "condition": {
      "urlFilter": "||g.doubleclick.net/gampad/ads",
      "initiatorDomains": [
        "magazineluiza.com.br"
      ],
      "resourceTypes": [
        "xmlhttprequest"
      ]
    },
    "priority": 100301
  },
  {
    "id": 297,
    "action": {
      "type": "allow"
    },
    "condition": {
      "urlFilter": "||g.doubleclick.net/gpt/pubads_impl_",
      "initiatorDomains": [
        "magazineluiza.com.br"
      ],
      "resourceTypes": [
        "script",
        "xmlhttprequest"
      ]
    },
    "priority": 100276
  },
  {
    "id": 298,
    "action": {
      "type": "allow"
    },
    "condition": {
      "urlFilter": "||g.doubleclick.net/tag/js/gpt.js",
      "initiatorDomains": [
        "magazineluiza.com.br"
      ],
      "resourceTypes": [
        "script",
        "xmlhttprequest"
      ]
    },
    "priority": 100276
  },
  {
    "id": 299,
    "action": {
      "type": "allowAllRequests"
    },
    "condition": {
      "urlFilter": "||tpc.googlesyndication.com^",
      "initiatorDomains": [
        "magazineluiza.com.br"
      ],
      "resourceTypes": [
        "main_frame",
        "sub_frame"
      ]
    },
    "priority": 140276
  },
  {
    "id": 300,
    "action": {
      "type": "block"
    },
    "condition": {
      "regexFilter": "^https?:\\/\\/[0-9a-z]{8,}\\.com\\/.*",
      "domainType": "thirdParty",
      "initiatorDomains": [
        "allappinc.store",
        "animescx.com.br",
        "animexnovel.com",
        "anitube.biz",
        "bakashi.tv",
        "betteranime.net",
        "doramogo.com",
        "dramafansubs.net",
        "dramaken.com",
        "embedflix.online",
        "embedmax.site",
        "encurtandourl.com",
        "file4go.net",
        "filmeflix.app",
        "filmehdonline.site",
        "futebolplayhd.ws",
        "gemadoff.com.br",
        "hinatasoul.com",
        "megafilmeshd50.com",
        "multicanais.re",
        "netcine.to",
        "pifansubs.org",
        "pobreflix1.com",
        "suatela.net",
        "thepiratefilmeshd.in",
        "torrentdosfilmeshd4.net",
        "tugaflix.best",
        "tyflex.net"
      ],
      "resourceTypes": [
        "xmlhttprequest"
      ]
    },
    "priority": 206
  },
  {
    "id": 301,
    "action": {
      "type": "block"
    },
    "condition": {
      "regexFilter": "^https?:\\/\\/[0-9a-z]{8,}\\.xyz\\/.*",
      "domainType": "thirdParty",
      "initiatorDomains": [
        "animesonline.in",
        "animesup.cx",
        "anitube.vip",
        "appmj.xyz",
        "caroloportunidades.com.br",
        "comandotorrents.to",
        "dattebayo-br.com",
        "digitaltorrentdownload.com.br",
        "fenixproject.xyz",
        "goanimes.vip",
        "gofilmes.me",
        "gustavortech.com",
        "topflix.sh",
        "torrentdosfilmes.to",
        "turquiaflix.com",
        "warezcdn.com"
      ],
      "resourceTypes": [
        "xmlhttprequest"
      ]
    },
    "priority": 209
  }
]